Course,VCO Seqn,Scheme,Collaborative Indicator,VCO Start Year,VCO End Year,Online Module Choice?,Programme,Route,Award,Title,CBO Block,CBO Year,CBO Occ,Block Type,Current Online Diet,Online Diet Errors,Projected 2023/24 Diet,2023/24 Diet Translation,2023/24 Diet Errors,Diet User Help,Diet Element Seqn,Trimester,Selection Status,Level,FMC Code,Mod Code,MAV Name,Credits,Assessment Pattern,Diet Element User Help
FDCEERXF,1,Taught,Validated Course,,,,FS1FSC16,FDCOMP,FdSc,Computing (East Riding College),1,2023/24,ST1A,Enrolment Block,,No Online diet for this VCO/CBO,,,No 2023* diet for this VCO/CBO,,,,,,,,,,No matching MAP,
FDCEERXF,1,Taught,Validated Course,,,,FS1FSC16,FDCOMP,FdSc,Computing (East Riding College),2,2023/24,ST1A,Enrolment Block,,No Online diet for this VCO/CBO,,,No 2023* diet for this VCO/CBO,,,,,,,,,,No matching MAP,
FDCEERXP,1,Taught,Validated Course,2022,,,FS1FSC18,FDCOMP,FdSc,Computing (East Riding College),1,2023/24,ST1A,Enrolment Block,,No Online diet for this VCO/CBO,,,No 2023* diet for this VCO/CBO,,,,,,,,,,No matching MAP,
FDCEERXP,1,Taught,Validated Course,2022,,,FS1FSC18,FDCOMP,FdSc,Computing (East Riding College),2,2023/24,ST1A,Enrolment Block,,No Online diet for this VCO/CBO,,,No 2023* diet for this VCO/CBO,,,,,,,,,,No matching MAP,
FDCEERXP,1,Taught,Validated Course,2022,,,FS1FSC18,FDCOMP,FdSc,Computing (East Riding College),3,2023/24,ST1A,Enrolment Block,,No Online diet for this VCO/CBO,,,No 2023* diet for this VCO/CBO,,,,,,,,,,No matching MAP,
FDCEERXP,1,Taught,Validated Course,2022,,,FS1FSC18,FDCOMP,FdSc,Computing (East Riding College),4,2023/24,ST1A,Enrolment Block,,No Online diet for this VCO/CBO,,,No 2023* diet for this VCO/CBO,,,,,,,,,,No matching MAP,
PMADCSXF,1,Taught,,,,,PG1MSC16,PMADCS,MSc,Advanced Computer Science,11,2023/24,XT1A,Enrolment Block,2024-PMADCSXF-1-11-XT1A,,2023-PMADCSXF-1-11-XT1A,"Year=0 - Selections: 441190 in T12, 700109 in T2, 700100 in T2, 700111 in T2, 700099 in T3A Student Module Electives  (([, 700120, 700106 in T1 AND, 20.00 available credits from 700110, 700112, 701026, 700103 in T1  Subject to an overall minimum of 60 available credits and an overall maximum of 60 available credits ]) OR ([, 60.00 available credits from 700110, 700112, 701026, 700103 in T1",,,1,T1,Optional,7,MSCACSOPTS1,700106,Real Time Graphics,20,700106T11818,
PMADCSXF,1,Taught,,,,,PG1MSC16,PMADCS,MSc,Advanced Computer Science,11,2023/24,XT1A,Enrolment Block,2024-PMADCSXF-1-11-XT1A,,2023-PMADCSXF-1-11-XT1A,"Year=0 - Selections: 441190 in T12, 700109 in T2, 700100 in T2, 700111 in T2, 700099 in T3A Student Module Electives  (([, 700120, 700106 in T1 AND, 20.00 available credits from 700110, 700112, 701026, 700103 in T1  Subject to an overall minimum of 60 available credits and an overall maximum of 60 available credits ]) OR ([, 60.00 available credits from 700110, 700112, 701026, 700103 in T1",,,1,T1,Optional,7,MSCACSOPTS1,700120,C++ Programming and Design,20,700120T12323,
PMADCSXF,1,Taught,,,,,PG1MSC16,PMADCS,MSc,Advanced Computer Science,11,2023/24,XT1A,Enrolment Block,2024-PMADCSXF-1-11-XT1A,,2023-PMADCSXF-1-11-XT1A,"Year=0 - Selections: 441190 in T12, 700109 in T2, 700100 in T2, 700111 in T2, 700099 in T3A Student Module Electives  (([, 700120, 700106 in T1 AND, 20.00 available credits from 700110, 700112, 701026, 700103 in T1  Subject to an overall minimum of 60 available credits and an overall maximum of 60 available credits ]) OR ([, 60.00 available credits from 700110, 700112, 701026, 700103 in T1",,,11,T1,Optional,7,MSCACSOPTS2,700103,Object Oriented Design and Development Using C#,20,700103T11818,
PMADCSXF,1,Taught,,,,,PG1MSC16,PMADCS,MSc,Advanced Computer Science,11,2023/24,XT1A,Enrolment Block,2024-PMADCSXF-1-11-XT1A,,2023-PMADCSXF-1-11-XT1A,"Year=0 - Selections: 441190 in T12, 700109 in T2, 700100 in T2, 700111 in T2, 700099 in T3A Student Module Electives  (([, 700120, 700106 in T1 AND, 20.00 available credits from 700110, 700112, 701026, 700103 in T1  Subject to an overall minimum of 60 available credits and an overall maximum of 60 available credits ]) OR ([, 60.00 available credits from 700110, 700112, 701026, 700103 in T1",,,11,T1,Optional,7,MSCACSOPTS2,700110,Simulation and Artificial Intelligence,20,700110T12222,
PMADCSXF,1,Taught,,,,,PG1MSC16,PMADCS,MSc,Advanced Computer Science,11,2023/24,XT1A,Enrolment Block,2024-PMADCSXF-1-11-XT1A,,2023-PMADCSXF-1-11-XT1A,"Year=0 - Selections: 441190 in T12, 700109 in T2, 700100 in T2, 700111 in T2, 700099 in T3A Student Module Electives  (([, 700120, 700106 in T1 AND, 20.00 available credits from 700110, 700112, 701026, 700103 in T1  Subject to an overall minimum of 60 available credits and an overall maximum of 60 available credits ]) OR ([, 60.00 available credits from 700110, 700112, 701026, 700103 in T1",,,11,T1,Optional,7,MSCACSOPTS2,700112,Component-Based Architecture,20,700112T12323,
PMADCSXF,1,Taught,,,,,PG1MSC16,PMADCS,MSc,Advanced Computer Science,11,2023/24,XT1A,Enrolment Block,2024-PMADCSXF-1-11-XT1A,,2023-PMADCSXF-1-11-XT1A,"Year=0 - Selections: 441190 in T12, 700109 in T2, 700100 in T2, 700111 in T2, 700099 in T3A Student Module Electives  (([, 700120, 700106 in T1 AND, 20.00 available credits from 700110, 700112, 701026, 700103 in T1  Subject to an overall minimum of 60 available credits and an overall maximum of 60 available credits ]) OR ([, 60.00 available credits from 700110, 700112, 701026, 700103 in T1",,,11,T1,Optional,7,MSCACSOPTS2,701026,Real-Time Dependable Systems,20,701026T12222,
PMADCSXF,1,Taught,,,,,PG1MSC16,PMADCS,MSc,Advanced Computer Science,11,2023/24,XT1A,Enrolment Block,2024-PMADCSXF-1-11-XT1A,,2023-PMADCSXF-1-11-XT1A,"Year=0 - Selections: 441190 in T12, 700109 in T2, 700100 in T2, 700111 in T2, 700099 in T3A Student Module Electives  (([, 700120, 700106 in T1 AND, 20.00 available credits from 700110, 700112, 701026, 700103 in T1  Subject to an overall minimum of 60 available credits and an overall maximum of 60 available credits ]) OR ([, 60.00 available credits from 700110, 700112, 701026, 700103 in T1",,,41,T2,Compulsory,7,700111,700111,Development Project,20,700111T22323,
PMADCSXF,1,Taught,,,,,PG1MSC16,PMADCS,MSc,Advanced Computer Science,11,2023/24,XT1A,Enrolment Block,2024-PMADCSXF-1-11-XT1A,,2023-PMADCSXF-1-11-XT1A,"Year=0 - Selections: 441190 in T12, 700109 in T2, 700100 in T2, 700111 in T2, 700099 in T3A Student Module Electives  (([, 700120, 700106 in T1 AND, 20.00 available credits from 700110, 700112, 701026, 700103 in T1  Subject to an overall minimum of 60 available credits and an overall maximum of 60 available credits ]) OR ([, 60.00 available credits from 700110, 700112, 701026, 700103 in T1",,,51,T2,Compulsory,7,700109,700109,Advanced Computational Science,20,700109T22121,
PMADCSXF,1,Taught,,,,,PG1MSC16,PMADCS,MSc,Advanced Computer Science,11,2023/24,XT1A,Enrolment Block,2024-PMADCSXF-1-11-XT1A,,2023-PMADCSXF-1-11-XT1A,"Year=0 - Selections: 441190 in T12, 700109 in T2, 700100 in T2, 700111 in T2, 700099 in T3A Student Module Electives  (([, 700120, 700106 in T1 AND, 20.00 available credits from 700110, 700112, 701026, 700103 in T1  Subject to an overall minimum of 60 available credits and an overall maximum of 60 available credits ]) OR ([, 60.00 available credits from 700110, 700112, 701026, 700103 in T1",,,61,T3A,Core,7,700099,700099,MSc Dissertation,60,7000993A1818,
PMADCSXF,1,Taught,,,,,PG1MSC16,PMADCS,MSc,Advanced Computer Science,11,2023/24,XT1A,Enrolment Block,2024-PMADCSXF-1-11-XT1A,,2023-PMADCSXF-1-11-XT1A,"Year=0 - Selections: 441190 in T12, 700109 in T2, 700100 in T2, 700111 in T2, 700099 in T3A Student Module Electives  (([, 700120, 700106 in T1 AND, 20.00 available credits from 700110, 700112, 701026, 700103 in T1  Subject to an overall minimum of 60 available credits and an overall maximum of 60 available credits ]) OR ([, 60.00 available credits from 700110, 700112, 701026, 700103 in T1",,,70,T2,Compulsory,7,700100,700100,Trustworthy Computing,20,700100T22222,
PMADCSXF,1,Taught,,,,,PG1MSC16,PMADCS,MSc,Advanced Computer Science,11,2023/24,XT1A,Enrolment Block,2024-PMADCSXF-1-11-XT1A,,2023-PMADCSXF-1-11-XT1A,"Year=0 - Selections: 441190 in T12, 700109 in T2, 700100 in T2, 700111 in T2, 700099 in T3A Student Module Electives  (([, 700120, 700106 in T1 AND, 20.00 available credits from 700110, 700112, 701026, 700103 in T1  Subject to an overall minimum of 60 available credits and an overall maximum of 60 available credits ]) OR ([, 60.00 available credits from 700110, 700112, 701026, 700103 in T1",,,80,T1,Optional,7,MSCACSOPTS2,700103,Object Oriented Design and Development Using C#,20,700103T11818,
PMADCSXF,1,Taught,,,,,PG1MSC16,PMADCS,MSc,Advanced Computer Science,11,2023/24,XT1A,Enrolment Block,2024-PMADCSXF-1-11-XT1A,,2023-PMADCSXF-1-11-XT1A,"Year=0 - Selections: 441190 in T12, 700109 in T2, 700100 in T2, 700111 in T2, 700099 in T3A Student Module Electives  (([, 700120, 700106 in T1 AND, 20.00 available credits from 700110, 700112, 701026, 700103 in T1  Subject to an overall minimum of 60 available credits and an overall maximum of 60 available credits ]) OR ([, 60.00 available credits from 700110, 700112, 701026, 700103 in T1",,,80,T1,Optional,7,MSCACSOPTS2,700110,Simulation and Artificial Intelligence,20,700110T12222,
PMADCSXF,1,Taught,,,,,PG1MSC16,PMADCS,MSc,Advanced Computer Science,11,2023/24,XT1A,Enrolment Block,2024-PMADCSXF-1-11-XT1A,,2023-PMADCSXF-1-11-XT1A,"Year=0 - Selections: 441190 in T12, 700109 in T2, 700100 in T2, 700111 in T2, 700099 in T3A Student Module Electives  (([, 700120, 700106 in T1 AND, 20.00 available credits from 700110, 700112, 701026, 700103 in T1  Subject to an overall minimum of 60 available credits and an overall maximum of 60 available credits ]) OR ([, 60.00 available credits from 700110, 700112, 701026, 700103 in T1",,,80,T1,Optional,7,MSCACSOPTS2,700112,Component-Based Architecture,20,700112T12323,
PMADCSXF,1,Taught,,,,,PG1MSC16,PMADCS,MSc,Advanced Computer Science,11,2023/24,XT1A,Enrolment Block,2024-PMADCSXF-1-11-XT1A,,2023-PMADCSXF-1-11-XT1A,"Year=0 - Selections: 441190 in T12, 700109 in T2, 700100 in T2, 700111 in T2, 700099 in T3A Student Module Electives  (([, 700120, 700106 in T1 AND, 20.00 available credits from 700110, 700112, 701026, 700103 in T1  Subject to an overall minimum of 60 available credits and an overall maximum of 60 available credits ]) OR ([, 60.00 available credits from 700110, 700112, 701026, 700103 in T1",,,80,T1,Optional,7,MSCACSOPTS2,701026,Real-Time Dependable Systems,20,701026T12222,
PMADCSXF,1,Taught,,,,,PG1MSC16,PMADCS,MSc,Advanced Computer Science,11,2023/24,XT1A,Enrolment Block,2024-PMADCSXF-1-11-XT1A,,2023-PMADCSXF-1-11-XT1A,"Year=0 - Selections: 441190 in T12, 700109 in T2, 700100 in T2, 700111 in T2, 700099 in T3A Student Module Electives  (([, 700120, 700106 in T1 AND, 20.00 available credits from 700110, 700112, 701026, 700103 in T1  Subject to an overall minimum of 60 available credits and an overall maximum of 60 available credits ]) OR ([, 60.00 available credits from 700110, 700112, 701026, 700103 in T1",,,90,,Compulsory,4,441190,441190,,0,No matching MAP,
PMADCSXF,1,Taught,,,,,PG1MSC16,PMADCS,MSc,Advanced Computer Science,11,2023/24,XT1B,Enrolment Block,,No Online diet for this VCO/CBO,,,No 2023* diet for this VCO/CBO,,,,,,,,,,No matching MAP,
PMADCSXF,1,Taught,,,,,PG1MSC16,PMADCS,MSc,Advanced Computer Science,12,2023/24,XT1A,Spanning Block,,No Online diet for this VCO/CBO,,,No 2023* diet for this VCO/CBO,,,,,,,,,,No matching MAP,
PMADCSXF,1,Taught,,,,,PG1MSC16,PMADCS,MSc,Advanced Computer Science,12,2023/24,XT1B,Spanning Block,,No Online diet for this VCO/CBO,,,No 2023* diet for this VCO/CBO,,,,,,,,,,No matching MAP,
PMADCSXF,1,Taught,,,,,PG1MSC16,PMADCS,MSc,Advanced Computer Science,W1,2023/24,XT1A,Enrolment Block,,No Online diet for this VCO/CBO,,,No 2023* diet for this VCO/CBO,,,,,,,,,,No matching MAP,
PMADCSXF,1,Taught,,,,,PG1MSC16,PMADCS,MSc,Advanced Computer Science,W2,2023/24,XT1A,Spanning Block,,No Online diet for this VCO/CBO,,,No 2023* diet for this VCO/CBO,,,,,,,,,,No matching MAP,
PMADCSXF,2,Taught,,2024,,,PG1MSC19,PMADCS,MSc,Advanced Computer Science,11,2023/24,XT1A,Enrolment Block,,No Online diet for this VCO/CBO,,,No 2023* diet for this VCO/CBO,,,,,,,,,,No matching MAP,
PMADCSXF,2,Taught,,2024,,,PG1MSC19,PMADCS,MSc,Advanced Computer Science,11,2023/24,XT1B,Enrolment Block,,No Online diet for this VCO/CBO,,,No 2023* diet for this VCO/CBO,,,,,,,,,,No matching MAP,
PMADCSXF,2,Taught,,2024,,,PG1MSC19,PMADCS,MSc,Advanced Computer Science,12,2023/24,XT1A,Spanning Block,,No Online diet for this VCO/CBO,,,No 2023* diet for this VCO/CBO,,,,,,,,,,No matching MAP,
PMADCSXF,2,Taught,,2024,,,PG1MSC19,PMADCS,MSc,Advanced Computer Science,12,2023/24,XT1B,Spanning Block,,No Online diet for this VCO/CBO,,,No 2023* diet for this VCO/CBO,,,,,,,,,,No matching MAP,
PMADCSXF,2,Taught,,2024,,,PG1MSC19,PMADCS,MSc,Advanced Computer Science,W1,2023/24,XT1A,Enrolment Block,,No Online diet for this VCO/CBO,,,No 2023* diet for this VCO/CBO,,,,,,,,,,No matching MAP,
PMADCSXF,2,Taught,,2024,,,PG1MSC19,PMADCS,MSc,Advanced Computer Science,W2,2023/24,XT1A,Spanning Block,,No Online diet for this VCO/CBO,,,No 2023* diet for this VCO/CBO,,,,,,,,,,No matching MAP,
PMARTIXP,1,Taught,Online Course,2022,,,PG1MSC19,PMARTI,MSc,Artificial Intelligence,11,2023/24,XT1A,Enrolment Block,,No Online diet for this VCO/CBO,,,No 2023* diet for this VCO/CBO,,,,,,,,,,No matching MAP,
PMARTIXP,1,Taught,Online Course,2022,,,PG1MSC19,PMARTI,MSc,Artificial Intelligence,11,2023/24,XT2A,Enrolment Block,,No Online diet for this VCO/CBO,,,No 2023* diet for this VCO/CBO,,,,,,,,,,No matching MAP,
PMARTIXP,1,Taught,Online Course,2022,,,PG1MSC19,PMARTI,MSc,Artificial Intelligence,11,2023/24,XT3A,Enrolment Block,,No Online diet for this VCO/CBO,,,No 2023* diet for this VCO/CBO,,,,,,,,,,No matching MAP,
PMARTIXP,1,Taught,Online Course,2022,,,PG1MSC19,PMARTI,MSc,Artificial Intelligence,12,2023/24,XT1A,Spanning Block,,No Online diet for this VCO/CBO,,,No 2023* diet for this VCO/CBO,,,,,,,,,,No matching MAP,
PMARTIXP,1,Taught,Online Course,2022,,,PG1MSC19,PMARTI,MSc,Artificial Intelligence,12,2023/24,XT2A,Spanning Block,,No Online diet for this VCO/CBO,,,No 2023* diet for this VCO/CBO,,,,,,,,,,No matching MAP,
PMARTIXP,1,Taught,Online Course,2022,,,PG1MSC19,PMARTI,MSc,Artificial Intelligence,12,2023/24,XT3A,Spanning Block,,No Online diet for this VCO/CBO,,,No 2023* diet for this VCO/CBO,,,,,,,,,,No matching MAP,
PMARTIXP,1,Taught,Online Course,2022,,,PG1MSC19,PMARTI,MSc,Artificial Intelligence,21,2023/24,XT1A,Enrolment Block,,No Online diet for this VCO/CBO,,,No 2023* diet for this VCO/CBO,,,,,,,,,,No matching MAP,
PMARTIXP,1,Taught,Online Course,2022,,,PG1MSC19,PMARTI,MSc,Artificial Intelligence,21,2023/24,XT2A,Enrolment Block,,No Online diet for this VCO/CBO,,,No 2023* diet for this VCO/CBO,,,,,,,,,,No matching MAP,
PMARTIXP,1,Taught,Online Course,2022,,,PG1MSC19,PMARTI,MSc,Artificial Intelligence,21,2023/24,XT3A,Enrolment Block,,No Online diet for this VCO/CBO,,,No 2023* diet for this VCO/CBO,,,,,,,,,,No matching MAP,
PMARTIXP,1,Taught,Online Course,2022,,,PG1MSC19,PMARTI,MSc,Artificial Intelligence,22,2023/24,XT1A,Spanning Block,,No Online diet for this VCO/CBO,,,No 2023* diet for this VCO/CBO,,,,,,,,,,No matching MAP,
PMARTIXP,1,Taught,Online Course,2022,,,PG1MSC19,PMARTI,MSc,Artificial Intelligence,22,2023/24,XT2A,Spanning Block,,No Online diet for this VCO/CBO,,,No 2023* diet for this VCO/CBO,,,,,,,,,,No matching MAP,
PMARTIXP,1,Taught,Online Course,2022,,,PG1MSC19,PMARTI,MSc,Artificial Intelligence,22,2023/24,XT3A,Spanning Block,,No Online diet for this VCO/CBO,,,No 2023* diet for this VCO/CBO,,,,,,,,,,No matching MAP,
PMARTIXP,1,Taught,Online Course,2022,,,PG1MSC19,PMARTI,MSc,Artificial Intelligence,W1,2023/24,XT1A,Enrolment Block,,No Online diet for this VCO/CBO,,,No 2023* diet for this VCO/CBO,,,,,,,,,,No matching MAP,
PMARTIXP,1,Taught,Online Course,2022,,,PG1MSC19,PMARTI,MSc,Artificial Intelligence,W1,2023/24,XT2A,Enrolment Block,,No Online diet for this VCO/CBO,,,No 2023* diet for this VCO/CBO,,,,,,,,,,No matching MAP,
PMARTIXP,1,Taught,Online Course,2022,,,PG1MSC19,PMARTI,MSc,Artificial Intelligence,W1,2023/24,XT3A,Enrolment Block,,No Online diet for this VCO/CBO,,,No 2023* diet for this VCO/CBO,,,,,,,,,,No matching MAP,
PMARTIXP,1,Taught,Online Course,2022,,,PG1MSC19,PMARTI,MSc,Artificial Intelligence,W2,2023/24,XT1A,Spanning Block,,No Online diet for this VCO/CBO,,,No 2023* diet for this VCO/CBO,,,,,,,,,,No matching MAP,
PMARTIXP,1,Taught,Online Course,2022,,,PG1MSC19,PMARTI,MSc,Artificial Intelligence,W2,2023/24,XT2A,Spanning Block,,No Online diet for this VCO/CBO,,,No 2023* diet for this VCO/CBO,,,,,,,,,,No matching MAP,
PMARTIXP,1,Taught,Online Course,2022,,,PG1MSC19,PMARTI,MSc,Artificial Intelligence,W2,2023/24,XT3A,Spanning Block,,No Online diet for this VCO/CBO,,,No 2023* diet for this VCO/CBO,,,,,,,,,,No matching MAP,
PMCSGDXF,1,Taught,,,,,PG1MSC16,PMCSGD,MSc,Computer Science for Games Development,11,2023/24,XT1A,Enrolment Block,2024-PMCSGDXF-1-11-XT1A,,2023-PMCSGDXF-1-11-XT1A,"Year=0 - Selections: 700106 in T1, 700110 in T1, 700120 in T1, 700105 in T2, 700111 in T2, 700119 in T2, 700099 in T3A, 441190 in T12",,,1,T1,Compulsory,7,700106,700106,Real Time Graphics,20,700106T11818,
PMCSGDXF,1,Taught,,,,,PG1MSC16,PMCSGD,MSc,Computer Science for Games Development,11,2023/24,XT1A,Enrolment Block,2024-PMCSGDXF-1-11-XT1A,,2023-PMCSGDXF-1-11-XT1A,"Year=0 - Selections: 700106 in T1, 700110 in T1, 700120 in T1, 700105 in T2, 700111 in T2, 700119 in T2, 700099 in T3A, 441190 in T12",,,11,T1,Compulsory,7,700110,700110,Simulation and Artificial Intelligence,20,700110T12222,
PMCSGDXF,1,Taught,,,,,PG1MSC16,PMCSGD,MSc,Computer Science for Games Development,11,2023/24,XT1A,Enrolment Block,2024-PMCSGDXF-1-11-XT1A,,2023-PMCSGDXF-1-11-XT1A,"Year=0 - Selections: 700106 in T1, 700110 in T1, 700120 in T1, 700105 in T2, 700111 in T2, 700119 in T2, 700099 in T3A, 441190 in T12",,,21,T1,Compulsory,7,700120,700120,C++ Programming and Design,20,700120T12323,
PMCSGDXF,1,Taught,,,,,PG1MSC16,PMCSGD,MSc,Computer Science for Games Development,11,2023/24,XT1A,Enrolment Block,2024-PMCSGDXF-1-11-XT1A,,2023-PMCSGDXF-1-11-XT1A,"Year=0 - Selections: 700106 in T1, 700110 in T1, 700120 in T1, 700105 in T2, 700111 in T2, 700119 in T2, 700099 in T3A, 441190 in T12",,,31,T2,Compulsory,7,700105,700105,Games Architecture and Concurrency,20,700105T22020,
PMCSGDXF,1,Taught,,,,,PG1MSC16,PMCSGD,MSc,Computer Science for Games Development,11,2023/24,XT1A,Enrolment Block,2024-PMCSGDXF-1-11-XT1A,,2023-PMCSGDXF-1-11-XT1A,"Year=0 - Selections: 700106 in T1, 700110 in T1, 700120 in T1, 700105 in T2, 700111 in T2, 700119 in T2, 700099 in T3A, 441190 in T12",,,41,T2,Compulsory,7,700111,700111,Development Project,20,700111T22323,
PMCSGDXF,1,Taught,,,,,PG1MSC16,PMCSGD,MSc,Computer Science for Games Development,11,2023/24,XT1A,Enrolment Block,2024-PMCSGDXF-1-11-XT1A,,2023-PMCSGDXF-1-11-XT1A,"Year=0 - Selections: 700106 in T1, 700110 in T1, 700120 in T1, 700105 in T2, 700111 in T2, 700119 in T2, 700099 in T3A, 441190 in T12",,,51,T2,Compulsory,7,700119,700119,Advanced Rendering and Virtual Environments,20,700119T21818,
PMCSGDXF,1,Taught,,,,,PG1MSC16,PMCSGD,MSc,Computer Science for Games Development,11,2023/24,XT1A,Enrolment Block,2024-PMCSGDXF-1-11-XT1A,,2023-PMCSGDXF-1-11-XT1A,"Year=0 - Selections: 700106 in T1, 700110 in T1, 700120 in T1, 700105 in T2, 700111 in T2, 700119 in T2, 700099 in T3A, 441190 in T12",,,61,T3A,Core,7,700099,700099,MSc Dissertation,60,7000993A1818,
PMCSGDXF,1,Taught,,,,,PG1MSC16,PMCSGD,MSc,Computer Science for Games Development,11,2023/24,XT1A,Enrolment Block,2024-PMCSGDXF-1-11-XT1A,,2023-PMCSGDXF-1-11-XT1A,"Year=0 - Selections: 700106 in T1, 700110 in T1, 700120 in T1, 700105 in T2, 700111 in T2, 700119 in T2, 700099 in T3A, 441190 in T12",,,70,,Compulsory,4,441190,441190,,0,No matching MAP,
PMCSGDXF,1,Taught,,,,,PG1MSC16,PMCSGD,MSc,Computer Science for Games Development,11,2023/24,XT1B,Enrolment Block,,No Online diet for this VCO/CBO,,,No 2023* diet for this VCO/CBO,,,,,,,,,,No matching MAP,
PMCSGDXF,1,Taught,,,,,PG1MSC16,PMCSGD,MSc,Computer Science for Games Development,12,2023/24,XT1A,Spanning Block,,No Online diet for this VCO/CBO,,,No 2023* diet for this VCO/CBO,,,,,,,,,,No matching MAP,
PMCSGDXF,1,Taught,,,,,PG1MSC16,PMCSGD,MSc,Computer Science for Games Development,12,2023/24,XT1B,Spanning Block,,No Online diet for this VCO/CBO,,,No 2023* diet for this VCO/CBO,,,,,,,,,,No matching MAP,
PMCSGDXF,1,Taught,,,,,PG1MSC16,PMCSGD,MSc,Computer Science for Games Development,W1,2023/24,XT1A,Enrolment Block,,No Online diet for this VCO/CBO,,,No 2023* diet for this VCO/CBO,,,,,,,,,,No matching MAP,
PMCSGDXF,1,Taught,,,,,PG1MSC16,PMCSGD,MSc,Computer Science for Games Development,W2,2023/24,XT1A,Spanning Block,,No Online diet for this VCO/CBO,,,No 2023* diet for this VCO/CBO,,,,,,,,,,No matching MAP,
PMCSGDXF,2,Taught,,2023,,,PG1MSC16,PMCSGP,MSc,Computer Science for Games Programming,11,2023/24,XT1A,Enrolment Block,,No Online diet for this VCO/CBO,,,No 2023* diet for this VCO/CBO,,,,,,,,,,No matching MAP,
PMCSGDXF,2,Taught,,2023,,,PG1MSC16,PMCSGP,MSc,Computer Science for Games Programming,11,2023/24,XT1B,Enrolment Block,,No Online diet for this VCO/CBO,,,No 2023* diet for this VCO/CBO,,,,,,,,,,No matching MAP,
PMCSGDXF,2,Taught,,2023,,,PG1MSC16,PMCSGP,MSc,Computer Science for Games Programming,12,2023/24,XT1A,Spanning Block,,No Online diet for this VCO/CBO,,,No 2023* diet for this VCO/CBO,,,,,,,,,,No matching MAP,
PMCSGDXF,2,Taught,,2023,,,PG1MSC16,PMCSGP,MSc,Computer Science for Games Programming,12,2023/24,XT1B,Spanning Block,,No Online diet for this VCO/CBO,,,No 2023* diet for this VCO/CBO,,,,,,,,,,No matching MAP,
PMCSGDXF,2,Taught,,2023,,,PG1MSC16,PMCSGP,MSc,Computer Science for Games Programming,W1,2023/24,XT1A,Enrolment Block,,No Online diet for this VCO/CBO,,,No 2023* diet for this VCO/CBO,,,,,,,,,,No matching MAP,
PMCSGDXF,2,Taught,,2023,,,PG1MSC16,PMCSGP,MSc,Computer Science for Games Programming,W2,2023/24,XT1A,Spanning Block,,No Online diet for this VCO/CBO,,,No 2023* diet for this VCO/CBO,,,,,,,,,,No matching MAP,
PMCSGDXF,3,Taught,,2024,,,PG1MSC19,PMCSGP,MSc,Computer Science for Games Programming,11,2023/24,XT1A,Enrolment Block,,No Online diet for this VCO/CBO,,,No 2023* diet for this VCO/CBO,,,,,,,,,,No matching MAP,
PMCSGDXF,3,Taught,,2024,,,PG1MSC19,PMCSGP,MSc,Computer Science for Games Programming,11,2023/24,XT1B,Enrolment Block,,No Online diet for this VCO/CBO,,,No 2023* diet for this VCO/CBO,,,,,,,,,,No matching MAP,
PMCSGDXF,3,Taught,,2024,,,PG1MSC19,PMCSGP,MSc,Computer Science for Games Programming,12,2023/24,XT1A,Spanning Block,,No Online diet for this VCO/CBO,,,No 2023* diet for this VCO/CBO,,,,,,,,,,No matching MAP,
PMCSGDXF,3,Taught,,2024,,,PG1MSC19,PMCSGP,MSc,Computer Science for Games Programming,12,2023/24,XT1B,Spanning Block,,No Online diet for this VCO/CBO,,,No 2023* diet for this VCO/CBO,,,,,,,,,,No matching MAP,
PMCSGDXF,3,Taught,,2024,,,PG1MSC19,PMCSGP,MSc,Computer Science for Games Programming,W1,2023/24,XT1A,Enrolment Block,,No Online diet for this VCO/CBO,,,No 2023* diet for this VCO/CBO,,,,,,,,,,No matching MAP,
PMCSGDXF,3,Taught,,2024,,,PG1MSC19,PMCSGP,MSc,Computer Science for Games Programming,W2,2023/24,XT1A,Spanning Block,,No Online diet for this VCO/CBO,,,No 2023* diet for this VCO/CBO,,,,,,,,,,No matching MAP,
UCCAITXP,1,Taught,Validated Course,2020,,,UG1UGC18,UCCAIT,Undergraduate Certificate,Computer Automation and Internet of Things Development (Lincoln College),2,2023/24,ST1A,Enrolment Block,,No Online diet for this VCO/CBO,,,No 2023* diet for this VCO/CBO,,,,,,,,,,No matching MAP,
UDMWVLXF,1,Taught,Validated Course,2020,,,UG1UGD18,UDMWVL,Undergraduate Diploma,"Mobile, Web, Virtual and Streaming Technologies (Lincoln College)",2,2023/24,ST1A,Enrolment Block,,No Online diet for this VCO/CBO,,,No 2023* diet for this VCO/CBO,,,,,,,,,,No matching MAP,
UDMWVLXP,1,Taught,Validated Course,2020,,,UG1UGD18,UDMWVL,Undergraduate Diploma,"Mobile, Web, Virtual and Streaming Technologies (Lincoln College)",2,2023/24,ST1A,Enrolment Block,,No Online diet for this VCO/CBO,,,No 2023* diet for this VCO/CBO,,,,,,,,,,No matching MAP,
UDMWVLXP,1,Taught,Validated Course,2020,,,UG1UGD18,UDMWVL,Undergraduate Diploma,"Mobile, Web, Virtual and Streaming Technologies (Lincoln College)",3,2023/24,ST1A,Enrolment Block,,No Online diet for this VCO/CBO,,,No 2023* diet for this VCO/CBO,,,,,,,,,,No matching MAP,
UDMWVLXP,1,Taught,Validated Course,2020,,,UG1UGD18,UDMWVL,Undergraduate Diploma,"Mobile, Web, Virtual and Streaming Technologies (Lincoln College)",4,2023/24,ST1A,Enrolment Block,,No Online diet for this VCO/CBO,,,No 2023* diet for this VCO/CBO,,,,,,,,,,No matching MAP,
UGAPCOXF,1,Taught,Validated Course,2019,,,UG1BSC18,UGAPCO,BSc,Applied Computing (Top Up) (Selby College),1,2023/24,ST1A,Enrolment Block,,No Online diet for this VCO/CBO,,,No 2023* diet for this VCO/CBO,,,,,,,,,,No matching MAP,
UGAPCOXF,2,Taught,Validated Course,2023,,,UG1BSC19,UGAPCO,BSc,Applied Computing (Top Up) (Selby College),1,2023/24,ST1A,Enrolment Block,,No Online diet for this VCO/CBO,,,No 2023* diet for this VCO/CBO,,,,,,,,,,No matching MAP,
UGAPCOXP,1,Taught,Validated Course,2019,,,UG1BSC18,UGAPCO,BSc,Applied Computing (Top Up) (Selby College),1,2023/24,ST1A,Enrolment Block,,No Online diet for this VCO/CBO,,,No 2023* diet for this VCO/CBO,,,,,,,,,,No matching MAP,
UGAPCOXP,1,Taught,Validated Course,2019,,,UG1BSC18,UGAPCO,BSc,Applied Computing (Top Up) (Selby College),2,2023/24,ST1A,Enrolment Block,,No Online diet for this VCO/CBO,,,No 2023* diet for this VCO/CBO,,,,,,,,,,No matching MAP,
UGAPCOXP,2,Taught,Validated Course,2023,,,UG1BSC19,UGAPCO,BSc,Applied Computing (Top Up) (Selby College),1,2023/24,ST1A,Enrolment Block,,No Online diet for this VCO/CBO,,,No 2023* diet for this VCO/CBO,,,,,,,,,,No matching MAP,
UGAPCOXP,2,Taught,Validated Course,2023,,,UG1BSC19,UGAPCO,BSc,Applied Computing (Top Up) (Selby College),2,2023/24,ST1A,Enrolment Block,,No Online diet for this VCO/CBO,,,No 2023* diet for this VCO/CBO,,,,,,,,,,No matching MAP,
UGCOMSAF,1,Taught,,,2020,N,US1CMP16,UGCSES,BSc,Computer Science (Embedded Systems) with Study Abroad,1,2023/24,ST1A,Enrolment Block,,No Online diet for this VCO/CBO,,,No 2023* diet for this VCO/CBO,,,,,,,,,,No matching MAP,
UGCOMSAF,1,Taught,,,2020,N,US1CMP16,UGCSES,BSc,Computer Science (Embedded Systems) with Study Abroad,2,2023/24,ST1A,Enrolment Block,,No Online diet for this VCO/CBO,,,No 2023* diet for this VCO/CBO,,,,,,,,,,No matching MAP,
UGCOMSAF,1,Taught,,,2020,N,US1CMP16,UGCSES,BSc,Computer Science (Embedded Systems) with Study Abroad,3,2023/24,ST1A,Enrolment Block,,No Online diet for this VCO/CBO,,,No 2023* diet for this VCO/CBO,,,,,,,,,,No matching MAP,
UGCOMSAF,1,Taught,,,2020,N,US1CMP16,UGCSES,BSc,Computer Science (Embedded Systems) with Study Abroad,A,2023/24,ST1A,Enrolment Block,,No Online diet for this VCO/CBO,,,No 2023* diet for this VCO/CBO,,,,,,,,,,No matching MAP,
UGCOMSAF,10,Taught,,2022,,Y,US2CMP19,UGCOSE,BSc,Computing (Software Engineering) with Study Abroad,1,2023/24,ST1A,Enrolment Block,2024-UGCOMSAF-10-1-ST1A,,2023-UGCOMSAF-10-1-ST1A,,,,10,T12,Core,4,441101,441101,Programming Portfolio,40,441101T1&222,
UGCOMSAF,10,Taught,,2022,,Y,US2CMP19,UGCOSE,BSc,Computing (Software Engineering) with Study Abroad,1,2023/24,ST1A,Enrolment Block,2024-UGCOMSAF-10-1-ST1A,,2023-UGCOMSAF-10-1-ST1A,,,,20,T2,Compulsory,4,441104,441104,Computational Thinking,20,441104T12222,
UGCOMSAF,10,Taught,,2022,,Y,US2CMP19,UGCOSE,BSc,Computing (Software Engineering) with Study Abroad,1,2023/24,ST1A,Enrolment Block,2024-UGCOMSAF-10-1-ST1A,,2023-UGCOMSAF-10-1-ST1A,,,,30,T1,Compulsory,4,441105,441105,Algorithms and Data Structures,20,441105T12222,
UGCOMSAF,10,Taught,,2022,,Y,US2CMP19,UGCOSE,BSc,Computing (Software Engineering) with Study Abroad,1,2023/24,ST1A,Enrolment Block,2024-UGCOMSAF-10-1-ST1A,,2023-UGCOMSAF-10-1-ST1A,,,,40,T2,Compulsory,4,441102,441102,"Architectures, Operating Systems and the Cloud",20,441102T22222,
UGCOMSAF,10,Taught,,2022,,Y,US2CMP19,UGCOSE,BSc,Computing (Software Engineering) with Study Abroad,1,2023/24,ST1A,Enrolment Block,2024-UGCOMSAF-10-1-ST1A,,2023-UGCOMSAF-10-1-ST1A,,,,50,T1,Compulsory,4,441108,441108,Professional Development,20,441108T22222,
UGCOMSAF,10,Taught,,2022,,Y,US2CMP19,UGCOSE,BSc,Computing (Software Engineering) with Study Abroad,2,2023/24,ST1A,Enrolment Block,2024-UGCOMSAF-10-2-ST1A,,2023-UGCOMSAF-10-2-ST1A,"Year=0 - Selections: 551462 in T12, 551457 in T1, 551456 in T1, 551460 in T2, 441190 in T12 - Electives: 20.00 available credits from 500083, 551461 in T2",,,10,T12,Core,5,551462,551462,Design Develop Deploy,40,551462T1222,
UGCOMSAF,10,Taught,,2022,,Y,US2CMP19,UGCOSE,BSc,Computing (Software Engineering) with Study Abroad,2,2023/24,ST1A,Enrolment Block,2024-UGCOMSAF-10-2-ST1A,,2023-UGCOMSAF-10-2-ST1A,"Year=0 - Selections: 551462 in T12, 551457 in T1, 551456 in T1, 551460 in T2, 441190 in T12 - Electives: 20.00 available credits from 500083, 551461 in T2",,,20,T1,Compulsory,5,551457,551457,Databases and Networks,20,551457T12222,
UGCOMSAF,10,Taught,,2022,,Y,US2CMP19,UGCOSE,BSc,Computing (Software Engineering) with Study Abroad,2,2023/24,ST1A,Enrolment Block,2024-UGCOMSAF-10-2-ST1A,,2023-UGCOMSAF-10-2-ST1A,"Year=0 - Selections: 551462 in T12, 551457 in T1, 551456 in T1, 551460 in T2, 441190 in T12 - Electives: 20.00 available credits from 500083, 551461 in T2",,,30,T1,Compulsory,5,551456,551456,Software Engineering Design Patterns,20,551456T12323,
UGCOMSAF,10,Taught,,2022,,Y,US2CMP19,UGCOSE,BSc,Computing (Software Engineering) with Study Abroad,2,2023/24,ST1A,Enrolment Block,2024-UGCOMSAF-10-2-ST1A,,2023-UGCOMSAF-10-2-ST1A,"Year=0 - Selections: 551462 in T12, 551457 in T1, 551456 in T1, 551460 in T2, 441190 in T12 - Electives: 20.00 available credits from 500083, 551461 in T2",,,40,T2,Compulsory,5,551460,551460,User Interfaces and Experience,20,551460T22222,
UGCOMSAF,10,Taught,,2022,,Y,US2CMP19,UGCOSE,BSc,Computing (Software Engineering) with Study Abroad,2,2023/24,ST1A,Enrolment Block,2024-UGCOMSAF-10-2-ST1A,,2023-UGCOMSAF-10-2-ST1A,"Year=0 - Selections: 551462 in T12, 551457 in T1, 551456 in T1, 551460 in T2, 441190 in T12 - Electives: 20.00 available credits from 500083, 551461 in T2",,,50,T2,Optional,5,SOFTENG T2 L5 OPS,500083,Advanced Programming,20,500083T22222,
UGCOMSAF,10,Taught,,2022,,Y,US2CMP19,UGCOSE,BSc,Computing (Software Engineering) with Study Abroad,2,2023/24,ST1A,Enrolment Block,2024-UGCOMSAF-10-2-ST1A,,2023-UGCOMSAF-10-2-ST1A,"Year=0 - Selections: 551462 in T12, 551457 in T1, 551456 in T1, 551460 in T2, 441190 in T12 - Electives: 20.00 available credits from 500083, 551461 in T2",,,50,T2,Optional,5,SOFTENG T2 L5 OPS,551461,Mixed Reality Development,20,551461T22323,
UGCOMSAF,10,Taught,,2022,,Y,US2CMP19,UGCOSE,BSc,Computing (Software Engineering) with Study Abroad,2,2023/24,ST1A,Enrolment Block,2024-UGCOMSAF-10-2-ST1A,,2023-UGCOMSAF-10-2-ST1A,"Year=0 - Selections: 551462 in T12, 551457 in T1, 551456 in T1, 551460 in T2, 441190 in T12 - Electives: 20.00 available credits from 500083, 551461 in T2",,,60,,Compulsory,4,441190,441190,,0,No matching MAP,
UGCOMSAF,10,Taught,,2022,,Y,US2CMP19,UGCOSE,BSc,Computing (Software Engineering) with Study Abroad,3,2023/24,ST1A,Enrolment Block,2024-UGCOMSAF-10-3-ST1A,,2023-UGCOMSAF-10-3-ST1A,"Year=0 - Selections: 661982 in T1, 661984 in T1, 600089 in T2, 661985 in T2, 441190 in T12 - Electives: 40.00 available credits from 600091, 662004 in T12",,,10,T12,Elective - If chosen cannot condone or compenste,6,SOFTENG T12 L6 OPS,600091,Honours Stage Project,40,60009112222,
UGCOMSAF,10,Taught,,2022,,Y,US2CMP19,UGCOSE,BSc,Computing (Software Engineering) with Study Abroad,3,2023/24,ST1A,Enrolment Block,2024-UGCOMSAF-10-3-ST1A,,2023-UGCOMSAF-10-3-ST1A,"Year=0 - Selections: 661982 in T1, 661984 in T1, 600089 in T2, 661985 in T2, 441190 in T12 - Electives: 40.00 available credits from 600091, 662004 in T12",,,10,T12,Elective - If chosen cannot condone or compenste,6,SOFTENG T12 L6 OPS,662004,Communicating and Teaching Computing,40,6.62E+11,
UGCOMSAF,10,Taught,,2022,,Y,US2CMP19,UGCOSE,BSc,Computing (Software Engineering) with Study Abroad,3,2023/24,ST1A,Enrolment Block,2024-UGCOMSAF-10-3-ST1A,,2023-UGCOMSAF-10-3-ST1A,"Year=0 - Selections: 661982 in T1, 661984 in T1, 600089 in T2, 661985 in T2, 441190 in T12 - Electives: 40.00 available credits from 600091, 662004 in T12",,,20,T1,Compulsory,6,661982,661982,Secure Digital Infrastructure,20,661982T12222,
UGCOMSAF,10,Taught,,2022,,Y,US2CMP19,UGCOSE,BSc,Computing (Software Engineering) with Study Abroad,3,2023/24,ST1A,Enrolment Block,2024-UGCOMSAF-10-3-ST1A,,2023-UGCOMSAF-10-3-ST1A,"Year=0 - Selections: 661982 in T1, 661984 in T1, 600089 in T2, 661985 in T2, 441190 in T12 - Electives: 40.00 available credits from 600091, 662004 in T12",,,30,T1,Compulsory,6,661984,661984,Digital Disruption and Innovation,20,661984T12222,
UGCOMSAF,10,Taught,,2022,,Y,US2CMP19,UGCOSE,BSc,Computing (Software Engineering) with Study Abroad,3,2023/24,ST1A,Enrolment Block,2024-UGCOMSAF-10-3-ST1A,,2023-UGCOMSAF-10-3-ST1A,"Year=0 - Selections: 661982 in T1, 661984 in T1, 600089 in T2, 661985 in T2, 441190 in T12 - Electives: 40.00 available credits from 600091, 662004 in T12",,,40,T2,Compulsory,6,600089,600089,Distributed Systems Programming,20,600089T22323,
UGCOMSAF,10,Taught,,2022,,Y,US2CMP19,UGCOSE,BSc,Computing (Software Engineering) with Study Abroad,3,2023/24,ST1A,Enrolment Block,2024-UGCOMSAF-10-3-ST1A,,2023-UGCOMSAF-10-3-ST1A,"Year=0 - Selections: 661982 in T1, 661984 in T1, 600089 in T2, 661985 in T2, 441190 in T12 - Electives: 40.00 available credits from 600091, 662004 in T12",,,50,T2,Compulsory,6,661985,661985,Safety Critical Systems,20,661985T22222,
UGCOMSAF,10,Taught,,2022,,Y,US2CMP19,UGCOSE,BSc,Computing (Software Engineering) with Study Abroad,3,2023/24,ST1A,Enrolment Block,2024-UGCOMSAF-10-3-ST1A,,2023-UGCOMSAF-10-3-ST1A,"Year=0 - Selections: 661982 in T1, 661984 in T1, 600089 in T2, 661985 in T2, 441190 in T12 - Electives: 40.00 available credits from 600091, 662004 in T12",,,60,,Compulsory,4,441190,441190,,0,No matching MAP,
UGCOMSAF,10,Taught,,2022,,Y,US2CMP19,UGCOSE,BSc,Computing (Software Engineering) with Study Abroad,A,2023/24,ST1A,Enrolment Block,2024-UGCOMSAF-10-A-ST1A,,2023-UGCOMSAF-10-A-ST1A,Year=0 - Selections: 500092 in T123A,,,10,T123A,Core,5B,500092,500092,Study Abroad,120,50009212322,
UGCOMSAF,11,Taught,,2023,,Y,US2CMP19,UGCOAI,BSc,Computing (Artificial Intelligence) with Study Abroad,1,2023/24,ST1A,Enrolment Block,2024-UGCOMSAF-11-1-ST1A,,2023-UGCOMSAF-11-1-ST1A,,,,10,T12,Core,4,441101,441101,Programming Portfolio,40,441101T1&222,
UGCOMSAF,11,Taught,,2023,,Y,US2CMP19,UGCOAI,BSc,Computing (Artificial Intelligence) with Study Abroad,1,2023/24,ST1A,Enrolment Block,2024-UGCOMSAF-11-1-ST1A,,2023-UGCOMSAF-11-1-ST1A,,,,20,T2,Compulsory,4,441104,441104,Computational Thinking,20,441104T12222,
UGCOMSAF,11,Taught,,2023,,Y,US2CMP19,UGCOAI,BSc,Computing (Artificial Intelligence) with Study Abroad,1,2023/24,ST1A,Enrolment Block,2024-UGCOMSAF-11-1-ST1A,,2023-UGCOMSAF-11-1-ST1A,,,,30,T1,Compulsory,4,441105,441105,Algorithms and Data Structures,20,441105T12222,
UGCOMSAF,11,Taught,,2023,,Y,US2CMP19,UGCOAI,BSc,Computing (Artificial Intelligence) with Study Abroad,1,2023/24,ST1A,Enrolment Block,2024-UGCOMSAF-11-1-ST1A,,2023-UGCOMSAF-11-1-ST1A,,,,40,T2,Compulsory,4,441102,441102,"Architectures, Operating Systems and the Cloud",20,441102T22222,
UGCOMSAF,11,Taught,,2023,,Y,US2CMP19,UGCOAI,BSc,Computing (Artificial Intelligence) with Study Abroad,1,2023/24,ST1A,Enrolment Block,2024-UGCOMSAF-11-1-ST1A,,2023-UGCOMSAF-11-1-ST1A,,,,50,T1,Compulsory,4,441108,441108,Professional Development,20,441108T22222,
UGCOMSAF,11,Taught,,2023,,Y,US2CMP19,UGCOAI,BSc,Computing (Artificial Intelligence) with Study Abroad,2,2023/24,ST1A,Enrolment Block,2024-UGCOMSAF-11-2-ST1A,,,,No 2023* diet for this VCO/CBO,,,,,,,,,,No matching MAP,
UGCOMSAF,11,Taught,,2023,,Y,US2CMP19,UGCOAI,BSc,Computing (Artificial Intelligence) with Study Abroad,3,2023/24,ST1A,Enrolment Block,,No Online diet for this VCO/CBO,,,No 2023* diet for this VCO/CBO,,,,,,,,,,No matching MAP,
UGCOMSAF,11,Taught,,2023,,Y,US2CMP19,UGCOAI,BSc,Computing (Artificial Intelligence) with Study Abroad,A,2023/24,ST1A,Enrolment Block,,No Online diet for this VCO/CBO,,,No 2023* diet for this VCO/CBO,,,,,,,,,,No matching MAP,
UGCOMSAF,2,Taught,,,2021,N,US1CMP16,UGCSSE,BSc,Computer Science (Software Engineering) with Study Abroad,1,2023/24,ST1A,Enrolment Block,,No Online diet for this VCO/CBO,,,No 2023* diet for this VCO/CBO,,,,,,,,,,No matching MAP,
UGCOMSAF,2,Taught,,,2021,N,US1CMP16,UGCSSE,BSc,Computer Science (Software Engineering) with Study Abroad,2,2023/24,ST1A,Enrolment Block,2024-UGCOMSAF--2-ST1A,,2023-UGCOMSAF--2-ST1A,"Year=0 - Selections: 500084 in T1, 500087 in T1, 500088 in T1, 500080 in T2, 500081 in T2, 500083 in T2",,,1,,Compulsory,5,500084,500084,,20,No matching MAP,
UGCOMSAF,2,Taught,,,2021,N,US1CMP16,UGCSSE,BSc,Computer Science (Software Engineering) with Study Abroad,2,2023/24,ST1A,Enrolment Block,2024-UGCOMSAF--2-ST1A,,2023-UGCOMSAF--2-ST1A,"Year=0 - Selections: 500084 in T1, 500087 in T1, 500088 in T1, 500080 in T2, 500081 in T2, 500083 in T2",,,11,,Compulsory,5,500087,500087,,20,No matching MAP,
UGCOMSAF,2,Taught,,,2021,N,US1CMP16,UGCSSE,BSc,Computer Science (Software Engineering) with Study Abroad,2,2023/24,ST1A,Enrolment Block,2024-UGCOMSAF--2-ST1A,,2023-UGCOMSAF--2-ST1A,"Year=0 - Selections: 500084 in T1, 500087 in T1, 500088 in T1, 500080 in T2, 500081 in T2, 500083 in T2",,,21,,Compulsory,5,500088,500088,,20,No matching MAP,
UGCOMSAF,2,Taught,,,2021,N,US1CMP16,UGCSSE,BSc,Computer Science (Software Engineering) with Study Abroad,2,2023/24,ST1A,Enrolment Block,2024-UGCOMSAF--2-ST1A,,2023-UGCOMSAF--2-ST1A,"Year=0 - Selections: 500084 in T1, 500087 in T1, 500088 in T1, 500080 in T2, 500081 in T2, 500083 in T2",,,31,,Compulsory,5,500081,500081,,20,No matching MAP,
UGCOMSAF,2,Taught,,,2021,N,US1CMP16,UGCSSE,BSc,Computer Science (Software Engineering) with Study Abroad,2,2023/24,ST1A,Enrolment Block,2024-UGCOMSAF--2-ST1A,,2023-UGCOMSAF--2-ST1A,"Year=0 - Selections: 500084 in T1, 500087 in T1, 500088 in T1, 500080 in T2, 500081 in T2, 500083 in T2",,,41,T2,Compulsory,5,500083,500083,Advanced Programming,20,500083T22222,
UGCOMSAF,2,Taught,,,2021,N,US1CMP16,UGCSSE,BSc,Computer Science (Software Engineering) with Study Abroad,2,2023/24,ST1A,Enrolment Block,2024-UGCOMSAF--2-ST1A,,2023-UGCOMSAF--2-ST1A,"Year=0 - Selections: 500084 in T1, 500087 in T1, 500088 in T1, 500080 in T2, 500081 in T2, 500083 in T2",,,51,,Compulsory,5,500080,500080,,20,No matching MAP,
UGCOMSAF,2,Taught,,,2021,N,US1CMP16,UGCSSE,BSc,Computer Science (Software Engineering) with Study Abroad,3,2023/24,ST1A,Enrolment Block,2024-UGCOMSAF--3-ST1A,,2023-UGCOMSAF--3-ST1A,"Year=0 - Selections: 441190 in T12, 600091 in T12, 600087 in T1, 600094 in T2, 600096 in T1, 600086, 600089, 600099 in T2 Student Module Electives  ([, 600097 in T12 AND (Take a maximum of 20.00 available credits from 600096 in T1 OR, a maximum of 20.00 available credits from 600086, 600089, 600099 in T2  Subject to an overall minimum of 40 available credits and an overall maximum of 40 available credits ]))",,,1,T12,Core,6,600091,600091,Honours Stage Project,40,60009112222,
UGCOMSAF,2,Taught,,,2021,N,US1CMP16,UGCSSE,BSc,Computer Science (Software Engineering) with Study Abroad,3,2023/24,ST1A,Enrolment Block,2024-UGCOMSAF--3-ST1A,,2023-UGCOMSAF--3-ST1A,"Year=0 - Selections: 441190 in T12, 600091 in T12, 600087 in T1, 600094 in T2, 600096 in T1, 600086, 600089, 600099 in T2 Student Module Electives  ([, 600097 in T12 AND (Take a maximum of 20.00 available credits from 600096 in T1 OR, a maximum of 20.00 available credits from 600086, 600089, 600099 in T2  Subject to an overall minimum of 40 available credits and an overall maximum of 40 available credits ]))",,,11,,Optional,6,UGCOMSXF3US1CMP16UGCSSE31819O1,600097,,20,No matching MAP,This module is limited to 15 students. Students will be required to attend an interview and complete a DBS if taking this module.
UGCOMSAF,2,Taught,,,2021,N,US1CMP16,UGCSSE,BSc,Computer Science (Software Engineering) with Study Abroad,3,2023/24,ST1A,Enrolment Block,2024-UGCOMSAF--3-ST1A,,2023-UGCOMSAF--3-ST1A,"Year=0 - Selections: 441190 in T12, 600091 in T12, 600087 in T1, 600094 in T2, 600096 in T1, 600086, 600089, 600099 in T2 Student Module Electives  ([, 600097 in T12 AND (Take a maximum of 20.00 available credits from 600096 in T1 OR, a maximum of 20.00 available credits from 600086, 600089, 600099 in T2  Subject to an overall minimum of 40 available credits and an overall maximum of 40 available credits ]))",,,21,T1,Compulsory,6,600087,600087,Languages and their Compilers,20,600087T11818,
UGCOMSAF,2,Taught,,,2021,N,US1CMP16,UGCSSE,BSc,Computer Science (Software Engineering) with Study Abroad,3,2023/24,ST1A,Enrolment Block,2024-UGCOMSAF--3-ST1A,,2023-UGCOMSAF--3-ST1A,"Year=0 - Selections: 441190 in T12, 600091 in T12, 600087 in T1, 600094 in T2, 600096 in T1, 600086, 600089, 600099 in T2 Student Module Electives  ([, 600097 in T12 AND (Take a maximum of 20.00 available credits from 600096 in T1 OR, a maximum of 20.00 available credits from 600086, 600089, 600099 in T2  Subject to an overall minimum of 40 available credits and an overall maximum of 40 available credits ]))",,,31,,Optional,6,UGCOMSXF3US1CMP16UGCSSE318S2O1,600099,,20,No matching MAP,
UGCOMSAF,2,Taught,,,2021,N,US1CMP16,UGCSSE,BSc,Computer Science (Software Engineering) with Study Abroad,3,2023/24,ST1A,Enrolment Block,2024-UGCOMSAF--3-ST1A,,2023-UGCOMSAF--3-ST1A,"Year=0 - Selections: 441190 in T12, 600091 in T12, 600087 in T1, 600094 in T2, 600096 in T1, 600086, 600089, 600099 in T2 Student Module Electives  ([, 600097 in T12 AND (Take a maximum of 20.00 available credits from 600096 in T1 OR, a maximum of 20.00 available credits from 600086, 600089, 600099 in T2  Subject to an overall minimum of 40 available credits and an overall maximum of 40 available credits ]))",,,31,T2,Optional,6,UGCOMSXF3US1CMP16UGCSSE318S2O1,600086,Parallel and Concurrent Programming,20,600086T22222,
UGCOMSAF,2,Taught,,,2021,N,US1CMP16,UGCSSE,BSc,Computer Science (Software Engineering) with Study Abroad,3,2023/24,ST1A,Enrolment Block,2024-UGCOMSAF--3-ST1A,,2023-UGCOMSAF--3-ST1A,"Year=0 - Selections: 441190 in T12, 600091 in T12, 600087 in T1, 600094 in T2, 600096 in T1, 600086, 600089, 600099 in T2 Student Module Electives  ([, 600097 in T12 AND (Take a maximum of 20.00 available credits from 600096 in T1 OR, a maximum of 20.00 available credits from 600086, 600089, 600099 in T2  Subject to an overall minimum of 40 available credits and an overall maximum of 40 available credits ]))",,,31,T2,Optional,6,UGCOMSXF3US1CMP16UGCSSE318S2O1,600089,Distributed Systems Programming,20,600089T22323,
UGCOMSAF,2,Taught,,,2021,N,US1CMP16,UGCSSE,BSc,Computer Science (Software Engineering) with Study Abroad,3,2023/24,ST1A,Enrolment Block,2024-UGCOMSAF--3-ST1A,,2023-UGCOMSAF--3-ST1A,"Year=0 - Selections: 441190 in T12, 600091 in T12, 600087 in T1, 600094 in T2, 600096 in T1, 600086, 600089, 600099 in T2 Student Module Electives  ([, 600097 in T12 AND (Take a maximum of 20.00 available credits from 600096 in T1 OR, a maximum of 20.00 available credits from 600086, 600089, 600099 in T2  Subject to an overall minimum of 40 available credits and an overall maximum of 40 available credits ]))",,,41,T2,Compulsory,6,600094,600094,Advanced Software Engineering,20,600094T21818,
UGCOMSAF,2,Taught,,,2021,N,US1CMP16,UGCSSE,BSc,Computer Science (Software Engineering) with Study Abroad,3,2023/24,ST1A,Enrolment Block,2024-UGCOMSAF--3-ST1A,,2023-UGCOMSAF--3-ST1A,"Year=0 - Selections: 441190 in T12, 600091 in T12, 600087 in T1, 600094 in T2, 600096 in T1, 600086, 600089, 600099 in T2 Student Module Electives  ([, 600097 in T12 AND (Take a maximum of 20.00 available credits from 600096 in T1 OR, a maximum of 20.00 available credits from 600086, 600089, 600099 in T2  Subject to an overall minimum of 40 available credits and an overall maximum of 40 available credits ]))",,,51,T1,Optional,6,UGCOMSXF3US1CMP16UGCSSE318S1O1,600096,Mobile Devices and Applications,20,600096T11919,
UGCOMSAF,2,Taught,,,2021,N,US1CMP16,UGCSSE,BSc,Computer Science (Software Engineering) with Study Abroad,3,2023/24,ST1A,Enrolment Block,2024-UGCOMSAF--3-ST1A,,2023-UGCOMSAF--3-ST1A,"Year=0 - Selections: 441190 in T12, 600091 in T12, 600087 in T1, 600094 in T2, 600096 in T1, 600086, 600089, 600099 in T2 Student Module Electives  ([, 600097 in T12 AND (Take a maximum of 20.00 available credits from 600096 in T1 OR, a maximum of 20.00 available credits from 600086, 600089, 600099 in T2  Subject to an overall minimum of 40 available credits and an overall maximum of 40 available credits ]))",,,60,T1,Compulsory,6,UGCOMSXF3US1CMP16UGCSSE318S1O1,600096,Mobile Devices and Applications,20,600096T11919,
UGCOMSAF,2,Taught,,,2021,N,US1CMP16,UGCSSE,BSc,Computer Science (Software Engineering) with Study Abroad,3,2023/24,ST1A,Enrolment Block,2024-UGCOMSAF--3-ST1A,,2023-UGCOMSAF--3-ST1A,"Year=0 - Selections: 441190 in T12, 600091 in T12, 600087 in T1, 600094 in T2, 600096 in T1, 600086, 600089, 600099 in T2 Student Module Electives  ([, 600097 in T12 AND (Take a maximum of 20.00 available credits from 600096 in T1 OR, a maximum of 20.00 available credits from 600086, 600089, 600099 in T2  Subject to an overall minimum of 40 available credits and an overall maximum of 40 available credits ]))",,,70,,Compulsory,6,UGCOMSXF3US1CMP16UGCSSE318S2O1,600099,,20,No matching MAP,
UGCOMSAF,2,Taught,,,2021,N,US1CMP16,UGCSSE,BSc,Computer Science (Software Engineering) with Study Abroad,3,2023/24,ST1A,Enrolment Block,2024-UGCOMSAF--3-ST1A,,2023-UGCOMSAF--3-ST1A,"Year=0 - Selections: 441190 in T12, 600091 in T12, 600087 in T1, 600094 in T2, 600096 in T1, 600086, 600089, 600099 in T2 Student Module Electives  ([, 600097 in T12 AND (Take a maximum of 20.00 available credits from 600096 in T1 OR, a maximum of 20.00 available credits from 600086, 600089, 600099 in T2  Subject to an overall minimum of 40 available credits and an overall maximum of 40 available credits ]))",,,70,T2,Compulsory,6,UGCOMSXF3US1CMP16UGCSSE318S2O1,600086,Parallel and Concurrent Programming,20,600086T22222,
UGCOMSAF,2,Taught,,,2021,N,US1CMP16,UGCSSE,BSc,Computer Science (Software Engineering) with Study Abroad,3,2023/24,ST1A,Enrolment Block,2024-UGCOMSAF--3-ST1A,,2023-UGCOMSAF--3-ST1A,"Year=0 - Selections: 441190 in T12, 600091 in T12, 600087 in T1, 600094 in T2, 600096 in T1, 600086, 600089, 600099 in T2 Student Module Electives  ([, 600097 in T12 AND (Take a maximum of 20.00 available credits from 600096 in T1 OR, a maximum of 20.00 available credits from 600086, 600089, 600099 in T2  Subject to an overall minimum of 40 available credits and an overall maximum of 40 available credits ]))",,,70,T2,Compulsory,6,UGCOMSXF3US1CMP16UGCSSE318S2O1,600089,Distributed Systems Programming,20,600089T22323,
UGCOMSAF,2,Taught,,,2021,N,US1CMP16,UGCSSE,BSc,Computer Science (Software Engineering) with Study Abroad,3,2023/24,ST1A,Enrolment Block,2024-UGCOMSAF--3-ST1A,,2023-UGCOMSAF--3-ST1A,"Year=0 - Selections: 441190 in T12, 600091 in T12, 600087 in T1, 600094 in T2, 600096 in T1, 600086, 600089, 600099 in T2 Student Module Electives  ([, 600097 in T12 AND (Take a maximum of 20.00 available credits from 600096 in T1 OR, a maximum of 20.00 available credits from 600086, 600089, 600099 in T2  Subject to an overall minimum of 40 available credits and an overall maximum of 40 available credits ]))",,,80,,Compulsory,4,441190,441190,,0,No matching MAP,
UGCOMSAF,2,Taught,,,2021,N,US1CMP16,UGCSSE,BSc,Computer Science (Software Engineering) with Study Abroad,A,2023/24,ST1A,Enrolment Block,2024-UGCOMSAF--A-ST1A,,2023-UGCOMSAF--A-ST1A,Year=0 - Selections: 500092 in T12,,,1,T12,Core,5B,500092,500092,Study Abroad,120,50009212322,
UGCOMSAF,3,Taught,,,2021,N,US1CMP16,UGCOMS,BSc,Computer Science with Study Abroad,1,2023/24,ST1A,Enrolment Block,,No Online diet for this VCO/CBO,,,No 2023* diet for this VCO/CBO,,,,,,,,,,No matching MAP,
UGCOMSAF,3,Taught,,,2021,N,US1CMP16,UGCOMS,BSc,Computer Science with Study Abroad,2,2023/24,ST1A,Enrolment Block,,No Online diet for this VCO/CBO,,,No 2023* diet for this VCO/CBO,,,,,,,,,,No matching MAP,
UGCOMSAF,3,Taught,,,2021,N,US1CMP16,UGCOMS,BSc,Computer Science with Study Abroad,3,2023/24,ST1A,Enrolment Block,,No Online diet for this VCO/CBO,,,No 2023* diet for this VCO/CBO,,,,,,,,,,No matching MAP,
UGCOMSAF,3,Taught,,,2021,N,US1CMP16,UGCOMS,BSc,Computer Science with Study Abroad,A,2023/24,ST1A,Enrolment Block,,No Online diet for this VCO/CBO,,,No 2023* diet for this VCO/CBO,,,,,,,,,,No matching MAP,
UGCOMSAF,4,Taught,,2022,,Y,US1CMP19,UGCOMS,BSc,Computer Science with Study Abroad,1,2023/24,ST1A,Enrolment Block,2024-UGCOMSAF-4-1-ST1A,,2023-UGCOMSAF-4-1-ST1A,"Year=0 - Selections: 441101 in T12, 441104 in T2, 441105 in T1, 441102 in T2, 441108 in T1, 441187 in T12, 441190 in T12",,,10,T12,Core,4,441101,441101,Programming Portfolio,40,441101T1&222,
UGCOMSAF,4,Taught,,2022,,Y,US1CMP19,UGCOMS,BSc,Computer Science with Study Abroad,1,2023/24,ST1A,Enrolment Block,2024-UGCOMSAF-4-1-ST1A,,2023-UGCOMSAF-4-1-ST1A,"Year=0 - Selections: 441101 in T12, 441104 in T2, 441105 in T1, 441102 in T2, 441108 in T1, 441187 in T12, 441190 in T12",,,20,T2,Compulsory,4,441104,441104,Computational Thinking,20,441104T12222,
UGCOMSAF,4,Taught,,2022,,Y,US1CMP19,UGCOMS,BSc,Computer Science with Study Abroad,1,2023/24,ST1A,Enrolment Block,2024-UGCOMSAF-4-1-ST1A,,2023-UGCOMSAF-4-1-ST1A,"Year=0 - Selections: 441101 in T12, 441104 in T2, 441105 in T1, 441102 in T2, 441108 in T1, 441187 in T12, 441190 in T12",,,30,T1,Compulsory,4,441105,441105,Algorithms and Data Structures,20,441105T12222,
UGCOMSAF,4,Taught,,2022,,Y,US1CMP19,UGCOMS,BSc,Computer Science with Study Abroad,1,2023/24,ST1A,Enrolment Block,2024-UGCOMSAF-4-1-ST1A,,2023-UGCOMSAF-4-1-ST1A,"Year=0 - Selections: 441101 in T12, 441104 in T2, 441105 in T1, 441102 in T2, 441108 in T1, 441187 in T12, 441190 in T12",,,40,T2,Compulsory,4,441102,441102,"Architectures, Operating Systems and the Cloud",20,441102T22222,
UGCOMSAF,4,Taught,,2022,,Y,US1CMP19,UGCOMS,BSc,Computer Science with Study Abroad,1,2023/24,ST1A,Enrolment Block,2024-UGCOMSAF-4-1-ST1A,,2023-UGCOMSAF-4-1-ST1A,"Year=0 - Selections: 441101 in T12, 441104 in T2, 441105 in T1, 441102 in T2, 441108 in T1, 441187 in T12, 441190 in T12",,,50,T1,Compulsory,4,441108,441108,Professional Development,20,441108T22222,
UGCOMSAF,4,Taught,,2022,,Y,US1CMP19,UGCOMS,BSc,Computer Science with Study Abroad,1,2023/24,ST1A,Enrolment Block,2024-UGCOMSAF-4-1-ST1A,,2023-UGCOMSAF-4-1-ST1A,"Year=0 - Selections: 441101 in T12, 441104 in T2, 441105 in T1, 441102 in T2, 441108 in T1, 441187 in T12, 441190 in T12",,,60,T12,Compulsory,4,441187,441187,Computer Science PASS module,0,No matching MAP,
UGCOMSAF,4,Taught,,2022,,Y,US1CMP19,UGCOMS,BSc,Computer Science with Study Abroad,1,2023/24,ST1A,Enrolment Block,2024-UGCOMSAF-4-1-ST1A,,2023-UGCOMSAF-4-1-ST1A,"Year=0 - Selections: 441101 in T12, 441104 in T2, 441105 in T1, 441102 in T2, 441108 in T1, 441187 in T12, 441190 in T12",,,70,,Compulsory,4,441190,441190,,0,No matching MAP,
UGCOMSAF,4,Taught,,2022,,Y,US1CMP19,UGCOMS,BSc,Computer Science with Study Abroad,2,2023/24,ST1A,Enrolment Block,2024-UGCOMSAF-4-2-ST1A,,2023-UGCOMSAF-4-2-ST1A,"Year=0 - Selections: 551462 in T12, 551457 in T1, 551458 in T1, 551460 in T2, 441190 in T12 - Electives: 20.00 available credits from 500083, 551461, 551672 in T2",,,10,T12,Core,5,551462,551462,Design Develop Deploy,40,551462T1222,
UGCOMSAF,4,Taught,,2022,,Y,US1CMP19,UGCOMS,BSc,Computer Science with Study Abroad,2,2023/24,ST1A,Enrolment Block,2024-UGCOMSAF-4-2-ST1A,,2023-UGCOMSAF-4-2-ST1A,"Year=0 - Selections: 551462 in T12, 551457 in T1, 551458 in T1, 551460 in T2, 441190 in T12 - Electives: 20.00 available credits from 500083, 551461, 551672 in T2",,,20,T1,Compulsory,5,551457,551457,Databases and Networks,20,551457T12222,
UGCOMSAF,4,Taught,,2022,,Y,US1CMP19,UGCOMS,BSc,Computer Science with Study Abroad,2,2023/24,ST1A,Enrolment Block,2024-UGCOMSAF-4-2-ST1A,,2023-UGCOMSAF-4-2-ST1A,"Year=0 - Selections: 551462 in T12, 551457 in T1, 551458 in T1, 551460 in T2, 441190 in T12 - Electives: 20.00 available credits from 500083, 551461, 551672 in T2",,,30,T1,Compulsory,5,551458,551458,Artificial Intelligence,20,551458T12222,
UGCOMSAF,4,Taught,,2022,,Y,US1CMP19,UGCOMS,BSc,Computer Science with Study Abroad,2,2023/24,ST1A,Enrolment Block,2024-UGCOMSAF-4-2-ST1A,,2023-UGCOMSAF-4-2-ST1A,"Year=0 - Selections: 551462 in T12, 551457 in T1, 551458 in T1, 551460 in T2, 441190 in T12 - Electives: 20.00 available credits from 500083, 551461, 551672 in T2",,,40,T2,Compulsory,5,551460,551460,User Interfaces and Experience,20,551460T22222,
UGCOMSAF,4,Taught,,2022,,Y,US1CMP19,UGCOMS,BSc,Computer Science with Study Abroad,2,2023/24,ST1A,Enrolment Block,2024-UGCOMSAF-4-2-ST1A,,2023-UGCOMSAF-4-2-ST1A,"Year=0 - Selections: 551462 in T12, 551457 in T1, 551458 in T1, 551460 in T2, 441190 in T12 - Electives: 20.00 available credits from 500083, 551461, 551672 in T2",,,50,,Optional,5,BSC COMP SCI T2 L5 OPTS,551672,,20,No matching MAP,
UGCOMSAF,4,Taught,,2022,,Y,US1CMP19,UGCOMS,BSc,Computer Science with Study Abroad,2,2023/24,ST1A,Enrolment Block,2024-UGCOMSAF-4-2-ST1A,,2023-UGCOMSAF-4-2-ST1A,"Year=0 - Selections: 551462 in T12, 551457 in T1, 551458 in T1, 551460 in T2, 441190 in T12 - Electives: 20.00 available credits from 500083, 551461, 551672 in T2",,,50,T2,Optional,5,BSC COMP SCI T2 L5 OPTS,500083,Advanced Programming,20,500083T22222,
UGCOMSAF,4,Taught,,2022,,Y,US1CMP19,UGCOMS,BSc,Computer Science with Study Abroad,2,2023/24,ST1A,Enrolment Block,2024-UGCOMSAF-4-2-ST1A,,2023-UGCOMSAF-4-2-ST1A,"Year=0 - Selections: 551462 in T12, 551457 in T1, 551458 in T1, 551460 in T2, 441190 in T12 - Electives: 20.00 available credits from 500083, 551461, 551672 in T2",,,50,T2,Optional,5,BSC COMP SCI T2 L5 OPTS,551461,Mixed Reality Development,20,551461T22323,
UGCOMSAF,4,Taught,,2022,,Y,US1CMP19,UGCOMS,BSc,Computer Science with Study Abroad,2,2023/24,ST1A,Enrolment Block,2024-UGCOMSAF-4-2-ST1A,,2023-UGCOMSAF-4-2-ST1A,"Year=0 - Selections: 551462 in T12, 551457 in T1, 551458 in T1, 551460 in T2, 441190 in T12 - Electives: 20.00 available credits from 500083, 551461, 551672 in T2",,,60,,Compulsory,4,441190,441190,,0,No matching MAP,
UGCOMSAF,4,Taught,,2022,,Y,US1CMP19,UGCOMS,BSc,Computer Science with Study Abroad,3,2023/24,ST1A,Enrolment Block,2024-UGCOMSAF-4-3-ST1A,,2023-UGCOMSAF-4-3-ST1A,"Year=0 - Selections: 661987 in T1, 600093 in T2, 441190 in T12 - Electives: 40.00 available credits from 600091, 662004 in T12, 20.00 available credits from 661982, 661984, 662086 in T1, 20.00 available credits from 600100, 600089, 661985, 600086, 661987, 662253 in T2",,,10,T12,Elective - If chosen cannot condone or compenste,6,COMP SCI L6 T12 OPTS,600091,Honours Stage Project,40,60009112222,
UGCOMSAF,4,Taught,,2022,,Y,US1CMP19,UGCOMS,BSc,Computer Science with Study Abroad,3,2023/24,ST1A,Enrolment Block,2024-UGCOMSAF-4-3-ST1A,,2023-UGCOMSAF-4-3-ST1A,"Year=0 - Selections: 661987 in T1, 600093 in T2, 441190 in T12 - Electives: 40.00 available credits from 600091, 662004 in T12, 20.00 available credits from 661982, 661984, 662086 in T1, 20.00 available credits from 600100, 600089, 661985, 600086, 661987, 662253 in T2",,,10,T12,Elective - If chosen cannot condone or compenste,6,COMP SCI L6 T12 OPTS,662004,Communicating and Teaching Computing,40,6.62E+11,
UGCOMSAF,4,Taught,,2022,,Y,US1CMP19,UGCOMS,BSc,Computer Science with Study Abroad,3,2023/24,ST1A,Enrolment Block,2024-UGCOMSAF-4-3-ST1A,,2023-UGCOMSAF-4-3-ST1A,"Year=0 - Selections: 661987 in T1, 600093 in T2, 441190 in T12 - Electives: 40.00 available credits from 600091, 662004 in T12, 20.00 available credits from 661982, 661984, 662086 in T1, 20.00 available credits from 600100, 600089, 661985, 600086, 661987, 662253 in T2",,,20,T1,Compulsory,6,661987,661987,Data Analysis and Visualisation,20,661987T12222,
UGCOMSAF,4,Taught,,2022,,Y,US1CMP19,UGCOMS,BSc,Computer Science with Study Abroad,3,2023/24,ST1A,Enrolment Block,2024-UGCOMSAF-4-3-ST1A,,2023-UGCOMSAF-4-3-ST1A,"Year=0 - Selections: 661987 in T1, 600093 in T2, 441190 in T12 - Electives: 40.00 available credits from 600091, 662004 in T12, 20.00 available credits from 661982, 661984, 662086 in T1, 20.00 available credits from 600100, 600089, 661985, 600086, 661987, 662253 in T2",,,30,T1,Optional,6,COMP SCI L6 T1 OPTS,661982,Secure Digital Infrastructure,20,661982T12222,
UGCOMSAF,4,Taught,,2022,,Y,US1CMP19,UGCOMS,BSc,Computer Science with Study Abroad,3,2023/24,ST1A,Enrolment Block,2024-UGCOMSAF-4-3-ST1A,,2023-UGCOMSAF-4-3-ST1A,"Year=0 - Selections: 661987 in T1, 600093 in T2, 441190 in T12 - Electives: 40.00 available credits from 600091, 662004 in T12, 20.00 available credits from 661982, 661984, 662086 in T1, 20.00 available credits from 600100, 600089, 661985, 600086, 661987, 662253 in T2",,,30,T1,Optional,6,COMP SCI L6 T1 OPTS,661984,Digital Disruption and Innovation,20,661984T12222,
UGCOMSAF,4,Taught,,2022,,Y,US1CMP19,UGCOMS,BSc,Computer Science with Study Abroad,3,2023/24,ST1A,Enrolment Block,2024-UGCOMSAF-4-3-ST1A,,2023-UGCOMSAF-4-3-ST1A,"Year=0 - Selections: 661987 in T1, 600093 in T2, 441190 in T12 - Electives: 40.00 available credits from 600091, 662004 in T12, 20.00 available credits from 661982, 661984, 662086 in T1, 20.00 available credits from 600100, 600089, 661985, 600086, 661987, 662253 in T2",,,30,T1,Optional,6,COMP SCI L6 T1 OPTS,662086,Machine Learning,20,662086T12222,
UGCOMSAF,4,Taught,,2022,,Y,US1CMP19,UGCOMS,BSc,Computer Science with Study Abroad,3,2023/24,ST1A,Enrolment Block,2024-UGCOMSAF-4-3-ST1A,,2023-UGCOMSAF-4-3-ST1A,"Year=0 - Selections: 661987 in T1, 600093 in T2, 441190 in T12 - Electives: 40.00 available credits from 600091, 662004 in T12, 20.00 available credits from 661982, 661984, 662086 in T1, 20.00 available credits from 600100, 600089, 661985, 600086, 661987, 662253 in T2",,,40,,Optional,6,COMP SCI L6 T2 OPTS,661987,,20,No matching MAP,
UGCOMSAF,4,Taught,,2022,,Y,US1CMP19,UGCOMS,BSc,Computer Science with Study Abroad,3,2023/24,ST1A,Enrolment Block,2024-UGCOMSAF-4-3-ST1A,,2023-UGCOMSAF-4-3-ST1A,"Year=0 - Selections: 661987 in T1, 600093 in T2, 441190 in T12 - Electives: 40.00 available credits from 600091, 662004 in T12, 20.00 available credits from 661982, 661984, 662086 in T1, 20.00 available credits from 600100, 600089, 661985, 600086, 661987, 662253 in T2",,,40,,Optional,6,COMP SCI L6 T2 OPTS,662253,,20,No matching MAP,
UGCOMSAF,4,Taught,,2022,,Y,US1CMP19,UGCOMS,BSc,Computer Science with Study Abroad,3,2023/24,ST1A,Enrolment Block,2024-UGCOMSAF-4-3-ST1A,,2023-UGCOMSAF-4-3-ST1A,"Year=0 - Selections: 661987 in T1, 600093 in T2, 441190 in T12 - Electives: 40.00 available credits from 600091, 662004 in T12, 20.00 available credits from 661982, 661984, 662086 in T1, 20.00 available credits from 600100, 600089, 661985, 600086, 661987, 662253 in T2",,,40,T2,Optional,6,COMP SCI L6 T2 OPTS,600086,Parallel and Concurrent Programming,20,600086T22222,
UGCOMSAF,4,Taught,,2022,,Y,US1CMP19,UGCOMS,BSc,Computer Science with Study Abroad,3,2023/24,ST1A,Enrolment Block,2024-UGCOMSAF-4-3-ST1A,,2023-UGCOMSAF-4-3-ST1A,"Year=0 - Selections: 661987 in T1, 600093 in T2, 441190 in T12 - Electives: 40.00 available credits from 600091, 662004 in T12, 20.00 available credits from 661982, 661984, 662086 in T1, 20.00 available credits from 600100, 600089, 661985, 600086, 661987, 662253 in T2",,,40,T2,Optional,6,COMP SCI L6 T2 OPTS,600089,Distributed Systems Programming,20,600089T22323,
UGCOMSAF,4,Taught,,2022,,Y,US1CMP19,UGCOMS,BSc,Computer Science with Study Abroad,3,2023/24,ST1A,Enrolment Block,2024-UGCOMSAF-4-3-ST1A,,2023-UGCOMSAF-4-3-ST1A,"Year=0 - Selections: 661987 in T1, 600093 in T2, 441190 in T12 - Electives: 40.00 available credits from 600091, 662004 in T12, 20.00 available credits from 661982, 661984, 662086 in T1, 20.00 available credits from 600100, 600089, 661985, 600086, 661987, 662253 in T2",,,40,T2,Optional,6,COMP SCI L6 T2 OPTS,600100,Computer Vision,20,600100T2323,
UGCOMSAF,4,Taught,,2022,,Y,US1CMP19,UGCOMS,BSc,Computer Science with Study Abroad,3,2023/24,ST1A,Enrolment Block,2024-UGCOMSAF-4-3-ST1A,,2023-UGCOMSAF-4-3-ST1A,"Year=0 - Selections: 661987 in T1, 600093 in T2, 441190 in T12 - Electives: 40.00 available credits from 600091, 662004 in T12, 20.00 available credits from 661982, 661984, 662086 in T1, 20.00 available credits from 600100, 600089, 661985, 600086, 661987, 662253 in T2",,,40,T2,Optional,6,COMP SCI L6 T2 OPTS,661985,Safety Critical Systems,20,661985T22222,
UGCOMSAF,4,Taught,,2022,,Y,US1CMP19,UGCOMS,BSc,Computer Science with Study Abroad,3,2023/24,ST1A,Enrolment Block,2024-UGCOMSAF-4-3-ST1A,,2023-UGCOMSAF-4-3-ST1A,"Year=0 - Selections: 661987 in T1, 600093 in T2, 441190 in T12 - Electives: 40.00 available credits from 600091, 662004 in T12, 20.00 available credits from 661982, 661984, 662086 in T1, 20.00 available credits from 600100, 600089, 661985, 600086, 661987, 662253 in T2",,,50,T2,Compulsory,6,600093,600093,Computational Science,20,600093T22222,
UGCOMSAF,4,Taught,,2022,,Y,US1CMP19,UGCOMS,BSc,Computer Science with Study Abroad,3,2023/24,ST1A,Enrolment Block,2024-UGCOMSAF-4-3-ST1A,,2023-UGCOMSAF-4-3-ST1A,"Year=0 - Selections: 661987 in T1, 600093 in T2, 441190 in T12 - Electives: 40.00 available credits from 600091, 662004 in T12, 20.00 available credits from 661982, 661984, 662086 in T1, 20.00 available credits from 600100, 600089, 661985, 600086, 661987, 662253 in T2",,,60,,Compulsory,4,441190,441190,,0,No matching MAP,
UGCOMSAF,4,Taught,,2022,,Y,US1CMP19,UGCOMS,BSc,Computer Science with Study Abroad,A,2023/24,ST1A,Enrolment Block,2024-UGCOMSAF-4-A-ST1A,,2023-UGCOMSAF-4-A-ST1A,Year=0 - Selections: 500092 in T123A,,,10,T123A,Core,5B,500092,500092,Study Abroad,120,50009212322,
UGCOMSAF,5,Taught,,,2018,,US1CMP00,UGCOMS,BSc,Computer Science with Study Abroad,1,2023/24,ST1A,Enrolment Block,,No Online diet for this VCO/CBO,,,No 2023* diet for this VCO/CBO,,,,,,,,,,No matching MAP,
UGCOMSAF,5,Taught,,,2018,,US1CMP00,UGCOMS,BSc,Computer Science with Study Abroad,2,2023/24,ST1A,Enrolment Block,,No Online diet for this VCO/CBO,,,No 2023* diet for this VCO/CBO,,,,,,,,,,No matching MAP,
UGCOMSAF,5,Taught,,,2018,,US1CMP00,UGCOMS,BSc,Computer Science with Study Abroad,3,2023/24,ST1A,Enrolment Block,,No Online diet for this VCO/CBO,,,No 2023* diet for this VCO/CBO,,,,,,,,,,No matching MAP,
UGCOMSAF,5,Taught,,,2018,,US1CMP00,UGCOMS,BSc,Computer Science with Study Abroad,A,2023/24,ST1A,Enrolment Block,,No Online diet for this VCO/CBO,,,No 2023* diet for this VCO/CBO,,,,,,,,,,No matching MAP,
UGCOMSAF,6,Taught,,,2021,,US1CMO16,UGCOMS,BSc (Ordinary),Computer Science with Study Abroad,1,2023/24,ST1A,Enrolment Block,,No Online diet for this VCO/CBO,,,No 2023* diet for this VCO/CBO,,,,,,,,,,No matching MAP,
UGCOMSAF,6,Taught,,,2021,,US1CMO16,UGCOMS,BSc (Ordinary),Computer Science with Study Abroad,2,2023/24,ST1A,Enrolment Block,,No Online diet for this VCO/CBO,,,No 2023* diet for this VCO/CBO,,,,,,,,,,No matching MAP,
UGCOMSAF,6,Taught,,,2021,,US1CMO16,UGCOMS,BSc (Ordinary),Computer Science with Study Abroad,3,2023/24,ST1A,Enrolment Block,,No Online diet for this VCO/CBO,,,No 2023* diet for this VCO/CBO,,,,,,,,,,No matching MAP,
UGCOMSAF,6,Taught,,,2021,,US1CMO16,UGCOMS,BSc (Ordinary),Computer Science with Study Abroad,A,2023/24,ST1A,Enrolment Block,,No Online diet for this VCO/CBO,,,No 2023* diet for this VCO/CBO,,,,,,,,,,No matching MAP,
UGCOMSAF,7,Taught,,2022,,Y,US1CMP19,UGCSSE,BSc,Computer Science (Software Engineering) with Study Abroad,1,2023/24,ST1A,Enrolment Block,2024-UGCOMSAF-7-1-ST1A,,2023-UGCOMSAF-7-1-ST1A,"Year=0 - Selections: 441101 in T12, 441104 in T2, 441105 in T1, 441102 in T2, 441108 in T1, 441187 in T12, 441190 in T12",,,10,T12,Core,4,441101,441101,Programming Portfolio,40,441101T1&222,
UGCOMSAF,7,Taught,,2022,,Y,US1CMP19,UGCSSE,BSc,Computer Science (Software Engineering) with Study Abroad,1,2023/24,ST1A,Enrolment Block,2024-UGCOMSAF-7-1-ST1A,,2023-UGCOMSAF-7-1-ST1A,"Year=0 - Selections: 441101 in T12, 441104 in T2, 441105 in T1, 441102 in T2, 441108 in T1, 441187 in T12, 441190 in T12",,,20,T2,Compulsory,4,441104,441104,Computational Thinking,20,441104T12222,
UGCOMSAF,7,Taught,,2022,,Y,US1CMP19,UGCSSE,BSc,Computer Science (Software Engineering) with Study Abroad,1,2023/24,ST1A,Enrolment Block,2024-UGCOMSAF-7-1-ST1A,,2023-UGCOMSAF-7-1-ST1A,"Year=0 - Selections: 441101 in T12, 441104 in T2, 441105 in T1, 441102 in T2, 441108 in T1, 441187 in T12, 441190 in T12",,,30,T1,Compulsory,4,441105,441105,Algorithms and Data Structures,20,441105T12222,
UGCOMSAF,7,Taught,,2022,,Y,US1CMP19,UGCSSE,BSc,Computer Science (Software Engineering) with Study Abroad,1,2023/24,ST1A,Enrolment Block,2024-UGCOMSAF-7-1-ST1A,,2023-UGCOMSAF-7-1-ST1A,"Year=0 - Selections: 441101 in T12, 441104 in T2, 441105 in T1, 441102 in T2, 441108 in T1, 441187 in T12, 441190 in T12",,,40,T2,Compulsory,4,441102,441102,"Architectures, Operating Systems and the Cloud",20,441102T22222,
UGCOMSAF,7,Taught,,2022,,Y,US1CMP19,UGCSSE,BSc,Computer Science (Software Engineering) with Study Abroad,1,2023/24,ST1A,Enrolment Block,2024-UGCOMSAF-7-1-ST1A,,2023-UGCOMSAF-7-1-ST1A,"Year=0 - Selections: 441101 in T12, 441104 in T2, 441105 in T1, 441102 in T2, 441108 in T1, 441187 in T12, 441190 in T12",,,50,T1,Compulsory,4,441108,441108,Professional Development,20,441108T22222,
UGCOMSAF,7,Taught,,2022,,Y,US1CMP19,UGCSSE,BSc,Computer Science (Software Engineering) with Study Abroad,1,2023/24,ST1A,Enrolment Block,2024-UGCOMSAF-7-1-ST1A,,2023-UGCOMSAF-7-1-ST1A,"Year=0 - Selections: 441101 in T12, 441104 in T2, 441105 in T1, 441102 in T2, 441108 in T1, 441187 in T12, 441190 in T12",,,60,T12,Compulsory,4,441187,441187,Computer Science PASS module,0,No matching MAP,
UGCOMSAF,7,Taught,,2022,,Y,US1CMP19,UGCSSE,BSc,Computer Science (Software Engineering) with Study Abroad,1,2023/24,ST1A,Enrolment Block,2024-UGCOMSAF-7-1-ST1A,,2023-UGCOMSAF-7-1-ST1A,"Year=0 - Selections: 441101 in T12, 441104 in T2, 441105 in T1, 441102 in T2, 441108 in T1, 441187 in T12, 441190 in T12",,,70,,Compulsory,4,441190,441190,,0,No matching MAP,
UGCOMSAF,7,Taught,,2022,,Y,US1CMP19,UGCSSE,BSc,Computer Science (Software Engineering) with Study Abroad,2,2023/24,ST1A,Enrolment Block,2024-UGCOMSAF-7-2-ST1A,,2023-UGCOMSAF-7-2-ST1A,"Year=0 - Selections: 551462 in T12, 551457 in T1, 551456 in T1, 551460 in T2, 441190 in T12 - Electives: 20.00 available credits from 500083, 551461 in T2",,,10,T12,Core,5,551462,551462,Design Develop Deploy,40,551462T1222,
UGCOMSAF,7,Taught,,2022,,Y,US1CMP19,UGCSSE,BSc,Computer Science (Software Engineering) with Study Abroad,2,2023/24,ST1A,Enrolment Block,2024-UGCOMSAF-7-2-ST1A,,2023-UGCOMSAF-7-2-ST1A,"Year=0 - Selections: 551462 in T12, 551457 in T1, 551456 in T1, 551460 in T2, 441190 in T12 - Electives: 20.00 available credits from 500083, 551461 in T2",,,20,T1,Compulsory,5,551457,551457,Databases and Networks,20,551457T12222,
UGCOMSAF,7,Taught,,2022,,Y,US1CMP19,UGCSSE,BSc,Computer Science (Software Engineering) with Study Abroad,2,2023/24,ST1A,Enrolment Block,2024-UGCOMSAF-7-2-ST1A,,2023-UGCOMSAF-7-2-ST1A,"Year=0 - Selections: 551462 in T12, 551457 in T1, 551456 in T1, 551460 in T2, 441190 in T12 - Electives: 20.00 available credits from 500083, 551461 in T2",,,30,T1,Compulsory,5,551456,551456,Software Engineering Design Patterns,20,551456T12323,
UGCOMSAF,7,Taught,,2022,,Y,US1CMP19,UGCSSE,BSc,Computer Science (Software Engineering) with Study Abroad,2,2023/24,ST1A,Enrolment Block,2024-UGCOMSAF-7-2-ST1A,,2023-UGCOMSAF-7-2-ST1A,"Year=0 - Selections: 551462 in T12, 551457 in T1, 551456 in T1, 551460 in T2, 441190 in T12 - Electives: 20.00 available credits from 500083, 551461 in T2",,,40,T2,Compulsory,5,551460,551460,User Interfaces and Experience,20,551460T22222,
UGCOMSAF,7,Taught,,2022,,Y,US1CMP19,UGCSSE,BSc,Computer Science (Software Engineering) with Study Abroad,2,2023/24,ST1A,Enrolment Block,2024-UGCOMSAF-7-2-ST1A,,2023-UGCOMSAF-7-2-ST1A,"Year=0 - Selections: 551462 in T12, 551457 in T1, 551456 in T1, 551460 in T2, 441190 in T12 - Electives: 20.00 available credits from 500083, 551461 in T2",,,50,T2,Optional,5,SOFTENG T2 L5 OPS,500083,Advanced Programming,20,500083T22222,
UGCOMSAF,7,Taught,,2022,,Y,US1CMP19,UGCSSE,BSc,Computer Science (Software Engineering) with Study Abroad,2,2023/24,ST1A,Enrolment Block,2024-UGCOMSAF-7-2-ST1A,,2023-UGCOMSAF-7-2-ST1A,"Year=0 - Selections: 551462 in T12, 551457 in T1, 551456 in T1, 551460 in T2, 441190 in T12 - Electives: 20.00 available credits from 500083, 551461 in T2",,,50,T2,Optional,5,SOFTENG T2 L5 OPS,551461,Mixed Reality Development,20,551461T22323,
UGCOMSAF,7,Taught,,2022,,Y,US1CMP19,UGCSSE,BSc,Computer Science (Software Engineering) with Study Abroad,2,2023/24,ST1A,Enrolment Block,2024-UGCOMSAF-7-2-ST1A,,2023-UGCOMSAF-7-2-ST1A,"Year=0 - Selections: 551462 in T12, 551457 in T1, 551456 in T1, 551460 in T2, 441190 in T12 - Electives: 20.00 available credits from 500083, 551461 in T2",,,60,,Compulsory,4,441190,441190,,0,No matching MAP,
UGCOMSAF,7,Taught,,2022,,Y,US1CMP19,UGCSSE,BSc,Computer Science (Software Engineering) with Study Abroad,3,2023/24,ST1A,Enrolment Block,2024-UGCOMSAF-7-3-ST1A,,2023-UGCOMSAF-7-3-ST1A,"Year=0 - Selections: 661982 in T1, 661984 in T1, 600089 in T2, 661985 in T2, 441190 in T12 - Electives: 40.00 available credits from 600091, 662004 in T12",,,10,T12,Elective - If chosen cannot condone or compenste,6,SOFTENG T12 L6 OPS,600091,Honours Stage Project,40,60009112222,
UGCOMSAF,7,Taught,,2022,,Y,US1CMP19,UGCSSE,BSc,Computer Science (Software Engineering) with Study Abroad,3,2023/24,ST1A,Enrolment Block,2024-UGCOMSAF-7-3-ST1A,,2023-UGCOMSAF-7-3-ST1A,"Year=0 - Selections: 661982 in T1, 661984 in T1, 600089 in T2, 661985 in T2, 441190 in T12 - Electives: 40.00 available credits from 600091, 662004 in T12",,,10,T12,Elective - If chosen cannot condone or compenste,6,SOFTENG T12 L6 OPS,662004,Communicating and Teaching Computing,40,6.62E+11,
UGCOMSAF,7,Taught,,2022,,Y,US1CMP19,UGCSSE,BSc,Computer Science (Software Engineering) with Study Abroad,3,2023/24,ST1A,Enrolment Block,2024-UGCOMSAF-7-3-ST1A,,2023-UGCOMSAF-7-3-ST1A,"Year=0 - Selections: 661982 in T1, 661984 in T1, 600089 in T2, 661985 in T2, 441190 in T12 - Electives: 40.00 available credits from 600091, 662004 in T12",,,20,T1,Compulsory,6,661982,661982,Secure Digital Infrastructure,20,661982T12222,
UGCOMSAF,7,Taught,,2022,,Y,US1CMP19,UGCSSE,BSc,Computer Science (Software Engineering) with Study Abroad,3,2023/24,ST1A,Enrolment Block,2024-UGCOMSAF-7-3-ST1A,,2023-UGCOMSAF-7-3-ST1A,"Year=0 - Selections: 661982 in T1, 661984 in T1, 600089 in T2, 661985 in T2, 441190 in T12 - Electives: 40.00 available credits from 600091, 662004 in T12",,,30,T1,Compulsory,6,661984,661984,Digital Disruption and Innovation,20,661984T12222,
UGCOMSAF,7,Taught,,2022,,Y,US1CMP19,UGCSSE,BSc,Computer Science (Software Engineering) with Study Abroad,3,2023/24,ST1A,Enrolment Block,2024-UGCOMSAF-7-3-ST1A,,2023-UGCOMSAF-7-3-ST1A,"Year=0 - Selections: 661982 in T1, 661984 in T1, 600089 in T2, 661985 in T2, 441190 in T12 - Electives: 40.00 available credits from 600091, 662004 in T12",,,40,T2,Compulsory,6,600089,600089,Distributed Systems Programming,20,600089T22323,
UGCOMSAF,7,Taught,,2022,,Y,US1CMP19,UGCSSE,BSc,Computer Science (Software Engineering) with Study Abroad,3,2023/24,ST1A,Enrolment Block,2024-UGCOMSAF-7-3-ST1A,,2023-UGCOMSAF-7-3-ST1A,"Year=0 - Selections: 661982 in T1, 661984 in T1, 600089 in T2, 661985 in T2, 441190 in T12 - Electives: 40.00 available credits from 600091, 662004 in T12",,,50,T2,Compulsory,6,661985,661985,Safety Critical Systems,20,661985T22222,
UGCOMSAF,7,Taught,,2022,,Y,US1CMP19,UGCSSE,BSc,Computer Science (Software Engineering) with Study Abroad,3,2023/24,ST1A,Enrolment Block,2024-UGCOMSAF-7-3-ST1A,,2023-UGCOMSAF-7-3-ST1A,"Year=0 - Selections: 661982 in T1, 661984 in T1, 600089 in T2, 661985 in T2, 441190 in T12 - Electives: 40.00 available credits from 600091, 662004 in T12",,,60,,Compulsory,4,441190,441190,,0,No matching MAP,
UGCOMSAF,7,Taught,,2022,,Y,US1CMP19,UGCSSE,BSc,Computer Science (Software Engineering) with Study Abroad,A,2023/24,ST1A,Enrolment Block,2024-UGCOMSAF-7-A-ST1A,,2023-UGCOMSAF-7-A-ST1A,Year=0 - Selections: 500092 in T123A,,,10,T123A,Core,5B,500092,500092,Study Abroad,120,50009212322,
UGCOMSAF,8,Taught,,2023,,Y,US1CMP19,UGCSAI,BSc,Computer Science (Artificial Intelligence) with Study Abroad,1,2023/24,ST1A,Enrolment Block,2024-UGCOMSAF-8-1-ST1A,,2023-UGCOMSAF-8-1-ST1A,"Year=0 - Selections: 441101 in T12, 441104 in T2, 441105 in T1, 441102 in T2, 441108 in T1, 441187 in T12, 441190 in T12",,,10,T12,Core,4,441101,441101,Programming Portfolio,40,441101T1&222,
UGCOMSAF,8,Taught,,2023,,Y,US1CMP19,UGCSAI,BSc,Computer Science (Artificial Intelligence) with Study Abroad,1,2023/24,ST1A,Enrolment Block,2024-UGCOMSAF-8-1-ST1A,,2023-UGCOMSAF-8-1-ST1A,"Year=0 - Selections: 441101 in T12, 441104 in T2, 441105 in T1, 441102 in T2, 441108 in T1, 441187 in T12, 441190 in T12",,,20,T2,Compulsory,4,441104,441104,Computational Thinking,20,441104T12222,
UGCOMSAF,8,Taught,,2023,,Y,US1CMP19,UGCSAI,BSc,Computer Science (Artificial Intelligence) with Study Abroad,1,2023/24,ST1A,Enrolment Block,2024-UGCOMSAF-8-1-ST1A,,2023-UGCOMSAF-8-1-ST1A,"Year=0 - Selections: 441101 in T12, 441104 in T2, 441105 in T1, 441102 in T2, 441108 in T1, 441187 in T12, 441190 in T12",,,30,T1,Compulsory,4,441105,441105,Algorithms and Data Structures,20,441105T12222,
UGCOMSAF,8,Taught,,2023,,Y,US1CMP19,UGCSAI,BSc,Computer Science (Artificial Intelligence) with Study Abroad,1,2023/24,ST1A,Enrolment Block,2024-UGCOMSAF-8-1-ST1A,,2023-UGCOMSAF-8-1-ST1A,"Year=0 - Selections: 441101 in T12, 441104 in T2, 441105 in T1, 441102 in T2, 441108 in T1, 441187 in T12, 441190 in T12",,,40,T2,Compulsory,4,441102,441102,"Architectures, Operating Systems and the Cloud",20,441102T22222,
UGCOMSAF,8,Taught,,2023,,Y,US1CMP19,UGCSAI,BSc,Computer Science (Artificial Intelligence) with Study Abroad,1,2023/24,ST1A,Enrolment Block,2024-UGCOMSAF-8-1-ST1A,,2023-UGCOMSAF-8-1-ST1A,"Year=0 - Selections: 441101 in T12, 441104 in T2, 441105 in T1, 441102 in T2, 441108 in T1, 441187 in T12, 441190 in T12",,,50,T1,Compulsory,4,441108,441108,Professional Development,20,441108T22222,
UGCOMSAF,8,Taught,,2023,,Y,US1CMP19,UGCSAI,BSc,Computer Science (Artificial Intelligence) with Study Abroad,1,2023/24,ST1A,Enrolment Block,2024-UGCOMSAF-8-1-ST1A,,2023-UGCOMSAF-8-1-ST1A,"Year=0 - Selections: 441101 in T12, 441104 in T2, 441105 in T1, 441102 in T2, 441108 in T1, 441187 in T12, 441190 in T12",,,60,T12,Compulsory,4,441187,441187,Computer Science PASS module,0,No matching MAP,
UGCOMSAF,8,Taught,,2023,,Y,US1CMP19,UGCSAI,BSc,Computer Science (Artificial Intelligence) with Study Abroad,1,2023/24,ST1A,Enrolment Block,2024-UGCOMSAF-8-1-ST1A,,2023-UGCOMSAF-8-1-ST1A,"Year=0 - Selections: 441101 in T12, 441104 in T2, 441105 in T1, 441102 in T2, 441108 in T1, 441187 in T12, 441190 in T12",,,70,,Compulsory,4,441190,441190,,0,No matching MAP,
UGCOMSAF,8,Taught,,2023,,Y,US1CMP19,UGCSAI,BSc,Computer Science (Artificial Intelligence) with Study Abroad,2,2023/24,ST1A,Enrolment Block,2024-UGCOMSAF-8-2-ST1A,,,,No 2023* diet for this VCO/CBO,,,,,,,,,,No matching MAP,
UGCOMSAF,8,Taught,,2023,,Y,US1CMP19,UGCSAI,BSc,Computer Science (Artificial Intelligence) with Study Abroad,3,2023/24,ST1A,Enrolment Block,,No Online diet for this VCO/CBO,,,No 2023* diet for this VCO/CBO,,,,,,,,,,No matching MAP,
UGCOMSAF,8,Taught,,2023,,Y,US1CMP19,UGCSAI,BSc,Computer Science (Artificial Intelligence) with Study Abroad,A,2023/24,ST1A,Enrolment Block,,No Online diet for this VCO/CBO,,,No 2023* diet for this VCO/CBO,,,,,,,,,,No matching MAP,
UGCOMSAF,9,Taught,,2022,,Y,US2CMP19,UGCOCS,BSc,Computing (Computer Science) with Study Abroad,1,2023/24,ST1A,Enrolment Block,2024-UGCOMSAF-9-1-ST1A,,2023-UGCOMSAF-9-1-ST1A,,,,10,T12,Core,4,441101,441101,Programming Portfolio,40,441101T1&222,
UGCOMSAF,9,Taught,,2022,,Y,US2CMP19,UGCOCS,BSc,Computing (Computer Science) with Study Abroad,1,2023/24,ST1A,Enrolment Block,2024-UGCOMSAF-9-1-ST1A,,2023-UGCOMSAF-9-1-ST1A,,,,20,T2,Compulsory,4,441104,441104,Computational Thinking,20,441104T12222,
UGCOMSAF,9,Taught,,2022,,Y,US2CMP19,UGCOCS,BSc,Computing (Computer Science) with Study Abroad,1,2023/24,ST1A,Enrolment Block,2024-UGCOMSAF-9-1-ST1A,,2023-UGCOMSAF-9-1-ST1A,,,,30,T1,Compulsory,4,441105,441105,Algorithms and Data Structures,20,441105T12222,
UGCOMSAF,9,Taught,,2022,,Y,US2CMP19,UGCOCS,BSc,Computing (Computer Science) with Study Abroad,1,2023/24,ST1A,Enrolment Block,2024-UGCOMSAF-9-1-ST1A,,2023-UGCOMSAF-9-1-ST1A,,,,40,T2,Compulsory,4,441102,441102,"Architectures, Operating Systems and the Cloud",20,441102T22222,
UGCOMSAF,9,Taught,,2022,,Y,US2CMP19,UGCOCS,BSc,Computing (Computer Science) with Study Abroad,1,2023/24,ST1A,Enrolment Block,2024-UGCOMSAF-9-1-ST1A,,2023-UGCOMSAF-9-1-ST1A,,,,50,T1,Compulsory,4,441108,441108,Professional Development,20,441108T22222,
UGCOMSAF,9,Taught,,2022,,Y,US2CMP19,UGCOCS,BSc,Computing (Computer Science) with Study Abroad,2,2023/24,ST1A,Enrolment Block,2024-UGCOMSAF-9-2-ST1A,,2023-UGCOMSAF-9-2-ST1A,"Year=0 - Selections: 551462 in T12, 551457 in T1, 551458 in T1, 551460 in T2, 441190 in T12 - Electives: 20.00 available credits from 500083, 551461, 551672 in T2",,,10,T12,Core,5,551462,551462,Design Develop Deploy,40,551462T1222,
UGCOMSAF,9,Taught,,2022,,Y,US2CMP19,UGCOCS,BSc,Computing (Computer Science) with Study Abroad,2,2023/24,ST1A,Enrolment Block,2024-UGCOMSAF-9-2-ST1A,,2023-UGCOMSAF-9-2-ST1A,"Year=0 - Selections: 551462 in T12, 551457 in T1, 551458 in T1, 551460 in T2, 441190 in T12 - Electives: 20.00 available credits from 500083, 551461, 551672 in T2",,,20,T1,Compulsory,5,551457,551457,Databases and Networks,20,551457T12222,
UGCOMSAF,9,Taught,,2022,,Y,US2CMP19,UGCOCS,BSc,Computing (Computer Science) with Study Abroad,2,2023/24,ST1A,Enrolment Block,2024-UGCOMSAF-9-2-ST1A,,2023-UGCOMSAF-9-2-ST1A,"Year=0 - Selections: 551462 in T12, 551457 in T1, 551458 in T1, 551460 in T2, 441190 in T12 - Electives: 20.00 available credits from 500083, 551461, 551672 in T2",,,30,T1,Compulsory,5,551458,551458,Artificial Intelligence,20,551458T12222,
UGCOMSAF,9,Taught,,2022,,Y,US2CMP19,UGCOCS,BSc,Computing (Computer Science) with Study Abroad,2,2023/24,ST1A,Enrolment Block,2024-UGCOMSAF-9-2-ST1A,,2023-UGCOMSAF-9-2-ST1A,"Year=0 - Selections: 551462 in T12, 551457 in T1, 551458 in T1, 551460 in T2, 441190 in T12 - Electives: 20.00 available credits from 500083, 551461, 551672 in T2",,,40,T2,Compulsory,5,551460,551460,User Interfaces and Experience,20,551460T22222,
UGCOMSAF,9,Taught,,2022,,Y,US2CMP19,UGCOCS,BSc,Computing (Computer Science) with Study Abroad,2,2023/24,ST1A,Enrolment Block,2024-UGCOMSAF-9-2-ST1A,,2023-UGCOMSAF-9-2-ST1A,"Year=0 - Selections: 551462 in T12, 551457 in T1, 551458 in T1, 551460 in T2, 441190 in T12 - Electives: 20.00 available credits from 500083, 551461, 551672 in T2",,,50,,Optional,5,BSC COMP SCI T2 L5 OPTS,551672,,20,No matching MAP,
UGCOMSAF,9,Taught,,2022,,Y,US2CMP19,UGCOCS,BSc,Computing (Computer Science) with Study Abroad,2,2023/24,ST1A,Enrolment Block,2024-UGCOMSAF-9-2-ST1A,,2023-UGCOMSAF-9-2-ST1A,"Year=0 - Selections: 551462 in T12, 551457 in T1, 551458 in T1, 551460 in T2, 441190 in T12 - Electives: 20.00 available credits from 500083, 551461, 551672 in T2",,,50,T2,Optional,5,BSC COMP SCI T2 L5 OPTS,500083,Advanced Programming,20,500083T22222,
UGCOMSAF,9,Taught,,2022,,Y,US2CMP19,UGCOCS,BSc,Computing (Computer Science) with Study Abroad,2,2023/24,ST1A,Enrolment Block,2024-UGCOMSAF-9-2-ST1A,,2023-UGCOMSAF-9-2-ST1A,"Year=0 - Selections: 551462 in T12, 551457 in T1, 551458 in T1, 551460 in T2, 441190 in T12 - Electives: 20.00 available credits from 500083, 551461, 551672 in T2",,,50,T2,Optional,5,BSC COMP SCI T2 L5 OPTS,551461,Mixed Reality Development,20,551461T22323,
UGCOMSAF,9,Taught,,2022,,Y,US2CMP19,UGCOCS,BSc,Computing (Computer Science) with Study Abroad,2,2023/24,ST1A,Enrolment Block,2024-UGCOMSAF-9-2-ST1A,,2023-UGCOMSAF-9-2-ST1A,"Year=0 - Selections: 551462 in T12, 551457 in T1, 551458 in T1, 551460 in T2, 441190 in T12 - Electives: 20.00 available credits from 500083, 551461, 551672 in T2",,,60,,Compulsory,4,441190,441190,,0,No matching MAP,
UGCOMSAF,9,Taught,,2022,,Y,US2CMP19,UGCOCS,BSc,Computing (Computer Science) with Study Abroad,3,2023/24,ST1A,Enrolment Block,2024-UGCOMSAF-9-3-ST1A,,2023-UGCOMSAF-9-3-ST1A,"Year=0 - Selections: 661987 in T1, 600093 in T2, 441190 in T12 - Electives: 40.00 available credits from 600091, 662004 in T12, 20.00 available credits from 661982, 661984, 662086 in T1, 20.00 available credits from 600100, 600089, 661985, 600086, 661987, 662253 in T2",,,10,T12,Elective - If chosen cannot condone or compenste,6,COMP SCI L6 T12 OPTS,600091,Honours Stage Project,40,60009112222,
UGCOMSAF,9,Taught,,2022,,Y,US2CMP19,UGCOCS,BSc,Computing (Computer Science) with Study Abroad,3,2023/24,ST1A,Enrolment Block,2024-UGCOMSAF-9-3-ST1A,,2023-UGCOMSAF-9-3-ST1A,"Year=0 - Selections: 661987 in T1, 600093 in T2, 441190 in T12 - Electives: 40.00 available credits from 600091, 662004 in T12, 20.00 available credits from 661982, 661984, 662086 in T1, 20.00 available credits from 600100, 600089, 661985, 600086, 661987, 662253 in T2",,,10,T12,Elective - If chosen cannot condone or compenste,6,COMP SCI L6 T12 OPTS,662004,Communicating and Teaching Computing,40,6.62E+11,
UGCOMSAF,9,Taught,,2022,,Y,US2CMP19,UGCOCS,BSc,Computing (Computer Science) with Study Abroad,3,2023/24,ST1A,Enrolment Block,2024-UGCOMSAF-9-3-ST1A,,2023-UGCOMSAF-9-3-ST1A,"Year=0 - Selections: 661987 in T1, 600093 in T2, 441190 in T12 - Electives: 40.00 available credits from 600091, 662004 in T12, 20.00 available credits from 661982, 661984, 662086 in T1, 20.00 available credits from 600100, 600089, 661985, 600086, 661987, 662253 in T2",,,20,T1,Compulsory,6,661987,661987,Data Analysis and Visualisation,20,661987T12222,
UGCOMSAF,9,Taught,,2022,,Y,US2CMP19,UGCOCS,BSc,Computing (Computer Science) with Study Abroad,3,2023/24,ST1A,Enrolment Block,2024-UGCOMSAF-9-3-ST1A,,2023-UGCOMSAF-9-3-ST1A,"Year=0 - Selections: 661987 in T1, 600093 in T2, 441190 in T12 - Electives: 40.00 available credits from 600091, 662004 in T12, 20.00 available credits from 661982, 661984, 662086 in T1, 20.00 available credits from 600100, 600089, 661985, 600086, 661987, 662253 in T2",,,30,T1,Optional,6,COMP SCI L6 T1 OPTS,661982,Secure Digital Infrastructure,20,661982T12222,
UGCOMSAF,9,Taught,,2022,,Y,US2CMP19,UGCOCS,BSc,Computing (Computer Science) with Study Abroad,3,2023/24,ST1A,Enrolment Block,2024-UGCOMSAF-9-3-ST1A,,2023-UGCOMSAF-9-3-ST1A,"Year=0 - Selections: 661987 in T1, 600093 in T2, 441190 in T12 - Electives: 40.00 available credits from 600091, 662004 in T12, 20.00 available credits from 661982, 661984, 662086 in T1, 20.00 available credits from 600100, 600089, 661985, 600086, 661987, 662253 in T2",,,30,T1,Optional,6,COMP SCI L6 T1 OPTS,661984,Digital Disruption and Innovation,20,661984T12222,
UGCOMSAF,9,Taught,,2022,,Y,US2CMP19,UGCOCS,BSc,Computing (Computer Science) with Study Abroad,3,2023/24,ST1A,Enrolment Block,2024-UGCOMSAF-9-3-ST1A,,2023-UGCOMSAF-9-3-ST1A,"Year=0 - Selections: 661987 in T1, 600093 in T2, 441190 in T12 - Electives: 40.00 available credits from 600091, 662004 in T12, 20.00 available credits from 661982, 661984, 662086 in T1, 20.00 available credits from 600100, 600089, 661985, 600086, 661987, 662253 in T2",,,30,T1,Optional,6,COMP SCI L6 T1 OPTS,662086,Machine Learning,20,662086T12222,
UGCOMSAF,9,Taught,,2022,,Y,US2CMP19,UGCOCS,BSc,Computing (Computer Science) with Study Abroad,3,2023/24,ST1A,Enrolment Block,2024-UGCOMSAF-9-3-ST1A,,2023-UGCOMSAF-9-3-ST1A,"Year=0 - Selections: 661987 in T1, 600093 in T2, 441190 in T12 - Electives: 40.00 available credits from 600091, 662004 in T12, 20.00 available credits from 661982, 661984, 662086 in T1, 20.00 available credits from 600100, 600089, 661985, 600086, 661987, 662253 in T2",,,40,,Optional,6,COMP SCI L6 T2 OPTS,661987,,20,No matching MAP,
UGCOMSAF,9,Taught,,2022,,Y,US2CMP19,UGCOCS,BSc,Computing (Computer Science) with Study Abroad,3,2023/24,ST1A,Enrolment Block,2024-UGCOMSAF-9-3-ST1A,,2023-UGCOMSAF-9-3-ST1A,"Year=0 - Selections: 661987 in T1, 600093 in T2, 441190 in T12 - Electives: 40.00 available credits from 600091, 662004 in T12, 20.00 available credits from 661982, 661984, 662086 in T1, 20.00 available credits from 600100, 600089, 661985, 600086, 661987, 662253 in T2",,,40,,Optional,6,COMP SCI L6 T2 OPTS,662253,,20,No matching MAP,
UGCOMSAF,9,Taught,,2022,,Y,US2CMP19,UGCOCS,BSc,Computing (Computer Science) with Study Abroad,3,2023/24,ST1A,Enrolment Block,2024-UGCOMSAF-9-3-ST1A,,2023-UGCOMSAF-9-3-ST1A,"Year=0 - Selections: 661987 in T1, 600093 in T2, 441190 in T12 - Electives: 40.00 available credits from 600091, 662004 in T12, 20.00 available credits from 661982, 661984, 662086 in T1, 20.00 available credits from 600100, 600089, 661985, 600086, 661987, 662253 in T2",,,40,T2,Optional,6,COMP SCI L6 T2 OPTS,600086,Parallel and Concurrent Programming,20,600086T22222,
UGCOMSAF,9,Taught,,2022,,Y,US2CMP19,UGCOCS,BSc,Computing (Computer Science) with Study Abroad,3,2023/24,ST1A,Enrolment Block,2024-UGCOMSAF-9-3-ST1A,,2023-UGCOMSAF-9-3-ST1A,"Year=0 - Selections: 661987 in T1, 600093 in T2, 441190 in T12 - Electives: 40.00 available credits from 600091, 662004 in T12, 20.00 available credits from 661982, 661984, 662086 in T1, 20.00 available credits from 600100, 600089, 661985, 600086, 661987, 662253 in T2",,,40,T2,Optional,6,COMP SCI L6 T2 OPTS,600089,Distributed Systems Programming,20,600089T22323,
UGCOMSAF,9,Taught,,2022,,Y,US2CMP19,UGCOCS,BSc,Computing (Computer Science) with Study Abroad,3,2023/24,ST1A,Enrolment Block,2024-UGCOMSAF-9-3-ST1A,,2023-UGCOMSAF-9-3-ST1A,"Year=0 - Selections: 661987 in T1, 600093 in T2, 441190 in T12 - Electives: 40.00 available credits from 600091, 662004 in T12, 20.00 available credits from 661982, 661984, 662086 in T1, 20.00 available credits from 600100, 600089, 661985, 600086, 661987, 662253 in T2",,,40,T2,Optional,6,COMP SCI L6 T2 OPTS,600100,Computer Vision,20,600100T2323,
UGCOMSAF,9,Taught,,2022,,Y,US2CMP19,UGCOCS,BSc,Computing (Computer Science) with Study Abroad,3,2023/24,ST1A,Enrolment Block,2024-UGCOMSAF-9-3-ST1A,,2023-UGCOMSAF-9-3-ST1A,"Year=0 - Selections: 661987 in T1, 600093 in T2, 441190 in T12 - Electives: 40.00 available credits from 600091, 662004 in T12, 20.00 available credits from 661982, 661984, 662086 in T1, 20.00 available credits from 600100, 600089, 661985, 600086, 661987, 662253 in T2",,,40,T2,Optional,6,COMP SCI L6 T2 OPTS,661985,Safety Critical Systems,20,661985T22222,
UGCOMSAF,9,Taught,,2022,,Y,US2CMP19,UGCOCS,BSc,Computing (Computer Science) with Study Abroad,3,2023/24,ST1A,Enrolment Block,2024-UGCOMSAF-9-3-ST1A,,2023-UGCOMSAF-9-3-ST1A,"Year=0 - Selections: 661987 in T1, 600093 in T2, 441190 in T12 - Electives: 40.00 available credits from 600091, 662004 in T12, 20.00 available credits from 661982, 661984, 662086 in T1, 20.00 available credits from 600100, 600089, 661985, 600086, 661987, 662253 in T2",,,50,T2,Compulsory,6,600093,600093,Computational Science,20,600093T22222,
UGCOMSAF,9,Taught,,2022,,Y,US2CMP19,UGCOCS,BSc,Computing (Computer Science) with Study Abroad,3,2023/24,ST1A,Enrolment Block,2024-UGCOMSAF-9-3-ST1A,,2023-UGCOMSAF-9-3-ST1A,"Year=0 - Selections: 661987 in T1, 600093 in T2, 441190 in T12 - Electives: 40.00 available credits from 600091, 662004 in T12, 20.00 available credits from 661982, 661984, 662086 in T1, 20.00 available credits from 600100, 600089, 661985, 600086, 661987, 662253 in T2",,,60,,Compulsory,4,441190,441190,,0,No matching MAP,
UGCOMSAF,9,Taught,,2022,,Y,US2CMP19,UGCOCS,BSc,Computing (Computer Science) with Study Abroad,A,2023/24,ST1A,Enrolment Block,2024-UGCOMSAF-9-A-ST1A,,2023-UGCOMSAF-9-A-ST1A,Year=0 - Selections: 500092 in T123A,,,10,T123A,Core,5B,500092,500092,Study Abroad,120,50009212322,
UGCOMSDF,1,Taught,,,2021,,US1CMP16,UGCOMS,BSc,Computer Science with Industrial Experience (with Foundation Year),0,2023/24,ST1A,Enrolment Block,2024-UGCOMSDF--0-ST1A,,2023-UGCOMSDF--0-ST1A,,,,,,,,,,,,No matching MAP,
UGCOMSDF,1,Taught,,,2021,,US1CMP16,UGCOMS,BSc,Computer Science with Industrial Experience (with Foundation Year),1,2023/24,ST1A,Enrolment Block,2024-UGCOMSDF--1-ST1A,,2023-UGCOMSDF--1-ST1A,,,,,,,,,,,,No matching MAP,
UGCOMSDF,1,Taught,,,2021,,US1CMP16,UGCOMS,BSc,Computer Science with Industrial Experience (with Foundation Year),2,2023/24,ST1A,Enrolment Block,2024-UGCOMSDF--2-ST1A,,2023-UGCOMSDF--2-ST1A,,,,,,,,,,,,No matching MAP,
UGCOMSDF,1,Taught,,,2021,,US1CMP16,UGCOMS,BSc,Computer Science with Industrial Experience (with Foundation Year),3,2023/24,ST1A,Enrolment Block,2024-UGCOMSDF--3-ST1A,,2023-UGCOMSDF--3-ST1A,,,,,,,,,,,,No matching MAP,
UGCOMSDF,1,Taught,,,2021,,US1CMP16,UGCOMS,BSc,Computer Science with Industrial Experience (with Foundation Year),P,2023/24,ST1A,Enrolment Block,2024-UGCOMSDF--P-ST1A,,2023-UGCOMSDF--P-ST1A,,,,,,,,,,,,No matching MAP,
UGCOMSFF,1,Taught,,,2020,N,US1CMP16,UGCSES,BSc,Computer Science (Embedded Systems) with Foundation Year,0,2023/24,ST1A,Enrolment Block,,No Online diet for this VCO/CBO,,,No 2023* diet for this VCO/CBO,,,,,,,,,,No matching MAP,
UGCOMSFF,1,Taught,,,2020,N,US1CMP16,UGCSES,BSc,Computer Science (Embedded Systems) with Foundation Year,1,2023/24,ST1A,Enrolment Block,,No Online diet for this VCO/CBO,,,No 2023* diet for this VCO/CBO,,,,,,,,,,No matching MAP,
UGCOMSFF,1,Taught,,,2020,N,US1CMP16,UGCSES,BSc,Computer Science (Embedded Systems) with Foundation Year,2,2023/24,ST1A,Enrolment Block,,No Online diet for this VCO/CBO,,,No 2023* diet for this VCO/CBO,,,,,,,,,,No matching MAP,
UGCOMSFF,1,Taught,,,2020,N,US1CMP16,UGCSES,BSc,Computer Science (Embedded Systems) with Foundation Year,3,2023/24,ST1A,Enrolment Block,,No Online diet for this VCO/CBO,,,No 2023* diet for this VCO/CBO,,,,,,,,,,No matching MAP,
UGCOMSFF,10,Taught,,2022,,Y,US2CMP19,UGCOCS,BSc,Computing (Computer Science) with Foundation Year,0,2023/24,ST1A,Enrolment Block,2024-UGCOMSFF-10-0-ST1A,,2023-UGCOMSFF-10-0-ST1A,"Year=0 - Selections: 300008 in T1, 300014 in T1, 330113 in T2, 300031 in T2 - Electives: 20.00 available credits from 300001, 300013 in T1, 20.00 available credits from 300002, 300012 in T2",,,10,T1,Core,3,300008,300008,Preparing for Learning in Higher Education,20,300008T12323,
UGCOMSFF,10,Taught,,2022,,Y,US2CMP19,UGCOCS,BSc,Computing (Computer Science) with Foundation Year,0,2023/24,ST1A,Enrolment Block,2024-UGCOMSFF-10-0-ST1A,,2023-UGCOMSFF-10-0-ST1A,"Year=0 - Selections: 300008 in T1, 300014 in T1, 330113 in T2, 300031 in T2 - Electives: 20.00 available credits from 300001, 300013 in T1, 20.00 available credits from 300002, 300012 in T2",,,30,T1,Core,3,300014,300014,Introduction to Computing,20,300014T12323,
UGCOMSFF,10,Taught,,2022,,Y,US2CMP19,UGCOCS,BSc,Computing (Computer Science) with Foundation Year,0,2023/24,ST1A,Enrolment Block,2024-UGCOMSFF-10-0-ST1A,,2023-UGCOMSFF-10-0-ST1A,"Year=0 - Selections: 300008 in T1, 300014 in T1, 330113 in T2, 300031 in T2 - Electives: 20.00 available credits from 300001, 300013 in T1, 20.00 available credits from 300002, 300012 in T2",,,40,T2,Core,3,330113,330113,Group Challenge,20,330113T22121,
UGCOMSFF,10,Taught,,2022,,Y,US2CMP19,UGCOCS,BSc,Computing (Computer Science) with Foundation Year,0,2023/24,ST1A,Enrolment Block,2024-UGCOMSFF-10-0-ST1A,,2023-UGCOMSFF-10-0-ST1A,"Year=0 - Selections: 300008 in T1, 300014 in T1, 330113 in T2, 300031 in T2 - Electives: 20.00 available credits from 300001, 300013 in T1, 20.00 available credits from 300002, 300012 in T2",,,60,T2,Compulsory,3,300031,300031,Foundation in Data Analysis,20,300031A2323,
UGCOMSFF,10,Taught,,2022,,Y,US2CMP19,UGCOCS,BSc,Computing (Computer Science) with Foundation Year,0,2023/24,ST1A,Enrolment Block,2024-UGCOMSFF-10-0-ST1A,,2023-UGCOMSFF-10-0-ST1A,"Year=0 - Selections: 300008 in T1, 300014 in T1, 330113 in T2, 300031 in T2 - Electives: 20.00 available credits from 300001, 300013 in T1, 20.00 available credits from 300002, 300012 in T2",,,70,T1,Elective - If chosen cannot condone or compenste,3,CSTL3T1OPT,300001,Foundation Maths A,20,300001T123A,
UGCOMSFF,10,Taught,,2022,,Y,US2CMP19,UGCOCS,BSc,Computing (Computer Science) with Foundation Year,0,2023/24,ST1A,Enrolment Block,2024-UGCOMSFF-10-0-ST1A,,2023-UGCOMSFF-10-0-ST1A,"Year=0 - Selections: 300008 in T1, 300014 in T1, 330113 in T2, 300031 in T2 - Electives: 20.00 available credits from 300001, 300013 in T1, 20.00 available credits from 300002, 300012 in T2",,,70,T1,Elective - If chosen cannot condone or compenste,3,CSTL3T1OPT,300013,Foundation Maths 1,20,300013T123A,
UGCOMSFF,10,Taught,,2022,,Y,US2CMP19,UGCOCS,BSc,Computing (Computer Science) with Foundation Year,0,2023/24,ST1A,Enrolment Block,2024-UGCOMSFF-10-0-ST1A,,2023-UGCOMSFF-10-0-ST1A,"Year=0 - Selections: 300008 in T1, 300014 in T1, 330113 in T2, 300031 in T2 - Electives: 20.00 available credits from 300001, 300013 in T1, 20.00 available credits from 300002, 300012 in T2",,,80,T2,Elective - If chosen cannot condone or compenste,3,CSTL3T2OPT,300002,Foundation Maths B,20,300002T223A,
UGCOMSFF,10,Taught,,2022,,Y,US2CMP19,UGCOCS,BSc,Computing (Computer Science) with Foundation Year,0,2023/24,ST1A,Enrolment Block,2024-UGCOMSFF-10-0-ST1A,,2023-UGCOMSFF-10-0-ST1A,"Year=0 - Selections: 300008 in T1, 300014 in T1, 330113 in T2, 300031 in T2 - Electives: 20.00 available credits from 300001, 300013 in T1, 20.00 available credits from 300002, 300012 in T2",,,80,T2,Elective - If chosen cannot condone or compenste,3,CSTL3T2OPT,300012,Foundation Maths 2,20,300012T223A,
UGCOMSFF,10,Taught,,2022,,Y,US2CMP19,UGCOCS,BSc,Computing (Computer Science) with Foundation Year,1,2023/24,ST1A,Enrolment Block,2024-UGCOMSFF-10-1-ST1A,,2023-UGCOMSFF-10-1-ST1A,,,,10,T12,Core,4,441101,441101,Programming Portfolio,40,441101T1&222,
UGCOMSFF,10,Taught,,2022,,Y,US2CMP19,UGCOCS,BSc,Computing (Computer Science) with Foundation Year,1,2023/24,ST1A,Enrolment Block,2024-UGCOMSFF-10-1-ST1A,,2023-UGCOMSFF-10-1-ST1A,,,,20,T2,Compulsory,4,441104,441104,Computational Thinking,20,441104T12222,
UGCOMSFF,10,Taught,,2022,,Y,US2CMP19,UGCOCS,BSc,Computing (Computer Science) with Foundation Year,1,2023/24,ST1A,Enrolment Block,2024-UGCOMSFF-10-1-ST1A,,2023-UGCOMSFF-10-1-ST1A,,,,30,T1,Compulsory,4,441105,441105,Algorithms and Data Structures,20,441105T12222,
UGCOMSFF,10,Taught,,2022,,Y,US2CMP19,UGCOCS,BSc,Computing (Computer Science) with Foundation Year,1,2023/24,ST1A,Enrolment Block,2024-UGCOMSFF-10-1-ST1A,,2023-UGCOMSFF-10-1-ST1A,,,,40,T2,Compulsory,4,441102,441102,"Architectures, Operating Systems and the Cloud",20,441102T22222,
UGCOMSFF,10,Taught,,2022,,Y,US2CMP19,UGCOCS,BSc,Computing (Computer Science) with Foundation Year,1,2023/24,ST1A,Enrolment Block,2024-UGCOMSFF-10-1-ST1A,,2023-UGCOMSFF-10-1-ST1A,,,,50,T1,Compulsory,4,441108,441108,Professional Development,20,441108T22222,
UGCOMSFF,10,Taught,,2022,,Y,US2CMP19,UGCOCS,BSc,Computing (Computer Science) with Foundation Year,2,2023/24,ST1A,Enrolment Block,2024-UGCOMSFF-10-2-ST1A,,2023-UGCOMSFF-10-2-ST1A,"Year=0 - Selections: 551462 in T12, 551457 in T1, 551458 in T1, 551460 in T2, 441190 in T12 - Electives: 20.00 available credits from 500083, 551461, 551672 in T2",,,10,T12,Core,5,551462,551462,Design Develop Deploy,40,551462T1222,
UGCOMSFF,10,Taught,,2022,,Y,US2CMP19,UGCOCS,BSc,Computing (Computer Science) with Foundation Year,2,2023/24,ST1A,Enrolment Block,2024-UGCOMSFF-10-2-ST1A,,2023-UGCOMSFF-10-2-ST1A,"Year=0 - Selections: 551462 in T12, 551457 in T1, 551458 in T1, 551460 in T2, 441190 in T12 - Electives: 20.00 available credits from 500083, 551461, 551672 in T2",,,20,T1,Compulsory,5,551457,551457,Databases and Networks,20,551457T12222,
UGCOMSFF,10,Taught,,2022,,Y,US2CMP19,UGCOCS,BSc,Computing (Computer Science) with Foundation Year,2,2023/24,ST1A,Enrolment Block,2024-UGCOMSFF-10-2-ST1A,,2023-UGCOMSFF-10-2-ST1A,"Year=0 - Selections: 551462 in T12, 551457 in T1, 551458 in T1, 551460 in T2, 441190 in T12 - Electives: 20.00 available credits from 500083, 551461, 551672 in T2",,,30,T1,Compulsory,5,551458,551458,Artificial Intelligence,20,551458T12222,
UGCOMSFF,10,Taught,,2022,,Y,US2CMP19,UGCOCS,BSc,Computing (Computer Science) with Foundation Year,2,2023/24,ST1A,Enrolment Block,2024-UGCOMSFF-10-2-ST1A,,2023-UGCOMSFF-10-2-ST1A,"Year=0 - Selections: 551462 in T12, 551457 in T1, 551458 in T1, 551460 in T2, 441190 in T12 - Electives: 20.00 available credits from 500083, 551461, 551672 in T2",,,40,T2,Compulsory,5,551460,551460,User Interfaces and Experience,20,551460T22222,
UGCOMSFF,10,Taught,,2022,,Y,US2CMP19,UGCOCS,BSc,Computing (Computer Science) with Foundation Year,2,2023/24,ST1A,Enrolment Block,2024-UGCOMSFF-10-2-ST1A,,2023-UGCOMSFF-10-2-ST1A,"Year=0 - Selections: 551462 in T12, 551457 in T1, 551458 in T1, 551460 in T2, 441190 in T12 - Electives: 20.00 available credits from 500083, 551461, 551672 in T2",,,50,,Optional,5,BSC COMP SCI T2 L5 OPTS,551672,,20,No matching MAP,
UGCOMSFF,10,Taught,,2022,,Y,US2CMP19,UGCOCS,BSc,Computing (Computer Science) with Foundation Year,2,2023/24,ST1A,Enrolment Block,2024-UGCOMSFF-10-2-ST1A,,2023-UGCOMSFF-10-2-ST1A,"Year=0 - Selections: 551462 in T12, 551457 in T1, 551458 in T1, 551460 in T2, 441190 in T12 - Electives: 20.00 available credits from 500083, 551461, 551672 in T2",,,50,T2,Optional,5,BSC COMP SCI T2 L5 OPTS,500083,Advanced Programming,20,500083T22222,
UGCOMSFF,10,Taught,,2022,,Y,US2CMP19,UGCOCS,BSc,Computing (Computer Science) with Foundation Year,2,2023/24,ST1A,Enrolment Block,2024-UGCOMSFF-10-2-ST1A,,2023-UGCOMSFF-10-2-ST1A,"Year=0 - Selections: 551462 in T12, 551457 in T1, 551458 in T1, 551460 in T2, 441190 in T12 - Electives: 20.00 available credits from 500083, 551461, 551672 in T2",,,50,T2,Optional,5,BSC COMP SCI T2 L5 OPTS,551461,Mixed Reality Development,20,551461T22323,
UGCOMSFF,10,Taught,,2022,,Y,US2CMP19,UGCOCS,BSc,Computing (Computer Science) with Foundation Year,2,2023/24,ST1A,Enrolment Block,2024-UGCOMSFF-10-2-ST1A,,2023-UGCOMSFF-10-2-ST1A,"Year=0 - Selections: 551462 in T12, 551457 in T1, 551458 in T1, 551460 in T2, 441190 in T12 - Electives: 20.00 available credits from 500083, 551461, 551672 in T2",,,60,,Compulsory,4,441190,441190,,0,No matching MAP,
UGCOMSFF,10,Taught,,2022,,Y,US2CMP19,UGCOCS,BSc,Computing (Computer Science) with Foundation Year,3,2023/24,ST1A,Enrolment Block,2024-UGCOMSFF-10-3-ST1A,,2023-UGCOMSFF-10-3-ST1A,"Year=0 - Selections: 661987 in T1, 600093 in T2, 441190 in T12 - Electives: 40.00 available credits from 600091, 662004 in T12, 20.00 available credits from 661982, 661984, 662086 in T1, 20.00 available credits from 600100, 600089, 661985, 600086, 661987, 662253 in T2",,,10,T12,Elective - If chosen cannot condone or compenste,6,COMP SCI L6 T12 OPTS,600091,Honours Stage Project,40,60009112222,
UGCOMSFF,10,Taught,,2022,,Y,US2CMP19,UGCOCS,BSc,Computing (Computer Science) with Foundation Year,3,2023/24,ST1A,Enrolment Block,2024-UGCOMSFF-10-3-ST1A,,2023-UGCOMSFF-10-3-ST1A,"Year=0 - Selections: 661987 in T1, 600093 in T2, 441190 in T12 - Electives: 40.00 available credits from 600091, 662004 in T12, 20.00 available credits from 661982, 661984, 662086 in T1, 20.00 available credits from 600100, 600089, 661985, 600086, 661987, 662253 in T2",,,10,T12,Elective - If chosen cannot condone or compenste,6,COMP SCI L6 T12 OPTS,662004,Communicating and Teaching Computing,40,6.62E+11,
UGCOMSFF,10,Taught,,2022,,Y,US2CMP19,UGCOCS,BSc,Computing (Computer Science) with Foundation Year,3,2023/24,ST1A,Enrolment Block,2024-UGCOMSFF-10-3-ST1A,,2023-UGCOMSFF-10-3-ST1A,"Year=0 - Selections: 661987 in T1, 600093 in T2, 441190 in T12 - Electives: 40.00 available credits from 600091, 662004 in T12, 20.00 available credits from 661982, 661984, 662086 in T1, 20.00 available credits from 600100, 600089, 661985, 600086, 661987, 662253 in T2",,,20,T1,Compulsory,6,661987,661987,Data Analysis and Visualisation,20,661987T12222,
UGCOMSFF,10,Taught,,2022,,Y,US2CMP19,UGCOCS,BSc,Computing (Computer Science) with Foundation Year,3,2023/24,ST1A,Enrolment Block,2024-UGCOMSFF-10-3-ST1A,,2023-UGCOMSFF-10-3-ST1A,"Year=0 - Selections: 661987 in T1, 600093 in T2, 441190 in T12 - Electives: 40.00 available credits from 600091, 662004 in T12, 20.00 available credits from 661982, 661984, 662086 in T1, 20.00 available credits from 600100, 600089, 661985, 600086, 661987, 662253 in T2",,,30,T1,Optional,6,COMP SCI L6 T1 OPTS,661982,Secure Digital Infrastructure,20,661982T12222,
UGCOMSFF,10,Taught,,2022,,Y,US2CMP19,UGCOCS,BSc,Computing (Computer Science) with Foundation Year,3,2023/24,ST1A,Enrolment Block,2024-UGCOMSFF-10-3-ST1A,,2023-UGCOMSFF-10-3-ST1A,"Year=0 - Selections: 661987 in T1, 600093 in T2, 441190 in T12 - Electives: 40.00 available credits from 600091, 662004 in T12, 20.00 available credits from 661982, 661984, 662086 in T1, 20.00 available credits from 600100, 600089, 661985, 600086, 661987, 662253 in T2",,,30,T1,Optional,6,COMP SCI L6 T1 OPTS,661984,Digital Disruption and Innovation,20,661984T12222,
UGCOMSFF,10,Taught,,2022,,Y,US2CMP19,UGCOCS,BSc,Computing (Computer Science) with Foundation Year,3,2023/24,ST1A,Enrolment Block,2024-UGCOMSFF-10-3-ST1A,,2023-UGCOMSFF-10-3-ST1A,"Year=0 - Selections: 661987 in T1, 600093 in T2, 441190 in T12 - Electives: 40.00 available credits from 600091, 662004 in T12, 20.00 available credits from 661982, 661984, 662086 in T1, 20.00 available credits from 600100, 600089, 661985, 600086, 661987, 662253 in T2",,,30,T1,Optional,6,COMP SCI L6 T1 OPTS,662086,Machine Learning,20,662086T12222,
UGCOMSFF,10,Taught,,2022,,Y,US2CMP19,UGCOCS,BSc,Computing (Computer Science) with Foundation Year,3,2023/24,ST1A,Enrolment Block,2024-UGCOMSFF-10-3-ST1A,,2023-UGCOMSFF-10-3-ST1A,"Year=0 - Selections: 661987 in T1, 600093 in T2, 441190 in T12 - Electives: 40.00 available credits from 600091, 662004 in T12, 20.00 available credits from 661982, 661984, 662086 in T1, 20.00 available credits from 600100, 600089, 661985, 600086, 661987, 662253 in T2",,,40,,Optional,6,COMP SCI L6 T2 OPTS,661987,,20,No matching MAP,
UGCOMSFF,10,Taught,,2022,,Y,US2CMP19,UGCOCS,BSc,Computing (Computer Science) with Foundation Year,3,2023/24,ST1A,Enrolment Block,2024-UGCOMSFF-10-3-ST1A,,2023-UGCOMSFF-10-3-ST1A,"Year=0 - Selections: 661987 in T1, 600093 in T2, 441190 in T12 - Electives: 40.00 available credits from 600091, 662004 in T12, 20.00 available credits from 661982, 661984, 662086 in T1, 20.00 available credits from 600100, 600089, 661985, 600086, 661987, 662253 in T2",,,40,,Optional,6,COMP SCI L6 T2 OPTS,662253,,20,No matching MAP,
UGCOMSFF,10,Taught,,2022,,Y,US2CMP19,UGCOCS,BSc,Computing (Computer Science) with Foundation Year,3,2023/24,ST1A,Enrolment Block,2024-UGCOMSFF-10-3-ST1A,,2023-UGCOMSFF-10-3-ST1A,"Year=0 - Selections: 661987 in T1, 600093 in T2, 441190 in T12 - Electives: 40.00 available credits from 600091, 662004 in T12, 20.00 available credits from 661982, 661984, 662086 in T1, 20.00 available credits from 600100, 600089, 661985, 600086, 661987, 662253 in T2",,,40,T2,Optional,6,COMP SCI L6 T2 OPTS,600086,Parallel and Concurrent Programming,20,600086T22222,
UGCOMSFF,10,Taught,,2022,,Y,US2CMP19,UGCOCS,BSc,Computing (Computer Science) with Foundation Year,3,2023/24,ST1A,Enrolment Block,2024-UGCOMSFF-10-3-ST1A,,2023-UGCOMSFF-10-3-ST1A,"Year=0 - Selections: 661987 in T1, 600093 in T2, 441190 in T12 - Electives: 40.00 available credits from 600091, 662004 in T12, 20.00 available credits from 661982, 661984, 662086 in T1, 20.00 available credits from 600100, 600089, 661985, 600086, 661987, 662253 in T2",,,40,T2,Optional,6,COMP SCI L6 T2 OPTS,600089,Distributed Systems Programming,20,600089T22323,
UGCOMSFF,10,Taught,,2022,,Y,US2CMP19,UGCOCS,BSc,Computing (Computer Science) with Foundation Year,3,2023/24,ST1A,Enrolment Block,2024-UGCOMSFF-10-3-ST1A,,2023-UGCOMSFF-10-3-ST1A,"Year=0 - Selections: 661987 in T1, 600093 in T2, 441190 in T12 - Electives: 40.00 available credits from 600091, 662004 in T12, 20.00 available credits from 661982, 661984, 662086 in T1, 20.00 available credits from 600100, 600089, 661985, 600086, 661987, 662253 in T2",,,40,T2,Optional,6,COMP SCI L6 T2 OPTS,600100,Computer Vision,20,600100T2323,
UGCOMSFF,10,Taught,,2022,,Y,US2CMP19,UGCOCS,BSc,Computing (Computer Science) with Foundation Year,3,2023/24,ST1A,Enrolment Block,2024-UGCOMSFF-10-3-ST1A,,2023-UGCOMSFF-10-3-ST1A,"Year=0 - Selections: 661987 in T1, 600093 in T2, 441190 in T12 - Electives: 40.00 available credits from 600091, 662004 in T12, 20.00 available credits from 661982, 661984, 662086 in T1, 20.00 available credits from 600100, 600089, 661985, 600086, 661987, 662253 in T2",,,40,T2,Optional,6,COMP SCI L6 T2 OPTS,661985,Safety Critical Systems,20,661985T22222,
UGCOMSFF,10,Taught,,2022,,Y,US2CMP19,UGCOCS,BSc,Computing (Computer Science) with Foundation Year,3,2023/24,ST1A,Enrolment Block,2024-UGCOMSFF-10-3-ST1A,,2023-UGCOMSFF-10-3-ST1A,"Year=0 - Selections: 661987 in T1, 600093 in T2, 441190 in T12 - Electives: 40.00 available credits from 600091, 662004 in T12, 20.00 available credits from 661982, 661984, 662086 in T1, 20.00 available credits from 600100, 600089, 661985, 600086, 661987, 662253 in T2",,,50,T2,Compulsory,6,600093,600093,Computational Science,20,600093T22222,
UGCOMSFF,10,Taught,,2022,,Y,US2CMP19,UGCOCS,BSc,Computing (Computer Science) with Foundation Year,3,2023/24,ST1A,Enrolment Block,2024-UGCOMSFF-10-3-ST1A,,2023-UGCOMSFF-10-3-ST1A,"Year=0 - Selections: 661987 in T1, 600093 in T2, 441190 in T12 - Electives: 40.00 available credits from 600091, 662004 in T12, 20.00 available credits from 661982, 661984, 662086 in T1, 20.00 available credits from 600100, 600089, 661985, 600086, 661987, 662253 in T2",,,60,,Compulsory,4,441190,441190,,0,No matching MAP,
UGCOMSFF,11,Taught,,2022,,Y,US2CMP19,UGCOSE,BSc,Computing (Software Engineering) with Foundation Year,0,2023/24,ST1A,Enrolment Block,2024-UGCOMSFF-11-0-ST1A,,2023-UGCOMSFF-11-0-ST1A,"Year=0 - Selections: 300008 in T1, 300014 in T1, 330113 in T2, 300031 in T2 - Electives: 20.00 available credits from 300001, 300013 in T1, 20.00 available credits from 300002, 300012 in T2",,,10,T1,Core,3,300008,300008,Preparing for Learning in Higher Education,20,300008T12323,
UGCOMSFF,11,Taught,,2022,,Y,US2CMP19,UGCOSE,BSc,Computing (Software Engineering) with Foundation Year,0,2023/24,ST1A,Enrolment Block,2024-UGCOMSFF-11-0-ST1A,,2023-UGCOMSFF-11-0-ST1A,"Year=0 - Selections: 300008 in T1, 300014 in T1, 330113 in T2, 300031 in T2 - Electives: 20.00 available credits from 300001, 300013 in T1, 20.00 available credits from 300002, 300012 in T2",,,30,T1,Core,3,300014,300014,Introduction to Computing,20,300014T12323,
UGCOMSFF,11,Taught,,2022,,Y,US2CMP19,UGCOSE,BSc,Computing (Software Engineering) with Foundation Year,0,2023/24,ST1A,Enrolment Block,2024-UGCOMSFF-11-0-ST1A,,2023-UGCOMSFF-11-0-ST1A,"Year=0 - Selections: 300008 in T1, 300014 in T1, 330113 in T2, 300031 in T2 - Electives: 20.00 available credits from 300001, 300013 in T1, 20.00 available credits from 300002, 300012 in T2",,,40,T2,Core,3,330113,330113,Group Challenge,20,330113T22121,
UGCOMSFF,11,Taught,,2022,,Y,US2CMP19,UGCOSE,BSc,Computing (Software Engineering) with Foundation Year,0,2023/24,ST1A,Enrolment Block,2024-UGCOMSFF-11-0-ST1A,,2023-UGCOMSFF-11-0-ST1A,"Year=0 - Selections: 300008 in T1, 300014 in T1, 330113 in T2, 300031 in T2 - Electives: 20.00 available credits from 300001, 300013 in T1, 20.00 available credits from 300002, 300012 in T2",,,50,T2,Compulsory,3,300031,300031,Foundation in Data Analysis,20,300031A2323,
UGCOMSFF,11,Taught,,2022,,Y,US2CMP19,UGCOSE,BSc,Computing (Software Engineering) with Foundation Year,0,2023/24,ST1A,Enrolment Block,2024-UGCOMSFF-11-0-ST1A,,2023-UGCOMSFF-11-0-ST1A,"Year=0 - Selections: 300008 in T1, 300014 in T1, 330113 in T2, 300031 in T2 - Electives: 20.00 available credits from 300001, 300013 in T1, 20.00 available credits from 300002, 300012 in T2",,,60,T1,Elective - If chosen cannot condone or compenste,3,CSTL3T1OPT,300001,Foundation Maths A,20,300001T123A,
UGCOMSFF,11,Taught,,2022,,Y,US2CMP19,UGCOSE,BSc,Computing (Software Engineering) with Foundation Year,0,2023/24,ST1A,Enrolment Block,2024-UGCOMSFF-11-0-ST1A,,2023-UGCOMSFF-11-0-ST1A,"Year=0 - Selections: 300008 in T1, 300014 in T1, 330113 in T2, 300031 in T2 - Electives: 20.00 available credits from 300001, 300013 in T1, 20.00 available credits from 300002, 300012 in T2",,,60,T1,Elective - If chosen cannot condone or compenste,3,CSTL3T1OPT,300013,Foundation Maths 1,20,300013T123A,
UGCOMSFF,11,Taught,,2022,,Y,US2CMP19,UGCOSE,BSc,Computing (Software Engineering) with Foundation Year,0,2023/24,ST1A,Enrolment Block,2024-UGCOMSFF-11-0-ST1A,,2023-UGCOMSFF-11-0-ST1A,"Year=0 - Selections: 300008 in T1, 300014 in T1, 330113 in T2, 300031 in T2 - Electives: 20.00 available credits from 300001, 300013 in T1, 20.00 available credits from 300002, 300012 in T2",,,70,T2,Elective - If chosen cannot condone or compenste,3,CSTL3T2OPT,300002,Foundation Maths B,20,300002T223A,
UGCOMSFF,11,Taught,,2022,,Y,US2CMP19,UGCOSE,BSc,Computing (Software Engineering) with Foundation Year,0,2023/24,ST1A,Enrolment Block,2024-UGCOMSFF-11-0-ST1A,,2023-UGCOMSFF-11-0-ST1A,"Year=0 - Selections: 300008 in T1, 300014 in T1, 330113 in T2, 300031 in T2 - Electives: 20.00 available credits from 300001, 300013 in T1, 20.00 available credits from 300002, 300012 in T2",,,70,T2,Elective - If chosen cannot condone or compenste,3,CSTL3T2OPT,300012,Foundation Maths 2,20,300012T223A,
UGCOMSFF,11,Taught,,2022,,Y,US2CMP19,UGCOSE,BSc,Computing (Software Engineering) with Foundation Year,1,2023/24,ST1A,Enrolment Block,2024-UGCOMSFF-11-1-ST1A,,2023-UGCOMSFF-11-1-ST1A,,,,10,T12,Core,4,441101,441101,Programming Portfolio,40,441101T1&222,
UGCOMSFF,11,Taught,,2022,,Y,US2CMP19,UGCOSE,BSc,Computing (Software Engineering) with Foundation Year,1,2023/24,ST1A,Enrolment Block,2024-UGCOMSFF-11-1-ST1A,,2023-UGCOMSFF-11-1-ST1A,,,,20,T2,Compulsory,4,441104,441104,Computational Thinking,20,441104T12222,
UGCOMSFF,11,Taught,,2022,,Y,US2CMP19,UGCOSE,BSc,Computing (Software Engineering) with Foundation Year,1,2023/24,ST1A,Enrolment Block,2024-UGCOMSFF-11-1-ST1A,,2023-UGCOMSFF-11-1-ST1A,,,,30,T1,Compulsory,4,441105,441105,Algorithms and Data Structures,20,441105T12222,
UGCOMSFF,11,Taught,,2022,,Y,US2CMP19,UGCOSE,BSc,Computing (Software Engineering) with Foundation Year,1,2023/24,ST1A,Enrolment Block,2024-UGCOMSFF-11-1-ST1A,,2023-UGCOMSFF-11-1-ST1A,,,,40,T2,Compulsory,4,441102,441102,"Architectures, Operating Systems and the Cloud",20,441102T22222,
UGCOMSFF,11,Taught,,2022,,Y,US2CMP19,UGCOSE,BSc,Computing (Software Engineering) with Foundation Year,1,2023/24,ST1A,Enrolment Block,2024-UGCOMSFF-11-1-ST1A,,2023-UGCOMSFF-11-1-ST1A,,,,50,T1,Compulsory,4,441108,441108,Professional Development,20,441108T22222,
UGCOMSFF,11,Taught,,2022,,Y,US2CMP19,UGCOSE,BSc,Computing (Software Engineering) with Foundation Year,2,2023/24,ST1A,Enrolment Block,2024-UGCOMSFF-11-2-ST1A,,2023-UGCOMSFF-11-2-ST1A,"Year=0 - Selections: 551462 in T12, 551457 in T1, 551456 in T1, 551460 in T2, 441190 in T12 - Electives: 20.00 available credits from 500083, 551461 in T2",,,10,T12,Core,5,551462,551462,Design Develop Deploy,40,551462T1222,
UGCOMSFF,11,Taught,,2022,,Y,US2CMP19,UGCOSE,BSc,Computing (Software Engineering) with Foundation Year,2,2023/24,ST1A,Enrolment Block,2024-UGCOMSFF-11-2-ST1A,,2023-UGCOMSFF-11-2-ST1A,"Year=0 - Selections: 551462 in T12, 551457 in T1, 551456 in T1, 551460 in T2, 441190 in T12 - Electives: 20.00 available credits from 500083, 551461 in T2",,,20,T1,Compulsory,5,551457,551457,Databases and Networks,20,551457T12222,
UGCOMSFF,11,Taught,,2022,,Y,US2CMP19,UGCOSE,BSc,Computing (Software Engineering) with Foundation Year,2,2023/24,ST1A,Enrolment Block,2024-UGCOMSFF-11-2-ST1A,,2023-UGCOMSFF-11-2-ST1A,"Year=0 - Selections: 551462 in T12, 551457 in T1, 551456 in T1, 551460 in T2, 441190 in T12 - Electives: 20.00 available credits from 500083, 551461 in T2",,,30,T1,Compulsory,5,551456,551456,Software Engineering Design Patterns,20,551456T12323,
UGCOMSFF,11,Taught,,2022,,Y,US2CMP19,UGCOSE,BSc,Computing (Software Engineering) with Foundation Year,2,2023/24,ST1A,Enrolment Block,2024-UGCOMSFF-11-2-ST1A,,2023-UGCOMSFF-11-2-ST1A,"Year=0 - Selections: 551462 in T12, 551457 in T1, 551456 in T1, 551460 in T2, 441190 in T12 - Electives: 20.00 available credits from 500083, 551461 in T2",,,40,T2,Compulsory,5,551460,551460,User Interfaces and Experience,20,551460T22222,
UGCOMSFF,11,Taught,,2022,,Y,US2CMP19,UGCOSE,BSc,Computing (Software Engineering) with Foundation Year,2,2023/24,ST1A,Enrolment Block,2024-UGCOMSFF-11-2-ST1A,,2023-UGCOMSFF-11-2-ST1A,"Year=0 - Selections: 551462 in T12, 551457 in T1, 551456 in T1, 551460 in T2, 441190 in T12 - Electives: 20.00 available credits from 500083, 551461 in T2",,,50,T2,Optional,5,SOFTENG T2 L5 OPS,500083,Advanced Programming,20,500083T22222,
UGCOMSFF,11,Taught,,2022,,Y,US2CMP19,UGCOSE,BSc,Computing (Software Engineering) with Foundation Year,2,2023/24,ST1A,Enrolment Block,2024-UGCOMSFF-11-2-ST1A,,2023-UGCOMSFF-11-2-ST1A,"Year=0 - Selections: 551462 in T12, 551457 in T1, 551456 in T1, 551460 in T2, 441190 in T12 - Electives: 20.00 available credits from 500083, 551461 in T2",,,50,T2,Optional,5,SOFTENG T2 L5 OPS,551461,Mixed Reality Development,20,551461T22323,
UGCOMSFF,11,Taught,,2022,,Y,US2CMP19,UGCOSE,BSc,Computing (Software Engineering) with Foundation Year,2,2023/24,ST1A,Enrolment Block,2024-UGCOMSFF-11-2-ST1A,,2023-UGCOMSFF-11-2-ST1A,"Year=0 - Selections: 551462 in T12, 551457 in T1, 551456 in T1, 551460 in T2, 441190 in T12 - Electives: 20.00 available credits from 500083, 551461 in T2",,,60,,Compulsory,4,441190,441190,,0,No matching MAP,
UGCOMSFF,11,Taught,,2022,,Y,US2CMP19,UGCOSE,BSc,Computing (Software Engineering) with Foundation Year,3,2023/24,ST1A,Enrolment Block,2024-UGCOMSFF-11-3-ST1A,,2023-UGCOMSFF-11-3-ST1A,"Year=0 - Selections: 661982 in T1, 661984 in T1, 600089 in T2, 661985 in T2, 441190 in T12 - Electives: 40.00 available credits from 600091, 662004 in T12",,,10,T12,Elective - If chosen cannot condone or compenste,6,SOFTENG T12 L6 OPS,600091,Honours Stage Project,40,60009112222,
UGCOMSFF,11,Taught,,2022,,Y,US2CMP19,UGCOSE,BSc,Computing (Software Engineering) with Foundation Year,3,2023/24,ST1A,Enrolment Block,2024-UGCOMSFF-11-3-ST1A,,2023-UGCOMSFF-11-3-ST1A,"Year=0 - Selections: 661982 in T1, 661984 in T1, 600089 in T2, 661985 in T2, 441190 in T12 - Electives: 40.00 available credits from 600091, 662004 in T12",,,10,T12,Elective - If chosen cannot condone or compenste,6,SOFTENG T12 L6 OPS,662004,Communicating and Teaching Computing,40,6.62E+11,
UGCOMSFF,11,Taught,,2022,,Y,US2CMP19,UGCOSE,BSc,Computing (Software Engineering) with Foundation Year,3,2023/24,ST1A,Enrolment Block,2024-UGCOMSFF-11-3-ST1A,,2023-UGCOMSFF-11-3-ST1A,"Year=0 - Selections: 661982 in T1, 661984 in T1, 600089 in T2, 661985 in T2, 441190 in T12 - Electives: 40.00 available credits from 600091, 662004 in T12",,,20,T1,Compulsory,6,661982,661982,Secure Digital Infrastructure,20,661982T12222,
UGCOMSFF,11,Taught,,2022,,Y,US2CMP19,UGCOSE,BSc,Computing (Software Engineering) with Foundation Year,3,2023/24,ST1A,Enrolment Block,2024-UGCOMSFF-11-3-ST1A,,2023-UGCOMSFF-11-3-ST1A,"Year=0 - Selections: 661982 in T1, 661984 in T1, 600089 in T2, 661985 in T2, 441190 in T12 - Electives: 40.00 available credits from 600091, 662004 in T12",,,30,T1,Compulsory,6,661984,661984,Digital Disruption and Innovation,20,661984T12222,
UGCOMSFF,11,Taught,,2022,,Y,US2CMP19,UGCOSE,BSc,Computing (Software Engineering) with Foundation Year,3,2023/24,ST1A,Enrolment Block,2024-UGCOMSFF-11-3-ST1A,,2023-UGCOMSFF-11-3-ST1A,"Year=0 - Selections: 661982 in T1, 661984 in T1, 600089 in T2, 661985 in T2, 441190 in T12 - Electives: 40.00 available credits from 600091, 662004 in T12",,,40,T2,Compulsory,6,600089,600089,Distributed Systems Programming,20,600089T22323,
UGCOMSFF,11,Taught,,2022,,Y,US2CMP19,UGCOSE,BSc,Computing (Software Engineering) with Foundation Year,3,2023/24,ST1A,Enrolment Block,2024-UGCOMSFF-11-3-ST1A,,2023-UGCOMSFF-11-3-ST1A,"Year=0 - Selections: 661982 in T1, 661984 in T1, 600089 in T2, 661985 in T2, 441190 in T12 - Electives: 40.00 available credits from 600091, 662004 in T12",,,50,T2,Compulsory,6,661985,661985,Safety Critical Systems,20,661985T22222,
UGCOMSFF,11,Taught,,2022,,Y,US2CMP19,UGCOSE,BSc,Computing (Software Engineering) with Foundation Year,3,2023/24,ST1A,Enrolment Block,2024-UGCOMSFF-11-3-ST1A,,2023-UGCOMSFF-11-3-ST1A,"Year=0 - Selections: 661982 in T1, 661984 in T1, 600089 in T2, 661985 in T2, 441190 in T12 - Electives: 40.00 available credits from 600091, 662004 in T12",,,60,,Compulsory,4,441190,441190,,0,No matching MAP,
UGCOMSFF,12,Taught,,2023,,Y,US1CMP19,UGCSAI,BSc,Computer Science (Artificial Intelligence) with Foundation Year,0,2023/24,ST1A,Enrolment Block,2024-UGCOMSFF-12-0-ST1A,,2023-UGCOMSFF-12-0-ST1A,"Year=0 - Selections: 300008 in T1, 300014 in T1, 330113 in T2, 300031 in T2, 441190 in T12, 330120 in T2 - Electives: 20.00 available credits from 300001, 300013 in T1, 20.00 available credits from 300002, 300012 in T2",,,10,T1,Core,3,300008,300008,Preparing for Learning in Higher Education,20,300008T12323,
UGCOMSFF,12,Taught,,2023,,Y,US1CMP19,UGCSAI,BSc,Computer Science (Artificial Intelligence) with Foundation Year,0,2023/24,ST1A,Enrolment Block,2024-UGCOMSFF-12-0-ST1A,,2023-UGCOMSFF-12-0-ST1A,"Year=0 - Selections: 300008 in T1, 300014 in T1, 330113 in T2, 300031 in T2, 441190 in T12, 330120 in T2 - Electives: 20.00 available credits from 300001, 300013 in T1, 20.00 available credits from 300002, 300012 in T2",,,30,T1,Core,3,300014,300014,Introduction to Computing,20,300014T12323,
UGCOMSFF,12,Taught,,2023,,Y,US1CMP19,UGCSAI,BSc,Computer Science (Artificial Intelligence) with Foundation Year,0,2023/24,ST1A,Enrolment Block,2024-UGCOMSFF-12-0-ST1A,,2023-UGCOMSFF-12-0-ST1A,"Year=0 - Selections: 300008 in T1, 300014 in T1, 330113 in T2, 300031 in T2, 441190 in T12, 330120 in T2 - Electives: 20.00 available credits from 300001, 300013 in T1, 20.00 available credits from 300002, 300012 in T2",,,40,T2,Core,3,330113,330113,Group Challenge,20,330113T22121,
UGCOMSFF,12,Taught,,2023,,Y,US1CMP19,UGCSAI,BSc,Computer Science (Artificial Intelligence) with Foundation Year,0,2023/24,ST1A,Enrolment Block,2024-UGCOMSFF-12-0-ST1A,,2023-UGCOMSFF-12-0-ST1A,"Year=0 - Selections: 300008 in T1, 300014 in T1, 330113 in T2, 300031 in T2, 441190 in T12, 330120 in T2 - Electives: 20.00 available credits from 300001, 300013 in T1, 20.00 available credits from 300002, 300012 in T2",,,60,T2,Compulsory,3,300031,300031,Foundation in Data Analysis,20,300031A2323,
UGCOMSFF,12,Taught,,2023,,Y,US1CMP19,UGCSAI,BSc,Computer Science (Artificial Intelligence) with Foundation Year,0,2023/24,ST1A,Enrolment Block,2024-UGCOMSFF-12-0-ST1A,,2023-UGCOMSFF-12-0-ST1A,"Year=0 - Selections: 300008 in T1, 300014 in T1, 330113 in T2, 300031 in T2, 441190 in T12, 330120 in T2 - Electives: 20.00 available credits from 300001, 300013 in T1, 20.00 available credits from 300002, 300012 in T2",,,70,T1,Elective - If chosen cannot condone or compenste,3,CSTL3T1OPT,300001,Foundation Maths A,20,300001T123A,
UGCOMSFF,12,Taught,,2023,,Y,US1CMP19,UGCSAI,BSc,Computer Science (Artificial Intelligence) with Foundation Year,0,2023/24,ST1A,Enrolment Block,2024-UGCOMSFF-12-0-ST1A,,2023-UGCOMSFF-12-0-ST1A,"Year=0 - Selections: 300008 in T1, 300014 in T1, 330113 in T2, 300031 in T2, 441190 in T12, 330120 in T2 - Electives: 20.00 available credits from 300001, 300013 in T1, 20.00 available credits from 300002, 300012 in T2",,,70,T1,Elective - If chosen cannot condone or compenste,3,CSTL3T1OPT,300013,Foundation Maths 1,20,300013T123A,
UGCOMSFF,12,Taught,,2023,,Y,US1CMP19,UGCSAI,BSc,Computer Science (Artificial Intelligence) with Foundation Year,0,2023/24,ST1A,Enrolment Block,2024-UGCOMSFF-12-0-ST1A,,2023-UGCOMSFF-12-0-ST1A,"Year=0 - Selections: 300008 in T1, 300014 in T1, 330113 in T2, 300031 in T2, 441190 in T12, 330120 in T2 - Electives: 20.00 available credits from 300001, 300013 in T1, 20.00 available credits from 300002, 300012 in T2",,,80,T2,Elective - If chosen cannot condone or compenste,3,CSTL3T2OPT,300002,Foundation Maths B,20,300002T223A,
UGCOMSFF,12,Taught,,2023,,Y,US1CMP19,UGCSAI,BSc,Computer Science (Artificial Intelligence) with Foundation Year,0,2023/24,ST1A,Enrolment Block,2024-UGCOMSFF-12-0-ST1A,,2023-UGCOMSFF-12-0-ST1A,"Year=0 - Selections: 300008 in T1, 300014 in T1, 330113 in T2, 300031 in T2, 441190 in T12, 330120 in T2 - Electives: 20.00 available credits from 300001, 300013 in T1, 20.00 available credits from 300002, 300012 in T2",,,80,T2,Elective - If chosen cannot condone or compenste,3,CSTL3T2OPT,300012,Foundation Maths 2,20,300012T223A,
UGCOMSFF,12,Taught,,2023,,Y,US1CMP19,UGCSAI,BSc,Computer Science (Artificial Intelligence) with Foundation Year,0,2023/24,ST1A,Enrolment Block,2024-UGCOMSFF-12-0-ST1A,,2023-UGCOMSFF-12-0-ST1A,"Year=0 - Selections: 300008 in T1, 300014 in T1, 330113 in T2, 300031 in T2, 441190 in T12, 330120 in T2 - Electives: 20.00 available credits from 300001, 300013 in T1, 20.00 available credits from 300002, 300012 in T2",,,90,,Compulsory,4,441190,441190,,0,No matching MAP,
UGCOMSFF,12,Taught,,2023,,Y,US1CMP19,UGCSAI,BSc,Computer Science (Artificial Intelligence) with Foundation Year,0,2023/24,ST1A,Enrolment Block,2024-UGCOMSFF-12-0-ST1A,,2023-UGCOMSFF-12-0-ST1A,"Year=0 - Selections: 300008 in T1, 300014 in T1, 330113 in T2, 300031 in T2, 441190 in T12, 330120 in T2 - Electives: 20.00 available credits from 300001, 300013 in T1, 20.00 available credits from 300002, 300012 in T2",,,100,,Compulsory,3,330120,330120,,0,No matching MAP,
UGCOMSFF,12,Taught,,2023,,Y,US1CMP19,UGCSAI,BSc,Computer Science (Artificial Intelligence) with Foundation Year,1,2023/24,ST1A,Enrolment Block,2024-UGCOMSFF-12-1-ST1A,,2023-UGCOMSFF-12-1-ST1A,"Year=0 - Selections: 441101 in T12, 441104 in T2, 441105 in T1, 441102 in T2, 441108 in T1, 441187 in T12, 441190 in T12",,,10,T12,Core,4,441101,441101,Programming Portfolio,40,441101T1&222,
UGCOMSFF,12,Taught,,2023,,Y,US1CMP19,UGCSAI,BSc,Computer Science (Artificial Intelligence) with Foundation Year,1,2023/24,ST1A,Enrolment Block,2024-UGCOMSFF-12-1-ST1A,,2023-UGCOMSFF-12-1-ST1A,"Year=0 - Selections: 441101 in T12, 441104 in T2, 441105 in T1, 441102 in T2, 441108 in T1, 441187 in T12, 441190 in T12",,,20,T2,Compulsory,4,441104,441104,Computational Thinking,20,441104T12222,
UGCOMSFF,12,Taught,,2023,,Y,US1CMP19,UGCSAI,BSc,Computer Science (Artificial Intelligence) with Foundation Year,1,2023/24,ST1A,Enrolment Block,2024-UGCOMSFF-12-1-ST1A,,2023-UGCOMSFF-12-1-ST1A,"Year=0 - Selections: 441101 in T12, 441104 in T2, 441105 in T1, 441102 in T2, 441108 in T1, 441187 in T12, 441190 in T12",,,30,T1,Compulsory,4,441105,441105,Algorithms and Data Structures,20,441105T12222,
UGCOMSFF,12,Taught,,2023,,Y,US1CMP19,UGCSAI,BSc,Computer Science (Artificial Intelligence) with Foundation Year,1,2023/24,ST1A,Enrolment Block,2024-UGCOMSFF-12-1-ST1A,,2023-UGCOMSFF-12-1-ST1A,"Year=0 - Selections: 441101 in T12, 441104 in T2, 441105 in T1, 441102 in T2, 441108 in T1, 441187 in T12, 441190 in T12",,,40,T2,Compulsory,4,441102,441102,"Architectures, Operating Systems and the Cloud",20,441102T22222,
UGCOMSFF,12,Taught,,2023,,Y,US1CMP19,UGCSAI,BSc,Computer Science (Artificial Intelligence) with Foundation Year,1,2023/24,ST1A,Enrolment Block,2024-UGCOMSFF-12-1-ST1A,,2023-UGCOMSFF-12-1-ST1A,"Year=0 - Selections: 441101 in T12, 441104 in T2, 441105 in T1, 441102 in T2, 441108 in T1, 441187 in T12, 441190 in T12",,,50,T1,Compulsory,4,441108,441108,Professional Development,20,441108T22222,
UGCOMSFF,12,Taught,,2023,,Y,US1CMP19,UGCSAI,BSc,Computer Science (Artificial Intelligence) with Foundation Year,1,2023/24,ST1A,Enrolment Block,2024-UGCOMSFF-12-1-ST1A,,2023-UGCOMSFF-12-1-ST1A,"Year=0 - Selections: 441101 in T12, 441104 in T2, 441105 in T1, 441102 in T2, 441108 in T1, 441187 in T12, 441190 in T12",,,60,T12,Compulsory,4,441187,441187,Computer Science PASS module,0,No matching MAP,
UGCOMSFF,12,Taught,,2023,,Y,US1CMP19,UGCSAI,BSc,Computer Science (Artificial Intelligence) with Foundation Year,1,2023/24,ST1A,Enrolment Block,2024-UGCOMSFF-12-1-ST1A,,2023-UGCOMSFF-12-1-ST1A,"Year=0 - Selections: 441101 in T12, 441104 in T2, 441105 in T1, 441102 in T2, 441108 in T1, 441187 in T12, 441190 in T12",,,70,,Compulsory,4,441190,441190,,0,No matching MAP,
UGCOMSFF,12,Taught,,2023,,Y,US1CMP19,UGCSAI,BSc,Computer Science (Artificial Intelligence) with Foundation Year,2,2023/24,ST1A,Enrolment Block,2024-UGCOMSFF-12-2-ST1A,,,,No 2023* diet for this VCO/CBO,,,,,,,,,,No matching MAP,
UGCOMSFF,12,Taught,,2023,,Y,US1CMP19,UGCSAI,BSc,Computer Science (Artificial Intelligence) with Foundation Year,3,2023/24,ST1A,Enrolment Block,,No Online diet for this VCO/CBO,,,No 2023* diet for this VCO/CBO,,,,,,,,,,No matching MAP,
UGCOMSFF,13,Taught,,2023,,Y,US2CMP19,UGCOAI,BSc,Computing (Artificial Intelligence) with Foundation Year,0,2023/24,ST1A,Enrolment Block,2024-UGCOMSFF-13-0-ST1A,,2023-UGCOMSFF-13-0-ST1A,"Year=0 - Selections: 300008 in T1, 300014 in T1, 330113 in T2, 300031 in T2 - Electives: 20.00 available credits from 300001, 300013 in T1, 20.00 available credits from 300002, 300012 in T2",,,10,T1,Core,3,300008,300008,Preparing for Learning in Higher Education,20,300008T12323,
UGCOMSFF,13,Taught,,2023,,Y,US2CMP19,UGCOAI,BSc,Computing (Artificial Intelligence) with Foundation Year,0,2023/24,ST1A,Enrolment Block,2024-UGCOMSFF-13-0-ST1A,,2023-UGCOMSFF-13-0-ST1A,"Year=0 - Selections: 300008 in T1, 300014 in T1, 330113 in T2, 300031 in T2 - Electives: 20.00 available credits from 300001, 300013 in T1, 20.00 available credits from 300002, 300012 in T2",,,30,T1,Core,3,300014,300014,Introduction to Computing,20,300014T12323,
UGCOMSFF,13,Taught,,2023,,Y,US2CMP19,UGCOAI,BSc,Computing (Artificial Intelligence) with Foundation Year,0,2023/24,ST1A,Enrolment Block,2024-UGCOMSFF-13-0-ST1A,,2023-UGCOMSFF-13-0-ST1A,"Year=0 - Selections: 300008 in T1, 300014 in T1, 330113 in T2, 300031 in T2 - Electives: 20.00 available credits from 300001, 300013 in T1, 20.00 available credits from 300002, 300012 in T2",,,40,T2,Core,3,330113,330113,Group Challenge,20,330113T22121,
UGCOMSFF,13,Taught,,2023,,Y,US2CMP19,UGCOAI,BSc,Computing (Artificial Intelligence) with Foundation Year,0,2023/24,ST1A,Enrolment Block,2024-UGCOMSFF-13-0-ST1A,,2023-UGCOMSFF-13-0-ST1A,"Year=0 - Selections: 300008 in T1, 300014 in T1, 330113 in T2, 300031 in T2 - Electives: 20.00 available credits from 300001, 300013 in T1, 20.00 available credits from 300002, 300012 in T2",,,60,T2,Compulsory,3,300031,300031,Foundation in Data Analysis,20,300031A2323,
UGCOMSFF,13,Taught,,2023,,Y,US2CMP19,UGCOAI,BSc,Computing (Artificial Intelligence) with Foundation Year,0,2023/24,ST1A,Enrolment Block,2024-UGCOMSFF-13-0-ST1A,,2023-UGCOMSFF-13-0-ST1A,"Year=0 - Selections: 300008 in T1, 300014 in T1, 330113 in T2, 300031 in T2 - Electives: 20.00 available credits from 300001, 300013 in T1, 20.00 available credits from 300002, 300012 in T2",,,70,T1,Elective - If chosen cannot condone or compenste,3,CSTL3T1OPT,300001,Foundation Maths A,20,300001T123A,
UGCOMSFF,13,Taught,,2023,,Y,US2CMP19,UGCOAI,BSc,Computing (Artificial Intelligence) with Foundation Year,0,2023/24,ST1A,Enrolment Block,2024-UGCOMSFF-13-0-ST1A,,2023-UGCOMSFF-13-0-ST1A,"Year=0 - Selections: 300008 in T1, 300014 in T1, 330113 in T2, 300031 in T2 - Electives: 20.00 available credits from 300001, 300013 in T1, 20.00 available credits from 300002, 300012 in T2",,,70,T1,Elective - If chosen cannot condone or compenste,3,CSTL3T1OPT,300013,Foundation Maths 1,20,300013T123A,
UGCOMSFF,13,Taught,,2023,,Y,US2CMP19,UGCOAI,BSc,Computing (Artificial Intelligence) with Foundation Year,0,2023/24,ST1A,Enrolment Block,2024-UGCOMSFF-13-0-ST1A,,2023-UGCOMSFF-13-0-ST1A,"Year=0 - Selections: 300008 in T1, 300014 in T1, 330113 in T2, 300031 in T2 - Electives: 20.00 available credits from 300001, 300013 in T1, 20.00 available credits from 300002, 300012 in T2",,,80,T2,Elective - If chosen cannot condone or compenste,3,CSTL3T2OPT,300002,Foundation Maths B,20,300002T223A,
UGCOMSFF,13,Taught,,2023,,Y,US2CMP19,UGCOAI,BSc,Computing (Artificial Intelligence) with Foundation Year,0,2023/24,ST1A,Enrolment Block,2024-UGCOMSFF-13-0-ST1A,,2023-UGCOMSFF-13-0-ST1A,"Year=0 - Selections: 300008 in T1, 300014 in T1, 330113 in T2, 300031 in T2 - Electives: 20.00 available credits from 300001, 300013 in T1, 20.00 available credits from 300002, 300012 in T2",,,80,T2,Elective - If chosen cannot condone or compenste,3,CSTL3T2OPT,300012,Foundation Maths 2,20,300012T223A,
UGCOMSFF,13,Taught,,2023,,Y,US2CMP19,UGCOAI,BSc,Computing (Artificial Intelligence) with Foundation Year,1,2023/24,ST1A,Enrolment Block,2024-UGCOMSFF-13-1-ST1A,,2023-UGCOMSFF-13-1-ST1A,,,,10,T12,Core,4,441101,441101,Programming Portfolio,40,441101T1&222,
UGCOMSFF,13,Taught,,2023,,Y,US2CMP19,UGCOAI,BSc,Computing (Artificial Intelligence) with Foundation Year,1,2023/24,ST1A,Enrolment Block,2024-UGCOMSFF-13-1-ST1A,,2023-UGCOMSFF-13-1-ST1A,,,,20,T2,Compulsory,4,441104,441104,Computational Thinking,20,441104T12222,
UGCOMSFF,13,Taught,,2023,,Y,US2CMP19,UGCOAI,BSc,Computing (Artificial Intelligence) with Foundation Year,1,2023/24,ST1A,Enrolment Block,2024-UGCOMSFF-13-1-ST1A,,2023-UGCOMSFF-13-1-ST1A,,,,30,T1,Compulsory,4,441105,441105,Algorithms and Data Structures,20,441105T12222,
UGCOMSFF,13,Taught,,2023,,Y,US2CMP19,UGCOAI,BSc,Computing (Artificial Intelligence) with Foundation Year,1,2023/24,ST1A,Enrolment Block,2024-UGCOMSFF-13-1-ST1A,,2023-UGCOMSFF-13-1-ST1A,,,,40,T2,Compulsory,4,441102,441102,"Architectures, Operating Systems and the Cloud",20,441102T22222,
UGCOMSFF,13,Taught,,2023,,Y,US2CMP19,UGCOAI,BSc,Computing (Artificial Intelligence) with Foundation Year,1,2023/24,ST1A,Enrolment Block,2024-UGCOMSFF-13-1-ST1A,,2023-UGCOMSFF-13-1-ST1A,,,,50,T1,Compulsory,4,441108,441108,Professional Development,20,441108T22222,
UGCOMSFF,13,Taught,,2023,,Y,US2CMP19,UGCOAI,BSc,Computing (Artificial Intelligence) with Foundation Year,2,2023/24,ST1A,Enrolment Block,2024-UGCOMSFF-13-2-ST1A,,,,No 2023* diet for this VCO/CBO,,,,,,,,,,No matching MAP,
UGCOMSFF,13,Taught,,2023,,Y,US2CMP19,UGCOAI,BSc,Computing (Artificial Intelligence) with Foundation Year,3,2023/24,ST1A,Enrolment Block,,No Online diet for this VCO/CBO,,,No 2023* diet for this VCO/CBO,,,,,,,,,,No matching MAP,
UGCOMSFF,14,Taught,,2022,,,US1CMO16,UGCOMS,BSc (Ordinary),Computer Science with Foundation Year,0,2023/24,ST1A,Enrolment Block,,No Online diet for this VCO/CBO,,,No 2023* diet for this VCO/CBO,,,,,,,,,,No matching MAP,
UGCOMSFF,14,Taught,,2022,,,US1CMO16,UGCOMS,BSc (Ordinary),Computer Science with Foundation Year,1,2023/24,ST1A,Enrolment Block,,No Online diet for this VCO/CBO,,,No 2023* diet for this VCO/CBO,,,,,,,,,,No matching MAP,
UGCOMSFF,14,Taught,,2022,,,US1CMO16,UGCOMS,BSc (Ordinary),Computer Science with Foundation Year,2,2023/24,ST1A,Enrolment Block,2024-UGCOMSFF-14-2-ST1A,,2023-UGCOMSFF-14-2-ST1A,,,,10,,Compulsory,4,441190,441190,,0,No matching MAP,
UGCOMSFF,14,Taught,,2022,,,US1CMO16,UGCOMS,BSc (Ordinary),Computer Science with Foundation Year,3,2023/24,ST1A,Enrolment Block,2024-UGCOMSFF-14-3-ST1A,,2023-UGCOMSFF-14-3-ST1A,,,,10,,Compulsory,4,441190,441190,,0,No matching MAP,
UGCOMSFF,15,Taught,,2022,,,US1CMO19,UGCOMS,BSc (Ordinary),Computer Science with Foundation Year,0,2023/24,ST1A,Enrolment Block,,No Online diet for this VCO/CBO,,,No 2023* diet for this VCO/CBO,,,,,,,,,,No matching MAP,
UGCOMSFF,15,Taught,,2022,,,US1CMO19,UGCOMS,BSc (Ordinary),Computer Science with Foundation Year,1,2023/24,ST1A,Enrolment Block,,No Online diet for this VCO/CBO,,,No 2023* diet for this VCO/CBO,,,,,,,,,,No matching MAP,
UGCOMSFF,15,Taught,,2022,,,US1CMO19,UGCOMS,BSc (Ordinary),Computer Science with Foundation Year,2,2023/24,ST1A,Enrolment Block,2024-UGCOMSFF-15-2-ST1A,,2023-UGCOMSFF-15-2-ST1A,,,,10,,Compulsory,4,441190,441190,,0,No matching MAP,
UGCOMSFF,15,Taught,,2022,,,US1CMO19,UGCOMS,BSc (Ordinary),Computer Science with Foundation Year,3,2023/24,ST1A,Enrolment Block,2024-UGCOMSFF-15-3-ST1A,,2023-UGCOMSFF-15-3-ST1A,,,,10,,Compulsory,4,441190,441190,,0,No matching MAP,
UGCOMSFF,2,Taught,,,2023,n,US1CMP16,UGCSSE,BSc,Computer Science (Software Engineering) with Foundation Year,0,2023/24,ST1A,Enrolment Block,2024-UGCOMSFF-2-0-ST1A,,2023-UGCOMSFF-2-0-ST1A,"Year=0 - Selections: 300008 in T1, 300014 in T1, 300001 in T1, 300015 in T2, 300002 in T2, 330113 in T2",,,1,T1,Core,3,300008,300008,Preparing for Learning in Higher Education,20,300008T12323,
UGCOMSFF,2,Taught,,,2023,n,US1CMP16,UGCSSE,BSc,Computer Science (Software Engineering) with Foundation Year,0,2023/24,ST1A,Enrolment Block,2024-UGCOMSFF-2-0-ST1A,,2023-UGCOMSFF-2-0-ST1A,"Year=0 - Selections: 300008 in T1, 300014 in T1, 300001 in T1, 300015 in T2, 300002 in T2, 330113 in T2",,,11,T1,Core,3,300014,300014,Introduction to Computing,20,300014T12323,
UGCOMSFF,2,Taught,,,2023,n,US1CMP16,UGCSSE,BSc,Computer Science (Software Engineering) with Foundation Year,0,2023/24,ST1A,Enrolment Block,2024-UGCOMSFF-2-0-ST1A,,2023-UGCOMSFF-2-0-ST1A,"Year=0 - Selections: 300008 in T1, 300014 in T1, 300001 in T1, 300015 in T2, 300002 in T2, 330113 in T2",,,21,T1,Compulsory,3,300001,300001,Foundation Maths A,20,300001T123A,
UGCOMSFF,2,Taught,,,2023,n,US1CMP16,UGCSSE,BSc,Computer Science (Software Engineering) with Foundation Year,0,2023/24,ST1A,Enrolment Block,2024-UGCOMSFF-2-0-ST1A,,2023-UGCOMSFF-2-0-ST1A,"Year=0 - Selections: 300008 in T1, 300014 in T1, 300001 in T1, 300015 in T2, 300002 in T2, 330113 in T2",,,31,,Core,3,300015,300015,,20,No matching MAP,
UGCOMSFF,2,Taught,,,2023,n,US1CMP16,UGCSSE,BSc,Computer Science (Software Engineering) with Foundation Year,0,2023/24,ST1A,Enrolment Block,2024-UGCOMSFF-2-0-ST1A,,2023-UGCOMSFF-2-0-ST1A,"Year=0 - Selections: 300008 in T1, 300014 in T1, 300001 in T1, 300015 in T2, 300002 in T2, 330113 in T2",,,41,,Compulsory,3,300002,300002,,20,No matching MAP,
UGCOMSFF,2,Taught,,,2023,n,US1CMP16,UGCSSE,BSc,Computer Science (Software Engineering) with Foundation Year,0,2023/24,ST1A,Enrolment Block,2024-UGCOMSFF-2-0-ST1A,,2023-UGCOMSFF-2-0-ST1A,"Year=0 - Selections: 300008 in T1, 300014 in T1, 300001 in T1, 300015 in T2, 300002 in T2, 330113 in T2",,,51,T2,Compulsory,3,330113,330113,Group Challenge,20,330113T22121,
UGCOMSFF,2,Taught,,,2023,n,US1CMP16,UGCSSE,BSc,Computer Science (Software Engineering) with Foundation Year,1,2023/24,ST1A,Enrolment Block,2024-UGCOMSFF-2-1-ST1A,,2023-UGCOMSFF-2-1-ST1A,"Year=0 - Selections: 441104 in T1, 441105 in T1, 441101 in T12, 441102 in T2, 441108 in T2",,,1,T12,Core,4,441101,441101,Programming Portfolio,40,441101T1&222,
UGCOMSFF,2,Taught,,,2023,n,US1CMP16,UGCSSE,BSc,Computer Science (Software Engineering) with Foundation Year,1,2023/24,ST1A,Enrolment Block,2024-UGCOMSFF-2-1-ST1A,,2023-UGCOMSFF-2-1-ST1A,"Year=0 - Selections: 441104 in T1, 441105 in T1, 441101 in T12, 441102 in T2, 441108 in T2",,,11,,Compulsory,4,441104,441104,,20,No matching MAP,
UGCOMSFF,2,Taught,,,2023,n,US1CMP16,UGCSSE,BSc,Computer Science (Software Engineering) with Foundation Year,1,2023/24,ST1A,Enrolment Block,2024-UGCOMSFF-2-1-ST1A,,2023-UGCOMSFF-2-1-ST1A,"Year=0 - Selections: 441104 in T1, 441105 in T1, 441101 in T12, 441102 in T2, 441108 in T2",,,31,T1,Compulsory,4,441105,441105,Algorithms and Data Structures,20,441105T12222,
UGCOMSFF,2,Taught,,,2023,n,US1CMP16,UGCSSE,BSc,Computer Science (Software Engineering) with Foundation Year,1,2023/24,ST1A,Enrolment Block,2024-UGCOMSFF-2-1-ST1A,,2023-UGCOMSFF-2-1-ST1A,"Year=0 - Selections: 441104 in T1, 441105 in T1, 441101 in T12, 441102 in T2, 441108 in T2",,,41,T2,Compulsory,4,441102,441102,"Architectures, Operating Systems and the Cloud",20,441102T22222,
UGCOMSFF,2,Taught,,,2023,n,US1CMP16,UGCSSE,BSc,Computer Science (Software Engineering) with Foundation Year,1,2023/24,ST1A,Enrolment Block,2024-UGCOMSFF-2-1-ST1A,,2023-UGCOMSFF-2-1-ST1A,"Year=0 - Selections: 441104 in T1, 441105 in T1, 441101 in T12, 441102 in T2, 441108 in T2",,,61,,Compulsory,4,441108,441108,,20,No matching MAP,
UGCOMSFF,2,Taught,,,2023,n,US1CMP16,UGCSSE,BSc,Computer Science (Software Engineering) with Foundation Year,2,2023/24,ST1A,Enrolment Block,2024-UGCOMSFF-2-2-ST1A,,2023-UGCOMSFF-2-2-ST1A,"Year=0 - Selections: 500084 in T1, 500087 in T1, 500088 in T1, 500080 in T2, 500081 in T2, 500083 in T2",,,1,,Compulsory,5,500084,500084,,20,No matching MAP,
UGCOMSFF,2,Taught,,,2023,n,US1CMP16,UGCSSE,BSc,Computer Science (Software Engineering) with Foundation Year,2,2023/24,ST1A,Enrolment Block,2024-UGCOMSFF-2-2-ST1A,,2023-UGCOMSFF-2-2-ST1A,"Year=0 - Selections: 500084 in T1, 500087 in T1, 500088 in T1, 500080 in T2, 500081 in T2, 500083 in T2",,,11,,Compulsory,5,500087,500087,,20,No matching MAP,
UGCOMSFF,2,Taught,,,2023,n,US1CMP16,UGCSSE,BSc,Computer Science (Software Engineering) with Foundation Year,2,2023/24,ST1A,Enrolment Block,2024-UGCOMSFF-2-2-ST1A,,2023-UGCOMSFF-2-2-ST1A,"Year=0 - Selections: 500084 in T1, 500087 in T1, 500088 in T1, 500080 in T2, 500081 in T2, 500083 in T2",,,21,,Compulsory,5,500088,500088,,20,No matching MAP,
UGCOMSFF,2,Taught,,,2023,n,US1CMP16,UGCSSE,BSc,Computer Science (Software Engineering) with Foundation Year,2,2023/24,ST1A,Enrolment Block,2024-UGCOMSFF-2-2-ST1A,,2023-UGCOMSFF-2-2-ST1A,"Year=0 - Selections: 500084 in T1, 500087 in T1, 500088 in T1, 500080 in T2, 500081 in T2, 500083 in T2",,,31,,Compulsory,5,500081,500081,,20,No matching MAP,
UGCOMSFF,2,Taught,,,2023,n,US1CMP16,UGCSSE,BSc,Computer Science (Software Engineering) with Foundation Year,2,2023/24,ST1A,Enrolment Block,2024-UGCOMSFF-2-2-ST1A,,2023-UGCOMSFF-2-2-ST1A,"Year=0 - Selections: 500084 in T1, 500087 in T1, 500088 in T1, 500080 in T2, 500081 in T2, 500083 in T2",,,41,T2,Compulsory,5,500083,500083,Advanced Programming,20,500083T22222,
UGCOMSFF,2,Taught,,,2023,n,US1CMP16,UGCSSE,BSc,Computer Science (Software Engineering) with Foundation Year,2,2023/24,ST1A,Enrolment Block,2024-UGCOMSFF-2-2-ST1A,,2023-UGCOMSFF-2-2-ST1A,"Year=0 - Selections: 500084 in T1, 500087 in T1, 500088 in T1, 500080 in T2, 500081 in T2, 500083 in T2",,,51,,Compulsory,5,500080,500080,,20,No matching MAP,
UGCOMSFF,2,Taught,,,2023,n,US1CMP16,UGCSSE,BSc,Computer Science (Software Engineering) with Foundation Year,3,2023/24,ST1A,Enrolment Block,2024-UGCOMSFF-2-3-ST1A,,2023-UGCOMSFF-2-3-ST1A,"Year=0 - Selections: 600091 in T12, 600087 in T1, 600094 in T2 Student Module Electives  [, 600097 in T12, a maximum of 20.00 available credits from 600096 in T1, a maximum of 20.00 available credits from 600086, 600089, 600099 in T2  Subject to an overall minimum of 40 available credits and an overall maximum of 40 available credits ] [, 600096 in T1, 20.00 available credits from 600086, 600089, 600099 in T2  Subject to an overall minimum of 40 available credits and an overall maximum of 40 available credits ]",,,1,T12,Core,6,600091,600091,Honours Stage Project,40,60009112222,
UGCOMSFF,2,Taught,,,2023,n,US1CMP16,UGCSSE,BSc,Computer Science (Software Engineering) with Foundation Year,3,2023/24,ST1A,Enrolment Block,2024-UGCOMSFF-2-3-ST1A,,2023-UGCOMSFF-2-3-ST1A,"Year=0 - Selections: 600091 in T12, 600087 in T1, 600094 in T2 Student Module Electives  [, 600097 in T12, a maximum of 20.00 available credits from 600096 in T1, a maximum of 20.00 available credits from 600086, 600089, 600099 in T2  Subject to an overall minimum of 40 available credits and an overall maximum of 40 available credits ] [, 600096 in T1, 20.00 available credits from 600086, 600089, 600099 in T2  Subject to an overall minimum of 40 available credits and an overall maximum of 40 available credits ]",,,11,,Optional,6,UGCOMSFF2US1CMP16UGCSSE31819O1,600097,,20,No matching MAP,This module is limited to 15 students. Students will be required to attend an interview and complete a DBS if taking this module.
UGCOMSFF,2,Taught,,,2023,n,US1CMP16,UGCSSE,BSc,Computer Science (Software Engineering) with Foundation Year,3,2023/24,ST1A,Enrolment Block,2024-UGCOMSFF-2-3-ST1A,,2023-UGCOMSFF-2-3-ST1A,"Year=0 - Selections: 600091 in T12, 600087 in T1, 600094 in T2 Student Module Electives  [, 600097 in T12, a maximum of 20.00 available credits from 600096 in T1, a maximum of 20.00 available credits from 600086, 600089, 600099 in T2  Subject to an overall minimum of 40 available credits and an overall maximum of 40 available credits ] [, 600096 in T1, 20.00 available credits from 600086, 600089, 600099 in T2  Subject to an overall minimum of 40 available credits and an overall maximum of 40 available credits ]",,,21,T1,Compulsory,6,600087,600087,Languages and their Compilers,20,600087T11818,
UGCOMSFF,2,Taught,,,2023,n,US1CMP16,UGCSSE,BSc,Computer Science (Software Engineering) with Foundation Year,3,2023/24,ST1A,Enrolment Block,2024-UGCOMSFF-2-3-ST1A,,2023-UGCOMSFF-2-3-ST1A,"Year=0 - Selections: 600091 in T12, 600087 in T1, 600094 in T2 Student Module Electives  [, 600097 in T12, a maximum of 20.00 available credits from 600096 in T1, a maximum of 20.00 available credits from 600086, 600089, 600099 in T2  Subject to an overall minimum of 40 available credits and an overall maximum of 40 available credits ] [, 600096 in T1, 20.00 available credits from 600086, 600089, 600099 in T2  Subject to an overall minimum of 40 available credits and an overall maximum of 40 available credits ]",,,31,T1,Optional,6,UGCOMSFF2US1CMP16UGCSSE318S1O1,600096,Mobile Devices and Applications,20,600096T11919,
UGCOMSFF,2,Taught,,,2023,n,US1CMP16,UGCSSE,BSc,Computer Science (Software Engineering) with Foundation Year,3,2023/24,ST1A,Enrolment Block,2024-UGCOMSFF-2-3-ST1A,,2023-UGCOMSFF-2-3-ST1A,"Year=0 - Selections: 600091 in T12, 600087 in T1, 600094 in T2 Student Module Electives  [, 600097 in T12, a maximum of 20.00 available credits from 600096 in T1, a maximum of 20.00 available credits from 600086, 600089, 600099 in T2  Subject to an overall minimum of 40 available credits and an overall maximum of 40 available credits ] [, 600096 in T1, 20.00 available credits from 600086, 600089, 600099 in T2  Subject to an overall minimum of 40 available credits and an overall maximum of 40 available credits ]",,,41,T2,Compulsory,6,600094,600094,Advanced Software Engineering,20,600094T21818,
UGCOMSFF,2,Taught,,,2023,n,US1CMP16,UGCSSE,BSc,Computer Science (Software Engineering) with Foundation Year,3,2023/24,ST1A,Enrolment Block,2024-UGCOMSFF-2-3-ST1A,,2023-UGCOMSFF-2-3-ST1A,"Year=0 - Selections: 600091 in T12, 600087 in T1, 600094 in T2 Student Module Electives  [, 600097 in T12, a maximum of 20.00 available credits from 600096 in T1, a maximum of 20.00 available credits from 600086, 600089, 600099 in T2  Subject to an overall minimum of 40 available credits and an overall maximum of 40 available credits ] [, 600096 in T1, 20.00 available credits from 600086, 600089, 600099 in T2  Subject to an overall minimum of 40 available credits and an overall maximum of 40 available credits ]",,,51,,Optional,6,UGCOMSFF2US1CMP16UGCSSE318S2O1,600099,,20,No matching MAP,
UGCOMSFF,2,Taught,,,2023,n,US1CMP16,UGCSSE,BSc,Computer Science (Software Engineering) with Foundation Year,3,2023/24,ST1A,Enrolment Block,2024-UGCOMSFF-2-3-ST1A,,2023-UGCOMSFF-2-3-ST1A,"Year=0 - Selections: 600091 in T12, 600087 in T1, 600094 in T2 Student Module Electives  [, 600097 in T12, a maximum of 20.00 available credits from 600096 in T1, a maximum of 20.00 available credits from 600086, 600089, 600099 in T2  Subject to an overall minimum of 40 available credits and an overall maximum of 40 available credits ] [, 600096 in T1, 20.00 available credits from 600086, 600089, 600099 in T2  Subject to an overall minimum of 40 available credits and an overall maximum of 40 available credits ]",,,51,T2,Optional,6,UGCOMSFF2US1CMP16UGCSSE318S2O1,600086,Parallel and Concurrent Programming,20,600086T22222,
UGCOMSFF,2,Taught,,,2023,n,US1CMP16,UGCSSE,BSc,Computer Science (Software Engineering) with Foundation Year,3,2023/24,ST1A,Enrolment Block,2024-UGCOMSFF-2-3-ST1A,,2023-UGCOMSFF-2-3-ST1A,"Year=0 - Selections: 600091 in T12, 600087 in T1, 600094 in T2 Student Module Electives  [, 600097 in T12, a maximum of 20.00 available credits from 600096 in T1, a maximum of 20.00 available credits from 600086, 600089, 600099 in T2  Subject to an overall minimum of 40 available credits and an overall maximum of 40 available credits ] [, 600096 in T1, 20.00 available credits from 600086, 600089, 600099 in T2  Subject to an overall minimum of 40 available credits and an overall maximum of 40 available credits ]",,,51,T2,Optional,6,UGCOMSFF2US1CMP16UGCSSE318S2O1,600089,Distributed Systems Programming,20,600089T22323,
UGCOMSFF,2,Taught,,,2023,n,US1CMP16,UGCSSE,BSc,Computer Science (Software Engineering) with Foundation Year,3,2023/24,ST1A,Enrolment Block,2024-UGCOMSFF-2-3-ST1A,,2023-UGCOMSFF-2-3-ST1A,"Year=0 - Selections: 600091 in T12, 600087 in T1, 600094 in T2 Student Module Electives  [, 600097 in T12, a maximum of 20.00 available credits from 600096 in T1, a maximum of 20.00 available credits from 600086, 600089, 600099 in T2  Subject to an overall minimum of 40 available credits and an overall maximum of 40 available credits ] [, 600096 in T1, 20.00 available credits from 600086, 600089, 600099 in T2  Subject to an overall minimum of 40 available credits and an overall maximum of 40 available credits ]",,,60,T1,Optional,6,UGCOMSFF2US1CMP16UGCSSE318S1O1,600096,Mobile Devices and Applications,20,600096T11919,
UGCOMSFF,2,Taught,,,2023,n,US1CMP16,UGCSSE,BSc,Computer Science (Software Engineering) with Foundation Year,3,2023/24,ST1A,Enrolment Block,2024-UGCOMSFF-2-3-ST1A,,2023-UGCOMSFF-2-3-ST1A,"Year=0 - Selections: 600091 in T12, 600087 in T1, 600094 in T2 Student Module Electives  [, 600097 in T12, a maximum of 20.00 available credits from 600096 in T1, a maximum of 20.00 available credits from 600086, 600089, 600099 in T2  Subject to an overall minimum of 40 available credits and an overall maximum of 40 available credits ] [, 600096 in T1, 20.00 available credits from 600086, 600089, 600099 in T2  Subject to an overall minimum of 40 available credits and an overall maximum of 40 available credits ]",,,70,,Optional,6,UGCOMSFF2US1CMP16UGCSSE318S2O1,600099,,20,No matching MAP,
UGCOMSFF,2,Taught,,,2023,n,US1CMP16,UGCSSE,BSc,Computer Science (Software Engineering) with Foundation Year,3,2023/24,ST1A,Enrolment Block,2024-UGCOMSFF-2-3-ST1A,,2023-UGCOMSFF-2-3-ST1A,"Year=0 - Selections: 600091 in T12, 600087 in T1, 600094 in T2 Student Module Electives  [, 600097 in T12, a maximum of 20.00 available credits from 600096 in T1, a maximum of 20.00 available credits from 600086, 600089, 600099 in T2  Subject to an overall minimum of 40 available credits and an overall maximum of 40 available credits ] [, 600096 in T1, 20.00 available credits from 600086, 600089, 600099 in T2  Subject to an overall minimum of 40 available credits and an overall maximum of 40 available credits ]",,,70,T2,Optional,6,UGCOMSFF2US1CMP16UGCSSE318S2O1,600086,Parallel and Concurrent Programming,20,600086T22222,
UGCOMSFF,2,Taught,,,2023,n,US1CMP16,UGCSSE,BSc,Computer Science (Software Engineering) with Foundation Year,3,2023/24,ST1A,Enrolment Block,2024-UGCOMSFF-2-3-ST1A,,2023-UGCOMSFF-2-3-ST1A,"Year=0 - Selections: 600091 in T12, 600087 in T1, 600094 in T2 Student Module Electives  [, 600097 in T12, a maximum of 20.00 available credits from 600096 in T1, a maximum of 20.00 available credits from 600086, 600089, 600099 in T2  Subject to an overall minimum of 40 available credits and an overall maximum of 40 available credits ] [, 600096 in T1, 20.00 available credits from 600086, 600089, 600099 in T2  Subject to an overall minimum of 40 available credits and an overall maximum of 40 available credits ]",,,70,T2,Optional,6,UGCOMSFF2US1CMP16UGCSSE318S2O1,600089,Distributed Systems Programming,20,600089T22323,
UGCOMSFF,3,Taught,,,2023,N,US1CMP16,UGCOMS,BSc,Computer Science with Foundation Year,0,2023/24,ST1A,Enrolment Block,2024-UGCOMSFF-3-0-ST1A,,2023-UGCOMSFF-3-0-ST1A,"Year=0 - Selections: 300008 in T1, 300014 in T1, 300001 in T1, 300015 in T2, 300002 in T2, 330113 in T2",,,1,T1,Core,3,300008,300008,Preparing for Learning in Higher Education,20,300008T12323,
UGCOMSFF,3,Taught,,,2023,N,US1CMP16,UGCOMS,BSc,Computer Science with Foundation Year,0,2023/24,ST1A,Enrolment Block,2024-UGCOMSFF-3-0-ST1A,,2023-UGCOMSFF-3-0-ST1A,"Year=0 - Selections: 300008 in T1, 300014 in T1, 300001 in T1, 300015 in T2, 300002 in T2, 330113 in T2",,,11,T1,Core,3,300014,300014,Introduction to Computing,20,300014T12323,
UGCOMSFF,3,Taught,,,2023,N,US1CMP16,UGCOMS,BSc,Computer Science with Foundation Year,0,2023/24,ST1A,Enrolment Block,2024-UGCOMSFF-3-0-ST1A,,2023-UGCOMSFF-3-0-ST1A,"Year=0 - Selections: 300008 in T1, 300014 in T1, 300001 in T1, 300015 in T2, 300002 in T2, 330113 in T2",,,21,T1,Compulsory,3,300001,300001,Foundation Maths A,20,300001T123A,
UGCOMSFF,3,Taught,,,2023,N,US1CMP16,UGCOMS,BSc,Computer Science with Foundation Year,0,2023/24,ST1A,Enrolment Block,2024-UGCOMSFF-3-0-ST1A,,2023-UGCOMSFF-3-0-ST1A,"Year=0 - Selections: 300008 in T1, 300014 in T1, 300001 in T1, 300015 in T2, 300002 in T2, 330113 in T2",,,31,,Core,3,300015,300015,,20,No matching MAP,
UGCOMSFF,3,Taught,,,2023,N,US1CMP16,UGCOMS,BSc,Computer Science with Foundation Year,0,2023/24,ST1A,Enrolment Block,2024-UGCOMSFF-3-0-ST1A,,2023-UGCOMSFF-3-0-ST1A,"Year=0 - Selections: 300008 in T1, 300014 in T1, 300001 in T1, 300015 in T2, 300002 in T2, 330113 in T2",,,41,,Compulsory,3,300002,300002,,20,No matching MAP,
UGCOMSFF,3,Taught,,,2023,N,US1CMP16,UGCOMS,BSc,Computer Science with Foundation Year,0,2023/24,ST1A,Enrolment Block,2024-UGCOMSFF-3-0-ST1A,,2023-UGCOMSFF-3-0-ST1A,"Year=0 - Selections: 300008 in T1, 300014 in T1, 300001 in T1, 300015 in T2, 300002 in T2, 330113 in T2",,,51,T2,Compulsory,3,330113,330113,Group Challenge,20,330113T22121,
UGCOMSFF,3,Taught,,,2023,N,US1CMP16,UGCOMS,BSc,Computer Science with Foundation Year,1,2023/24,ST1A,Enrolment Block,2024-UGCOMSFF-3-1-ST1A,,2023-UGCOMSFF-3-1-ST1A,"Year=0 - Selections: 441104 in T1, 441105 in T1, 441101 in T12, 441102 in T2, 441108 in T2",,,1,T12,Core,4,441101,441101,Programming Portfolio,40,441101T1&222,
UGCOMSFF,3,Taught,,,2023,N,US1CMP16,UGCOMS,BSc,Computer Science with Foundation Year,1,2023/24,ST1A,Enrolment Block,2024-UGCOMSFF-3-1-ST1A,,2023-UGCOMSFF-3-1-ST1A,"Year=0 - Selections: 441104 in T1, 441105 in T1, 441101 in T12, 441102 in T2, 441108 in T2",,,11,,Compulsory,4,441104,441104,,20,No matching MAP,
UGCOMSFF,3,Taught,,,2023,N,US1CMP16,UGCOMS,BSc,Computer Science with Foundation Year,1,2023/24,ST1A,Enrolment Block,2024-UGCOMSFF-3-1-ST1A,,2023-UGCOMSFF-3-1-ST1A,"Year=0 - Selections: 441104 in T1, 441105 in T1, 441101 in T12, 441102 in T2, 441108 in T2",,,31,T1,Compulsory,4,441105,441105,Algorithms and Data Structures,20,441105T12222,
UGCOMSFF,3,Taught,,,2023,N,US1CMP16,UGCOMS,BSc,Computer Science with Foundation Year,1,2023/24,ST1A,Enrolment Block,2024-UGCOMSFF-3-1-ST1A,,2023-UGCOMSFF-3-1-ST1A,"Year=0 - Selections: 441104 in T1, 441105 in T1, 441101 in T12, 441102 in T2, 441108 in T2",,,41,T2,Compulsory,4,441102,441102,"Architectures, Operating Systems and the Cloud",20,441102T22222,
UGCOMSFF,3,Taught,,,2023,N,US1CMP16,UGCOMS,BSc,Computer Science with Foundation Year,1,2023/24,ST1A,Enrolment Block,2024-UGCOMSFF-3-1-ST1A,,2023-UGCOMSFF-3-1-ST1A,"Year=0 - Selections: 441104 in T1, 441105 in T1, 441101 in T12, 441102 in T2, 441108 in T2",,,61,,Compulsory,4,441108,441108,,20,No matching MAP,
UGCOMSFF,3,Taught,,,2023,N,US1CMP16,UGCOMS,BSc,Computer Science with Foundation Year,2,2023/24,ST1A,Enrolment Block,2024-UGCOMSFF-3-2-ST1A,,2023-UGCOMSFF-3-2-ST1A,"Year=0 - Selections: 500084 in T1, 500081 in T2 - Electives: 40.00 available credits from 500085, 500086, 500087, 500088 in T1, 40.00 available credits from 500079, 500080, 500083 in T2",,,1,,Compulsory,5,500084,500084,,20,No matching MAP,
UGCOMSFF,3,Taught,,,2023,N,US1CMP16,UGCOMS,BSc,Computer Science with Foundation Year,2,2023/24,ST1A,Enrolment Block,2024-UGCOMSFF-3-2-ST1A,,2023-UGCOMSFF-3-2-ST1A,"Year=0 - Selections: 500084 in T1, 500081 in T2 - Electives: 40.00 available credits from 500085, 500086, 500087, 500088 in T1, 40.00 available credits from 500079, 500080, 500083 in T2",,,11,,Optional,5,UGCOMSFF3US1CMP16UGCOMS218S1O1,500085,,20,No matching MAP,
UGCOMSFF,3,Taught,,,2023,N,US1CMP16,UGCOMS,BSc,Computer Science with Foundation Year,2,2023/24,ST1A,Enrolment Block,2024-UGCOMSFF-3-2-ST1A,,2023-UGCOMSFF-3-2-ST1A,"Year=0 - Selections: 500084 in T1, 500081 in T2 - Electives: 40.00 available credits from 500085, 500086, 500087, 500088 in T1, 40.00 available credits from 500079, 500080, 500083 in T2",,,11,,Optional,5,UGCOMSFF3US1CMP16UGCOMS218S1O1,500086,,20,No matching MAP,
UGCOMSFF,3,Taught,,,2023,N,US1CMP16,UGCOMS,BSc,Computer Science with Foundation Year,2,2023/24,ST1A,Enrolment Block,2024-UGCOMSFF-3-2-ST1A,,2023-UGCOMSFF-3-2-ST1A,"Year=0 - Selections: 500084 in T1, 500081 in T2 - Electives: 40.00 available credits from 500085, 500086, 500087, 500088 in T1, 40.00 available credits from 500079, 500080, 500083 in T2",,,11,,Optional,5,UGCOMSFF3US1CMP16UGCOMS218S1O1,500087,,20,No matching MAP,
UGCOMSFF,3,Taught,,,2023,N,US1CMP16,UGCOMS,BSc,Computer Science with Foundation Year,2,2023/24,ST1A,Enrolment Block,2024-UGCOMSFF-3-2-ST1A,,2023-UGCOMSFF-3-2-ST1A,"Year=0 - Selections: 500084 in T1, 500081 in T2 - Electives: 40.00 available credits from 500085, 500086, 500087, 500088 in T1, 40.00 available credits from 500079, 500080, 500083 in T2",,,11,,Optional,5,UGCOMSFF3US1CMP16UGCOMS218S1O1,500088,,20,No matching MAP,
UGCOMSFF,3,Taught,,,2023,N,US1CMP16,UGCOMS,BSc,Computer Science with Foundation Year,2,2023/24,ST1A,Enrolment Block,2024-UGCOMSFF-3-2-ST1A,,2023-UGCOMSFF-3-2-ST1A,"Year=0 - Selections: 500084 in T1, 500081 in T2 - Electives: 40.00 available credits from 500085, 500086, 500087, 500088 in T1, 40.00 available credits from 500079, 500080, 500083 in T2",,,21,,Compulsory,5,500081,500081,,20,No matching MAP,
UGCOMSFF,3,Taught,,,2023,N,US1CMP16,UGCOMS,BSc,Computer Science with Foundation Year,2,2023/24,ST1A,Enrolment Block,2024-UGCOMSFF-3-2-ST1A,,2023-UGCOMSFF-3-2-ST1A,"Year=0 - Selections: 500084 in T1, 500081 in T2 - Electives: 40.00 available credits from 500085, 500086, 500087, 500088 in T1, 40.00 available credits from 500079, 500080, 500083 in T2",,,31,,Optional,5,UGCOMSFF3US1CMP16UGCOMS218S2O1,500079,,20,No matching MAP,
UGCOMSFF,3,Taught,,,2023,N,US1CMP16,UGCOMS,BSc,Computer Science with Foundation Year,2,2023/24,ST1A,Enrolment Block,2024-UGCOMSFF-3-2-ST1A,,2023-UGCOMSFF-3-2-ST1A,"Year=0 - Selections: 500084 in T1, 500081 in T2 - Electives: 40.00 available credits from 500085, 500086, 500087, 500088 in T1, 40.00 available credits from 500079, 500080, 500083 in T2",,,31,,Optional,5,UGCOMSFF3US1CMP16UGCOMS218S2O1,500080,,20,No matching MAP,
UGCOMSFF,3,Taught,,,2023,N,US1CMP16,UGCOMS,BSc,Computer Science with Foundation Year,2,2023/24,ST1A,Enrolment Block,2024-UGCOMSFF-3-2-ST1A,,2023-UGCOMSFF-3-2-ST1A,"Year=0 - Selections: 500084 in T1, 500081 in T2 - Electives: 40.00 available credits from 500085, 500086, 500087, 500088 in T1, 40.00 available credits from 500079, 500080, 500083 in T2",,,31,T2,Optional,5,UGCOMSFF3US1CMP16UGCOMS218S2O1,500083,Advanced Programming,20,500083T22222,
UGCOMSFF,3,Taught,,,2023,N,US1CMP16,UGCOMS,BSc,Computer Science with Foundation Year,3,2023/24,ST1A,Enrolment Block,2024-UGCOMSFF-3-3-ST1A,,2023-UGCOMSFF-3-3-ST1A,"Year=0 - Selections: 600091 in T12 Student Module Electives  [, 600097 in T12, a minimum of 20.00 available credits and a maximum of 40.00 available credits from 600096, 600088, 600085, 600089, 600086, 600094, 600099, 600100 in any period, a minimum of 20.00 available credits and a maximum of 40.00 available credits from 600087, 600092 in any period  Subject to an overall minimum of 80 available credits and an overall maximum of 80 available credits ] [, a minimum of 40.00 available credits and a maximum of 60.00 available credits from 600096, 600088, 600085, 600089, 600086, 600094, 600099, 600100 in any period, a minimum of 20.00 available credits and a maximum of 40.00 available credits from 600087, 600092 in any period  Subject to an overall minimum of 80 available credits and an overall maximum of 80 available credits ]",,,1,T12,Core,6,600091,600091,Honours Stage Project,40,60009112222,
UGCOMSFF,3,Taught,,,2023,N,US1CMP16,UGCOMS,BSc,Computer Science with Foundation Year,3,2023/24,ST1A,Enrolment Block,2024-UGCOMSFF-3-3-ST1A,,2023-UGCOMSFF-3-3-ST1A,"Year=0 - Selections: 600091 in T12 Student Module Electives  [, 600097 in T12, a minimum of 20.00 available credits and a maximum of 40.00 available credits from 600096, 600088, 600085, 600089, 600086, 600094, 600099, 600100 in any period, a minimum of 20.00 available credits and a maximum of 40.00 available credits from 600087, 600092 in any period  Subject to an overall minimum of 80 available credits and an overall maximum of 80 available credits ] [, a minimum of 40.00 available credits and a maximum of 60.00 available credits from 600096, 600088, 600085, 600089, 600086, 600094, 600099, 600100 in any period, a minimum of 20.00 available credits and a maximum of 40.00 available credits from 600087, 600092 in any period  Subject to an overall minimum of 80 available credits and an overall maximum of 80 available credits ]",,,10,,Optional,6,CSHONS OPT1,600099,,20,No matching MAP,
UGCOMSFF,3,Taught,,,2023,N,US1CMP16,UGCOMS,BSc,Computer Science with Foundation Year,3,2023/24,ST1A,Enrolment Block,2024-UGCOMSFF-3-3-ST1A,,2023-UGCOMSFF-3-3-ST1A,"Year=0 - Selections: 600091 in T12 Student Module Electives  [, 600097 in T12, a minimum of 20.00 available credits and a maximum of 40.00 available credits from 600096, 600088, 600085, 600089, 600086, 600094, 600099, 600100 in any period, a minimum of 20.00 available credits and a maximum of 40.00 available credits from 600087, 600092 in any period  Subject to an overall minimum of 80 available credits and an overall maximum of 80 available credits ] [, a minimum of 40.00 available credits and a maximum of 60.00 available credits from 600096, 600088, 600085, 600089, 600086, 600094, 600099, 600100 in any period, a minimum of 20.00 available credits and a maximum of 40.00 available credits from 600087, 600092 in any period  Subject to an overall minimum of 80 available credits and an overall maximum of 80 available credits ]",,,10,T1,Optional,6,CSHONS OPT1,600085,Embedded Systems Development,20,600085T12323,
UGCOMSFF,3,Taught,,,2023,N,US1CMP16,UGCOMS,BSc,Computer Science with Foundation Year,3,2023/24,ST1A,Enrolment Block,2024-UGCOMSFF-3-3-ST1A,,2023-UGCOMSFF-3-3-ST1A,"Year=0 - Selections: 600091 in T12 Student Module Electives  [, 600097 in T12, a minimum of 20.00 available credits and a maximum of 40.00 available credits from 600096, 600088, 600085, 600089, 600086, 600094, 600099, 600100 in any period, a minimum of 20.00 available credits and a maximum of 40.00 available credits from 600087, 600092 in any period  Subject to an overall minimum of 80 available credits and an overall maximum of 80 available credits ] [, a minimum of 40.00 available credits and a maximum of 60.00 available credits from 600096, 600088, 600085, 600089, 600086, 600094, 600099, 600100 in any period, a minimum of 20.00 available credits and a maximum of 40.00 available credits from 600087, 600092 in any period  Subject to an overall minimum of 80 available credits and an overall maximum of 80 available credits ]",,,10,T1,Optional,6,CSHONS OPT1,600088,Virtual Environments,20,600088T12021,
UGCOMSFF,3,Taught,,,2023,N,US1CMP16,UGCOMS,BSc,Computer Science with Foundation Year,3,2023/24,ST1A,Enrolment Block,2024-UGCOMSFF-3-3-ST1A,,2023-UGCOMSFF-3-3-ST1A,"Year=0 - Selections: 600091 in T12 Student Module Electives  [, 600097 in T12, a minimum of 20.00 available credits and a maximum of 40.00 available credits from 600096, 600088, 600085, 600089, 600086, 600094, 600099, 600100 in any period, a minimum of 20.00 available credits and a maximum of 40.00 available credits from 600087, 600092 in any period  Subject to an overall minimum of 80 available credits and an overall maximum of 80 available credits ] [, a minimum of 40.00 available credits and a maximum of 60.00 available credits from 600096, 600088, 600085, 600089, 600086, 600094, 600099, 600100 in any period, a minimum of 20.00 available credits and a maximum of 40.00 available credits from 600087, 600092 in any period  Subject to an overall minimum of 80 available credits and an overall maximum of 80 available credits ]",,,10,T1,Optional,6,CSHONS OPT1,600096,Mobile Devices and Applications,20,600096T11919,
UGCOMSFF,3,Taught,,,2023,N,US1CMP16,UGCOMS,BSc,Computer Science with Foundation Year,3,2023/24,ST1A,Enrolment Block,2024-UGCOMSFF-3-3-ST1A,,2023-UGCOMSFF-3-3-ST1A,"Year=0 - Selections: 600091 in T12 Student Module Electives  [, 600097 in T12, a minimum of 20.00 available credits and a maximum of 40.00 available credits from 600096, 600088, 600085, 600089, 600086, 600094, 600099, 600100 in any period, a minimum of 20.00 available credits and a maximum of 40.00 available credits from 600087, 600092 in any period  Subject to an overall minimum of 80 available credits and an overall maximum of 80 available credits ] [, a minimum of 40.00 available credits and a maximum of 60.00 available credits from 600096, 600088, 600085, 600089, 600086, 600094, 600099, 600100 in any period, a minimum of 20.00 available credits and a maximum of 40.00 available credits from 600087, 600092 in any period  Subject to an overall minimum of 80 available credits and an overall maximum of 80 available credits ]",,,10,T2,Optional,6,CSHONS OPT1,600086,Parallel and Concurrent Programming,20,600086T22222,
UGCOMSFF,3,Taught,,,2023,N,US1CMP16,UGCOMS,BSc,Computer Science with Foundation Year,3,2023/24,ST1A,Enrolment Block,2024-UGCOMSFF-3-3-ST1A,,2023-UGCOMSFF-3-3-ST1A,"Year=0 - Selections: 600091 in T12 Student Module Electives  [, 600097 in T12, a minimum of 20.00 available credits and a maximum of 40.00 available credits from 600096, 600088, 600085, 600089, 600086, 600094, 600099, 600100 in any period, a minimum of 20.00 available credits and a maximum of 40.00 available credits from 600087, 600092 in any period  Subject to an overall minimum of 80 available credits and an overall maximum of 80 available credits ] [, a minimum of 40.00 available credits and a maximum of 60.00 available credits from 600096, 600088, 600085, 600089, 600086, 600094, 600099, 600100 in any period, a minimum of 20.00 available credits and a maximum of 40.00 available credits from 600087, 600092 in any period  Subject to an overall minimum of 80 available credits and an overall maximum of 80 available credits ]",,,10,T2,Optional,6,CSHONS OPT1,600089,Distributed Systems Programming,20,600089T22323,
UGCOMSFF,3,Taught,,,2023,N,US1CMP16,UGCOMS,BSc,Computer Science with Foundation Year,3,2023/24,ST1A,Enrolment Block,2024-UGCOMSFF-3-3-ST1A,,2023-UGCOMSFF-3-3-ST1A,"Year=0 - Selections: 600091 in T12 Student Module Electives  [, 600097 in T12, a minimum of 20.00 available credits and a maximum of 40.00 available credits from 600096, 600088, 600085, 600089, 600086, 600094, 600099, 600100 in any period, a minimum of 20.00 available credits and a maximum of 40.00 available credits from 600087, 600092 in any period  Subject to an overall minimum of 80 available credits and an overall maximum of 80 available credits ] [, a minimum of 40.00 available credits and a maximum of 60.00 available credits from 600096, 600088, 600085, 600089, 600086, 600094, 600099, 600100 in any period, a minimum of 20.00 available credits and a maximum of 40.00 available credits from 600087, 600092 in any period  Subject to an overall minimum of 80 available credits and an overall maximum of 80 available credits ]",,,10,T2,Optional,6,CSHONS OPT1,600094,Advanced Software Engineering,20,600094T21818,
UGCOMSFF,3,Taught,,,2023,N,US1CMP16,UGCOMS,BSc,Computer Science with Foundation Year,3,2023/24,ST1A,Enrolment Block,2024-UGCOMSFF-3-3-ST1A,,2023-UGCOMSFF-3-3-ST1A,"Year=0 - Selections: 600091 in T12 Student Module Electives  [, 600097 in T12, a minimum of 20.00 available credits and a maximum of 40.00 available credits from 600096, 600088, 600085, 600089, 600086, 600094, 600099, 600100 in any period, a minimum of 20.00 available credits and a maximum of 40.00 available credits from 600087, 600092 in any period  Subject to an overall minimum of 80 available credits and an overall maximum of 80 available credits ] [, a minimum of 40.00 available credits and a maximum of 60.00 available credits from 600096, 600088, 600085, 600089, 600086, 600094, 600099, 600100 in any period, a minimum of 20.00 available credits and a maximum of 40.00 available credits from 600087, 600092 in any period  Subject to an overall minimum of 80 available credits and an overall maximum of 80 available credits ]",,,10,T2,Optional,6,CSHONS OPT1,600100,Computer Vision,20,600100T2323,
UGCOMSFF,3,Taught,,,2023,N,US1CMP16,UGCOMS,BSc,Computer Science with Foundation Year,3,2023/24,ST1A,Enrolment Block,2024-UGCOMSFF-3-3-ST1A,,2023-UGCOMSFF-3-3-ST1A,"Year=0 - Selections: 600091 in T12 Student Module Electives  [, 600097 in T12, a minimum of 20.00 available credits and a maximum of 40.00 available credits from 600096, 600088, 600085, 600089, 600086, 600094, 600099, 600100 in any period, a minimum of 20.00 available credits and a maximum of 40.00 available credits from 600087, 600092 in any period  Subject to an overall minimum of 80 available credits and an overall maximum of 80 available credits ] [, a minimum of 40.00 available credits and a maximum of 60.00 available credits from 600096, 600088, 600085, 600089, 600086, 600094, 600099, 600100 in any period, a minimum of 20.00 available credits and a maximum of 40.00 available credits from 600087, 600092 in any period  Subject to an overall minimum of 80 available credits and an overall maximum of 80 available credits ]",,,20,T1,Optional,6,CSHONSOPT 2,600087,Languages and their Compilers,20,600087T11818,
UGCOMSFF,3,Taught,,,2023,N,US1CMP16,UGCOMS,BSc,Computer Science with Foundation Year,3,2023/24,ST1A,Enrolment Block,2024-UGCOMSFF-3-3-ST1A,,2023-UGCOMSFF-3-3-ST1A,"Year=0 - Selections: 600091 in T12 Student Module Electives  [, 600097 in T12, a minimum of 20.00 available credits and a maximum of 40.00 available credits from 600096, 600088, 600085, 600089, 600086, 600094, 600099, 600100 in any period, a minimum of 20.00 available credits and a maximum of 40.00 available credits from 600087, 600092 in any period  Subject to an overall minimum of 80 available credits and an overall maximum of 80 available credits ] [, a minimum of 40.00 available credits and a maximum of 60.00 available credits from 600096, 600088, 600085, 600089, 600086, 600094, 600099, 600100 in any period, a minimum of 20.00 available credits and a maximum of 40.00 available credits from 600087, 600092 in any period  Subject to an overall minimum of 80 available credits and an overall maximum of 80 available credits ]",,,20,T1,Optional,6,CSHONSOPT 2,600092,Data Mining and Decision Systems,20,600092T12121,
UGCOMSFF,3,Taught,,,2023,N,US1CMP16,UGCOMS,BSc,Computer Science with Foundation Year,3,2023/24,ST1A,Enrolment Block,2024-UGCOMSFF-3-3-ST1A,,2023-UGCOMSFF-3-3-ST1A,"Year=0 - Selections: 600091 in T12 Student Module Electives  [, 600097 in T12, a minimum of 20.00 available credits and a maximum of 40.00 available credits from 600096, 600088, 600085, 600089, 600086, 600094, 600099, 600100 in any period, a minimum of 20.00 available credits and a maximum of 40.00 available credits from 600087, 600092 in any period  Subject to an overall minimum of 80 available credits and an overall maximum of 80 available credits ] [, a minimum of 40.00 available credits and a maximum of 60.00 available credits from 600096, 600088, 600085, 600089, 600086, 600094, 600099, 600100 in any period, a minimum of 20.00 available credits and a maximum of 40.00 available credits from 600087, 600092 in any period  Subject to an overall minimum of 80 available credits and an overall maximum of 80 available credits ]",,,30,,Optional,6,600097,600097,,20,No matching MAP,This module is limited to 15 students. Students will be required to attend an interview and complete a DBS if taking this module.
UGCOMSFF,3,Taught,,,2023,N,US1CMP16,UGCOMS,BSc,Computer Science with Foundation Year,3,2023/24,ST1A,Enrolment Block,2024-UGCOMSFF-3-3-ST1A,,2023-UGCOMSFF-3-3-ST1A,"Year=0 - Selections: 600091 in T12 Student Module Electives  [, 600097 in T12, a minimum of 20.00 available credits and a maximum of 40.00 available credits from 600096, 600088, 600085, 600089, 600086, 600094, 600099, 600100 in any period, a minimum of 20.00 available credits and a maximum of 40.00 available credits from 600087, 600092 in any period  Subject to an overall minimum of 80 available credits and an overall maximum of 80 available credits ] [, a minimum of 40.00 available credits and a maximum of 60.00 available credits from 600096, 600088, 600085, 600089, 600086, 600094, 600099, 600100 in any period, a minimum of 20.00 available credits and a maximum of 40.00 available credits from 600087, 600092 in any period  Subject to an overall minimum of 80 available credits and an overall maximum of 80 available credits ]",,,40,,Optional,6,CSHONS OPT1,600099,,20,No matching MAP,
UGCOMSFF,3,Taught,,,2023,N,US1CMP16,UGCOMS,BSc,Computer Science with Foundation Year,3,2023/24,ST1A,Enrolment Block,2024-UGCOMSFF-3-3-ST1A,,2023-UGCOMSFF-3-3-ST1A,"Year=0 - Selections: 600091 in T12 Student Module Electives  [, 600097 in T12, a minimum of 20.00 available credits and a maximum of 40.00 available credits from 600096, 600088, 600085, 600089, 600086, 600094, 600099, 600100 in any period, a minimum of 20.00 available credits and a maximum of 40.00 available credits from 600087, 600092 in any period  Subject to an overall minimum of 80 available credits and an overall maximum of 80 available credits ] [, a minimum of 40.00 available credits and a maximum of 60.00 available credits from 600096, 600088, 600085, 600089, 600086, 600094, 600099, 600100 in any period, a minimum of 20.00 available credits and a maximum of 40.00 available credits from 600087, 600092 in any period  Subject to an overall minimum of 80 available credits and an overall maximum of 80 available credits ]",,,40,T1,Optional,6,CSHONS OPT1,600085,Embedded Systems Development,20,600085T12323,
UGCOMSFF,3,Taught,,,2023,N,US1CMP16,UGCOMS,BSc,Computer Science with Foundation Year,3,2023/24,ST1A,Enrolment Block,2024-UGCOMSFF-3-3-ST1A,,2023-UGCOMSFF-3-3-ST1A,"Year=0 - Selections: 600091 in T12 Student Module Electives  [, 600097 in T12, a minimum of 20.00 available credits and a maximum of 40.00 available credits from 600096, 600088, 600085, 600089, 600086, 600094, 600099, 600100 in any period, a minimum of 20.00 available credits and a maximum of 40.00 available credits from 600087, 600092 in any period  Subject to an overall minimum of 80 available credits and an overall maximum of 80 available credits ] [, a minimum of 40.00 available credits and a maximum of 60.00 available credits from 600096, 600088, 600085, 600089, 600086, 600094, 600099, 600100 in any period, a minimum of 20.00 available credits and a maximum of 40.00 available credits from 600087, 600092 in any period  Subject to an overall minimum of 80 available credits and an overall maximum of 80 available credits ]",,,40,T1,Optional,6,CSHONS OPT1,600088,Virtual Environments,20,600088T12021,
UGCOMSFF,3,Taught,,,2023,N,US1CMP16,UGCOMS,BSc,Computer Science with Foundation Year,3,2023/24,ST1A,Enrolment Block,2024-UGCOMSFF-3-3-ST1A,,2023-UGCOMSFF-3-3-ST1A,"Year=0 - Selections: 600091 in T12 Student Module Electives  [, 600097 in T12, a minimum of 20.00 available credits and a maximum of 40.00 available credits from 600096, 600088, 600085, 600089, 600086, 600094, 600099, 600100 in any period, a minimum of 20.00 available credits and a maximum of 40.00 available credits from 600087, 600092 in any period  Subject to an overall minimum of 80 available credits and an overall maximum of 80 available credits ] [, a minimum of 40.00 available credits and a maximum of 60.00 available credits from 600096, 600088, 600085, 600089, 600086, 600094, 600099, 600100 in any period, a minimum of 20.00 available credits and a maximum of 40.00 available credits from 600087, 600092 in any period  Subject to an overall minimum of 80 available credits and an overall maximum of 80 available credits ]",,,40,T1,Optional,6,CSHONS OPT1,600096,Mobile Devices and Applications,20,600096T11919,
UGCOMSFF,3,Taught,,,2023,N,US1CMP16,UGCOMS,BSc,Computer Science with Foundation Year,3,2023/24,ST1A,Enrolment Block,2024-UGCOMSFF-3-3-ST1A,,2023-UGCOMSFF-3-3-ST1A,"Year=0 - Selections: 600091 in T12 Student Module Electives  [, 600097 in T12, a minimum of 20.00 available credits and a maximum of 40.00 available credits from 600096, 600088, 600085, 600089, 600086, 600094, 600099, 600100 in any period, a minimum of 20.00 available credits and a maximum of 40.00 available credits from 600087, 600092 in any period  Subject to an overall minimum of 80 available credits and an overall maximum of 80 available credits ] [, a minimum of 40.00 available credits and a maximum of 60.00 available credits from 600096, 600088, 600085, 600089, 600086, 600094, 600099, 600100 in any period, a minimum of 20.00 available credits and a maximum of 40.00 available credits from 600087, 600092 in any period  Subject to an overall minimum of 80 available credits and an overall maximum of 80 available credits ]",,,40,T2,Optional,6,CSHONS OPT1,600086,Parallel and Concurrent Programming,20,600086T22222,
UGCOMSFF,3,Taught,,,2023,N,US1CMP16,UGCOMS,BSc,Computer Science with Foundation Year,3,2023/24,ST1A,Enrolment Block,2024-UGCOMSFF-3-3-ST1A,,2023-UGCOMSFF-3-3-ST1A,"Year=0 - Selections: 600091 in T12 Student Module Electives  [, 600097 in T12, a minimum of 20.00 available credits and a maximum of 40.00 available credits from 600096, 600088, 600085, 600089, 600086, 600094, 600099, 600100 in any period, a minimum of 20.00 available credits and a maximum of 40.00 available credits from 600087, 600092 in any period  Subject to an overall minimum of 80 available credits and an overall maximum of 80 available credits ] [, a minimum of 40.00 available credits and a maximum of 60.00 available credits from 600096, 600088, 600085, 600089, 600086, 600094, 600099, 600100 in any period, a minimum of 20.00 available credits and a maximum of 40.00 available credits from 600087, 600092 in any period  Subject to an overall minimum of 80 available credits and an overall maximum of 80 available credits ]",,,40,T2,Optional,6,CSHONS OPT1,600089,Distributed Systems Programming,20,600089T22323,
UGCOMSFF,3,Taught,,,2023,N,US1CMP16,UGCOMS,BSc,Computer Science with Foundation Year,3,2023/24,ST1A,Enrolment Block,2024-UGCOMSFF-3-3-ST1A,,2023-UGCOMSFF-3-3-ST1A,"Year=0 - Selections: 600091 in T12 Student Module Electives  [, 600097 in T12, a minimum of 20.00 available credits and a maximum of 40.00 available credits from 600096, 600088, 600085, 600089, 600086, 600094, 600099, 600100 in any period, a minimum of 20.00 available credits and a maximum of 40.00 available credits from 600087, 600092 in any period  Subject to an overall minimum of 80 available credits and an overall maximum of 80 available credits ] [, a minimum of 40.00 available credits and a maximum of 60.00 available credits from 600096, 600088, 600085, 600089, 600086, 600094, 600099, 600100 in any period, a minimum of 20.00 available credits and a maximum of 40.00 available credits from 600087, 600092 in any period  Subject to an overall minimum of 80 available credits and an overall maximum of 80 available credits ]",,,40,T2,Optional,6,CSHONS OPT1,600094,Advanced Software Engineering,20,600094T21818,
UGCOMSFF,3,Taught,,,2023,N,US1CMP16,UGCOMS,BSc,Computer Science with Foundation Year,3,2023/24,ST1A,Enrolment Block,2024-UGCOMSFF-3-3-ST1A,,2023-UGCOMSFF-3-3-ST1A,"Year=0 - Selections: 600091 in T12 Student Module Electives  [, 600097 in T12, a minimum of 20.00 available credits and a maximum of 40.00 available credits from 600096, 600088, 600085, 600089, 600086, 600094, 600099, 600100 in any period, a minimum of 20.00 available credits and a maximum of 40.00 available credits from 600087, 600092 in any period  Subject to an overall minimum of 80 available credits and an overall maximum of 80 available credits ] [, a minimum of 40.00 available credits and a maximum of 60.00 available credits from 600096, 600088, 600085, 600089, 600086, 600094, 600099, 600100 in any period, a minimum of 20.00 available credits and a maximum of 40.00 available credits from 600087, 600092 in any period  Subject to an overall minimum of 80 available credits and an overall maximum of 80 available credits ]",,,40,T2,Optional,6,CSHONS OPT1,600100,Computer Vision,20,600100T2323,
UGCOMSFF,3,Taught,,,2023,N,US1CMP16,UGCOMS,BSc,Computer Science with Foundation Year,3,2023/24,ST1A,Enrolment Block,2024-UGCOMSFF-3-3-ST1A,,2023-UGCOMSFF-3-3-ST1A,"Year=0 - Selections: 600091 in T12 Student Module Electives  [, 600097 in T12, a minimum of 20.00 available credits and a maximum of 40.00 available credits from 600096, 600088, 600085, 600089, 600086, 600094, 600099, 600100 in any period, a minimum of 20.00 available credits and a maximum of 40.00 available credits from 600087, 600092 in any period  Subject to an overall minimum of 80 available credits and an overall maximum of 80 available credits ] [, a minimum of 40.00 available credits and a maximum of 60.00 available credits from 600096, 600088, 600085, 600089, 600086, 600094, 600099, 600100 in any period, a minimum of 20.00 available credits and a maximum of 40.00 available credits from 600087, 600092 in any period  Subject to an overall minimum of 80 available credits and an overall maximum of 80 available credits ]",,,50,T1,Optional,6,CSHONSOPT 2,600087,Languages and their Compilers,20,600087T11818,
UGCOMSFF,3,Taught,,,2023,N,US1CMP16,UGCOMS,BSc,Computer Science with Foundation Year,3,2023/24,ST1A,Enrolment Block,2024-UGCOMSFF-3-3-ST1A,,2023-UGCOMSFF-3-3-ST1A,"Year=0 - Selections: 600091 in T12 Student Module Electives  [, 600097 in T12, a minimum of 20.00 available credits and a maximum of 40.00 available credits from 600096, 600088, 600085, 600089, 600086, 600094, 600099, 600100 in any period, a minimum of 20.00 available credits and a maximum of 40.00 available credits from 600087, 600092 in any period  Subject to an overall minimum of 80 available credits and an overall maximum of 80 available credits ] [, a minimum of 40.00 available credits and a maximum of 60.00 available credits from 600096, 600088, 600085, 600089, 600086, 600094, 600099, 600100 in any period, a minimum of 20.00 available credits and a maximum of 40.00 available credits from 600087, 600092 in any period  Subject to an overall minimum of 80 available credits and an overall maximum of 80 available credits ]",,,50,T1,Optional,6,CSHONSOPT 2,600092,Data Mining and Decision Systems,20,600092T12121,
UGCOMSFF,4,Taught,,,2018,,US1CMP00,UGCOMS,BSc,Computer Science (with Foundation Year),0,2023/24,ST1A,Enrolment Block,2024-UGCOMSFF--0-ST1A,,2023-UGCOMSFF--0-ST1A,,,,,,,,,,,,No matching MAP,
UGCOMSFF,4,Taught,,,2018,,US1CMP00,UGCOMS,BSc,Computer Science (with Foundation Year),1,2023/24,ST1A,Enrolment Block,2024-UGCOMSFF--1-ST1A,,2023-UGCOMSFF--1-ST1A,,,,,,,,,,,,No matching MAP,
UGCOMSFF,4,Taught,,,2018,,US1CMP00,UGCOMS,BSc,Computer Science (with Foundation Year),2,2023/24,ST1A,Enrolment Block,2024-UGCOMSFF--2-ST1A,,2023-UGCOMSFF--2-ST1A,,,,,,,,,,,,No matching MAP,
UGCOMSFF,4,Taught,,,2018,,US1CMP00,UGCOMS,BSc,Computer Science (with Foundation Year),3,2023/24,ST1A,Enrolment Block,2024-UGCOMSFF--3-ST1A,,2023-UGCOMSFF--3-ST1A,,,,,,,,,,,,No matching MAP,
UGCOMSFF,5,Taught,,,2018,,US1CMP00,UGCSWG,BSc,Computer Science with Games Development (with Foundation Year),0,2023/24,ST1A,Enrolment Block,,No Online diet for this VCO/CBO,,,No 2023* diet for this VCO/CBO,,,,,,,,,,No matching MAP,
UGCOMSFF,5,Taught,,,2018,,US1CMP00,UGCSWG,BSc,Computer Science with Games Development (with Foundation Year),1,2023/24,ST1A,Enrolment Block,,No Online diet for this VCO/CBO,,,No 2023* diet for this VCO/CBO,,,,,,,,,,No matching MAP,
UGCOMSFF,5,Taught,,,2018,,US1CMP00,UGCSWG,BSc,Computer Science with Games Development (with Foundation Year),2,2023/24,ST1A,Enrolment Block,,No Online diet for this VCO/CBO,,,No 2023* diet for this VCO/CBO,,,,,,,,,,No matching MAP,
UGCOMSFF,5,Taught,,,2018,,US1CMP00,UGCSWG,BSc,Computer Science with Games Development (with Foundation Year),3,2023/24,ST1A,Enrolment Block,,No Online diet for this VCO/CBO,,,No 2023* diet for this VCO/CBO,,,,,,,,,,No matching MAP,
UGCOMSFF,6,Taught,,,2021,,US1CMO16,UGCSES,BSc (Ordinary),Computer Science (Embedded Systems),0,2023/24,ST1A,Enrolment Block,,No Online diet for this VCO/CBO,,,No 2023* diet for this VCO/CBO,,,,,,,,,,No matching MAP,
UGCOMSFF,6,Taught,,,2021,,US1CMO16,UGCSES,BSc (Ordinary),Computer Science (Embedded Systems),1,2023/24,ST1A,Enrolment Block,,No Online diet for this VCO/CBO,,,No 2023* diet for this VCO/CBO,,,,,,,,,,No matching MAP,
UGCOMSFF,6,Taught,,,2021,,US1CMO16,UGCSES,BSc (Ordinary),Computer Science (Embedded Systems),2,2023/24,ST1A,Enrolment Block,,No Online diet for this VCO/CBO,,,No 2023* diet for this VCO/CBO,,,,,,,,,,No matching MAP,
UGCOMSFF,6,Taught,,,2021,,US1CMO16,UGCSES,BSc (Ordinary),Computer Science (Embedded Systems),3,2023/24,ST1A,Enrolment Block,,No Online diet for this VCO/CBO,,,No 2023* diet for this VCO/CBO,,,,,,,,,,No matching MAP,
UGCOMSFF,7,Taught,,2022,,Y,US1CMP19,UGCOMS,BSc,Computer Science with Foundation Year,0,2023/24,ST1A,Enrolment Block,2024-UGCOMSFF-7-0-ST1A,,2023-UGCOMSFF-7-0-ST1A,"Year=0 - Selections: 300008 in T1, 300014 in T1, 330113 in T2, 300031 in T2, 441190 in T12, 330120 in T2 - Electives: 20.00 available credits from 300001, 300013 in T1, 20.00 available credits from 300002, 300012 in T2",,,10,T1,Core,3,300008,300008,Preparing for Learning in Higher Education,20,300008T12323,
UGCOMSFF,7,Taught,,2022,,Y,US1CMP19,UGCOMS,BSc,Computer Science with Foundation Year,0,2023/24,ST1A,Enrolment Block,2024-UGCOMSFF-7-0-ST1A,,2023-UGCOMSFF-7-0-ST1A,"Year=0 - Selections: 300008 in T1, 300014 in T1, 330113 in T2, 300031 in T2, 441190 in T12, 330120 in T2 - Electives: 20.00 available credits from 300001, 300013 in T1, 20.00 available credits from 300002, 300012 in T2",,,30,T1,Core,3,300014,300014,Introduction to Computing,20,300014T12323,
UGCOMSFF,7,Taught,,2022,,Y,US1CMP19,UGCOMS,BSc,Computer Science with Foundation Year,0,2023/24,ST1A,Enrolment Block,2024-UGCOMSFF-7-0-ST1A,,2023-UGCOMSFF-7-0-ST1A,"Year=0 - Selections: 300008 in T1, 300014 in T1, 330113 in T2, 300031 in T2, 441190 in T12, 330120 in T2 - Electives: 20.00 available credits from 300001, 300013 in T1, 20.00 available credits from 300002, 300012 in T2",,,40,T2,Core,3,330113,330113,Group Challenge,20,330113T22121,
UGCOMSFF,7,Taught,,2022,,Y,US1CMP19,UGCOMS,BSc,Computer Science with Foundation Year,0,2023/24,ST1A,Enrolment Block,2024-UGCOMSFF-7-0-ST1A,,2023-UGCOMSFF-7-0-ST1A,"Year=0 - Selections: 300008 in T1, 300014 in T1, 330113 in T2, 300031 in T2, 441190 in T12, 330120 in T2 - Electives: 20.00 available credits from 300001, 300013 in T1, 20.00 available credits from 300002, 300012 in T2",,,50,T2,Compulsory,3,300031,300031,Foundation in Data Analysis,20,300031A2323,
UGCOMSFF,7,Taught,,2022,,Y,US1CMP19,UGCOMS,BSc,Computer Science with Foundation Year,0,2023/24,ST1A,Enrolment Block,2024-UGCOMSFF-7-0-ST1A,,2023-UGCOMSFF-7-0-ST1A,"Year=0 - Selections: 300008 in T1, 300014 in T1, 330113 in T2, 300031 in T2, 441190 in T12, 330120 in T2 - Electives: 20.00 available credits from 300001, 300013 in T1, 20.00 available credits from 300002, 300012 in T2",,,60,T1,Elective - If chosen cannot condone or compenste,3,CSTL3T1OPT,300001,Foundation Maths A,20,300001T123A,
UGCOMSFF,7,Taught,,2022,,Y,US1CMP19,UGCOMS,BSc,Computer Science with Foundation Year,0,2023/24,ST1A,Enrolment Block,2024-UGCOMSFF-7-0-ST1A,,2023-UGCOMSFF-7-0-ST1A,"Year=0 - Selections: 300008 in T1, 300014 in T1, 330113 in T2, 300031 in T2, 441190 in T12, 330120 in T2 - Electives: 20.00 available credits from 300001, 300013 in T1, 20.00 available credits from 300002, 300012 in T2",,,60,T1,Elective - If chosen cannot condone or compenste,3,CSTL3T1OPT,300013,Foundation Maths 1,20,300013T123A,
UGCOMSFF,7,Taught,,2022,,Y,US1CMP19,UGCOMS,BSc,Computer Science with Foundation Year,0,2023/24,ST1A,Enrolment Block,2024-UGCOMSFF-7-0-ST1A,,2023-UGCOMSFF-7-0-ST1A,"Year=0 - Selections: 300008 in T1, 300014 in T1, 330113 in T2, 300031 in T2, 441190 in T12, 330120 in T2 - Electives: 20.00 available credits from 300001, 300013 in T1, 20.00 available credits from 300002, 300012 in T2",,,70,T2,Elective - If chosen cannot condone or compenste,3,CSTL3T2OPT,300002,Foundation Maths B,20,300002T223A,
UGCOMSFF,7,Taught,,2022,,Y,US1CMP19,UGCOMS,BSc,Computer Science with Foundation Year,0,2023/24,ST1A,Enrolment Block,2024-UGCOMSFF-7-0-ST1A,,2023-UGCOMSFF-7-0-ST1A,"Year=0 - Selections: 300008 in T1, 300014 in T1, 330113 in T2, 300031 in T2, 441190 in T12, 330120 in T2 - Electives: 20.00 available credits from 300001, 300013 in T1, 20.00 available credits from 300002, 300012 in T2",,,70,T2,Elective - If chosen cannot condone or compenste,3,CSTL3T2OPT,300012,Foundation Maths 2,20,300012T223A,
UGCOMSFF,7,Taught,,2022,,Y,US1CMP19,UGCOMS,BSc,Computer Science with Foundation Year,0,2023/24,ST1A,Enrolment Block,2024-UGCOMSFF-7-0-ST1A,,2023-UGCOMSFF-7-0-ST1A,"Year=0 - Selections: 300008 in T1, 300014 in T1, 330113 in T2, 300031 in T2, 441190 in T12, 330120 in T2 - Electives: 20.00 available credits from 300001, 300013 in T1, 20.00 available credits from 300002, 300012 in T2",,,80,,Compulsory,4,441190,441190,,0,No matching MAP,
UGCOMSFF,7,Taught,,2022,,Y,US1CMP19,UGCOMS,BSc,Computer Science with Foundation Year,0,2023/24,ST1A,Enrolment Block,2024-UGCOMSFF-7-0-ST1A,,2023-UGCOMSFF-7-0-ST1A,"Year=0 - Selections: 300008 in T1, 300014 in T1, 330113 in T2, 300031 in T2, 441190 in T12, 330120 in T2 - Electives: 20.00 available credits from 300001, 300013 in T1, 20.00 available credits from 300002, 300012 in T2",,,90,,Compulsory,3,330120,330120,,0,No matching MAP,
UGCOMSFF,7,Taught,,2022,,Y,US1CMP19,UGCOMS,BSc,Computer Science with Foundation Year,1,2023/24,ST1A,Enrolment Block,2024-UGCOMSFF-7-1-ST1A,,2023-UGCOMSFF-7-1-ST1A,"Year=0 - Selections: 441101 in T12, 441104 in T2, 441105 in T1, 441102 in T2, 441108 in T1, 441187 in T12, 441190 in T12",,,10,T12,Core,4,441101,441101,Programming Portfolio,40,441101T1&222,
UGCOMSFF,7,Taught,,2022,,Y,US1CMP19,UGCOMS,BSc,Computer Science with Foundation Year,1,2023/24,ST1A,Enrolment Block,2024-UGCOMSFF-7-1-ST1A,,2023-UGCOMSFF-7-1-ST1A,"Year=0 - Selections: 441101 in T12, 441104 in T2, 441105 in T1, 441102 in T2, 441108 in T1, 441187 in T12, 441190 in T12",,,20,T2,Compulsory,4,441104,441104,Computational Thinking,20,441104T12222,
UGCOMSFF,7,Taught,,2022,,Y,US1CMP19,UGCOMS,BSc,Computer Science with Foundation Year,1,2023/24,ST1A,Enrolment Block,2024-UGCOMSFF-7-1-ST1A,,2023-UGCOMSFF-7-1-ST1A,"Year=0 - Selections: 441101 in T12, 441104 in T2, 441105 in T1, 441102 in T2, 441108 in T1, 441187 in T12, 441190 in T12",,,30,T1,Compulsory,4,441105,441105,Algorithms and Data Structures,20,441105T12222,
UGCOMSFF,7,Taught,,2022,,Y,US1CMP19,UGCOMS,BSc,Computer Science with Foundation Year,1,2023/24,ST1A,Enrolment Block,2024-UGCOMSFF-7-1-ST1A,,2023-UGCOMSFF-7-1-ST1A,"Year=0 - Selections: 441101 in T12, 441104 in T2, 441105 in T1, 441102 in T2, 441108 in T1, 441187 in T12, 441190 in T12",,,40,T2,Compulsory,4,441102,441102,"Architectures, Operating Systems and the Cloud",20,441102T22222,
UGCOMSFF,7,Taught,,2022,,Y,US1CMP19,UGCOMS,BSc,Computer Science with Foundation Year,1,2023/24,ST1A,Enrolment Block,2024-UGCOMSFF-7-1-ST1A,,2023-UGCOMSFF-7-1-ST1A,"Year=0 - Selections: 441101 in T12, 441104 in T2, 441105 in T1, 441102 in T2, 441108 in T1, 441187 in T12, 441190 in T12",,,50,T1,Compulsory,4,441108,441108,Professional Development,20,441108T22222,
UGCOMSFF,7,Taught,,2022,,Y,US1CMP19,UGCOMS,BSc,Computer Science with Foundation Year,1,2023/24,ST1A,Enrolment Block,2024-UGCOMSFF-7-1-ST1A,,2023-UGCOMSFF-7-1-ST1A,"Year=0 - Selections: 441101 in T12, 441104 in T2, 441105 in T1, 441102 in T2, 441108 in T1, 441187 in T12, 441190 in T12",,,60,T12,Compulsory,4,441187,441187,Computer Science PASS module,0,No matching MAP,
UGCOMSFF,7,Taught,,2022,,Y,US1CMP19,UGCOMS,BSc,Computer Science with Foundation Year,1,2023/24,ST1A,Enrolment Block,2024-UGCOMSFF-7-1-ST1A,,2023-UGCOMSFF-7-1-ST1A,"Year=0 - Selections: 441101 in T12, 441104 in T2, 441105 in T1, 441102 in T2, 441108 in T1, 441187 in T12, 441190 in T12",,,70,,Compulsory,4,441190,441190,,0,No matching MAP,
UGCOMSFF,7,Taught,,2022,,Y,US1CMP19,UGCOMS,BSc,Computer Science with Foundation Year,2,2023/24,ST1A,Enrolment Block,2024-UGCOMSFF-7-2-ST1A,,2023-UGCOMSFF-7-2-ST1A,"Year=0 - Selections: 551462 in T12, 551457 in T1, 551458 in T1, 551460 in T2, 441190 in T12 - Electives: 20.00 available credits from 500083, 551461, 551672 in T2",,,10,T12,Core,5,551462,551462,Design Develop Deploy,40,551462T1222,
UGCOMSFF,7,Taught,,2022,,Y,US1CMP19,UGCOMS,BSc,Computer Science with Foundation Year,2,2023/24,ST1A,Enrolment Block,2024-UGCOMSFF-7-2-ST1A,,2023-UGCOMSFF-7-2-ST1A,"Year=0 - Selections: 551462 in T12, 551457 in T1, 551458 in T1, 551460 in T2, 441190 in T12 - Electives: 20.00 available credits from 500083, 551461, 551672 in T2",,,20,T1,Compulsory,5,551457,551457,Databases and Networks,20,551457T12222,
UGCOMSFF,7,Taught,,2022,,Y,US1CMP19,UGCOMS,BSc,Computer Science with Foundation Year,2,2023/24,ST1A,Enrolment Block,2024-UGCOMSFF-7-2-ST1A,,2023-UGCOMSFF-7-2-ST1A,"Year=0 - Selections: 551462 in T12, 551457 in T1, 551458 in T1, 551460 in T2, 441190 in T12 - Electives: 20.00 available credits from 500083, 551461, 551672 in T2",,,30,T1,Compulsory,5,551458,551458,Artificial Intelligence,20,551458T12222,
UGCOMSFF,7,Taught,,2022,,Y,US1CMP19,UGCOMS,BSc,Computer Science with Foundation Year,2,2023/24,ST1A,Enrolment Block,2024-UGCOMSFF-7-2-ST1A,,2023-UGCOMSFF-7-2-ST1A,"Year=0 - Selections: 551462 in T12, 551457 in T1, 551458 in T1, 551460 in T2, 441190 in T12 - Electives: 20.00 available credits from 500083, 551461, 551672 in T2",,,40,T2,Compulsory,5,551460,551460,User Interfaces and Experience,20,551460T22222,
UGCOMSFF,7,Taught,,2022,,Y,US1CMP19,UGCOMS,BSc,Computer Science with Foundation Year,2,2023/24,ST1A,Enrolment Block,2024-UGCOMSFF-7-2-ST1A,,2023-UGCOMSFF-7-2-ST1A,"Year=0 - Selections: 551462 in T12, 551457 in T1, 551458 in T1, 551460 in T2, 441190 in T12 - Electives: 20.00 available credits from 500083, 551461, 551672 in T2",,,50,,Optional,5,BSC COMP SCI T2 L5 OPTS,551672,,20,No matching MAP,
UGCOMSFF,7,Taught,,2022,,Y,US1CMP19,UGCOMS,BSc,Computer Science with Foundation Year,2,2023/24,ST1A,Enrolment Block,2024-UGCOMSFF-7-2-ST1A,,2023-UGCOMSFF-7-2-ST1A,"Year=0 - Selections: 551462 in T12, 551457 in T1, 551458 in T1, 551460 in T2, 441190 in T12 - Electives: 20.00 available credits from 500083, 551461, 551672 in T2",,,50,T2,Optional,5,BSC COMP SCI T2 L5 OPTS,500083,Advanced Programming,20,500083T22222,
UGCOMSFF,7,Taught,,2022,,Y,US1CMP19,UGCOMS,BSc,Computer Science with Foundation Year,2,2023/24,ST1A,Enrolment Block,2024-UGCOMSFF-7-2-ST1A,,2023-UGCOMSFF-7-2-ST1A,"Year=0 - Selections: 551462 in T12, 551457 in T1, 551458 in T1, 551460 in T2, 441190 in T12 - Electives: 20.00 available credits from 500083, 551461, 551672 in T2",,,50,T2,Optional,5,BSC COMP SCI T2 L5 OPTS,551461,Mixed Reality Development,20,551461T22323,
UGCOMSFF,7,Taught,,2022,,Y,US1CMP19,UGCOMS,BSc,Computer Science with Foundation Year,2,2023/24,ST1A,Enrolment Block,2024-UGCOMSFF-7-2-ST1A,,2023-UGCOMSFF-7-2-ST1A,"Year=0 - Selections: 551462 in T12, 551457 in T1, 551458 in T1, 551460 in T2, 441190 in T12 - Electives: 20.00 available credits from 500083, 551461, 551672 in T2",,,60,,Compulsory,4,441190,441190,,0,No matching MAP,
UGCOMSFF,7,Taught,,2022,,Y,US1CMP19,UGCOMS,BSc,Computer Science with Foundation Year,3,2023/24,ST1A,Enrolment Block,2024-UGCOMSFF-7-3-ST1A,,2023-UGCOMSFF-7-3-ST1A,"Year=0 - Selections: 661987 in T1, 600093 in T2, 441190 in T12 - Electives: 40.00 available credits from 600091, 662004 in T12, 20.00 available credits from 661982, 661984, 662086 in T1, 20.00 available credits from 600100, 600089, 661985, 600086, 661987, 662253 in T2",,,10,T12,Elective - If chosen cannot condone or compenste,6,COMP SCI L6 T12 OPTS,600091,Honours Stage Project,40,60009112222,
UGCOMSFF,7,Taught,,2022,,Y,US1CMP19,UGCOMS,BSc,Computer Science with Foundation Year,3,2023/24,ST1A,Enrolment Block,2024-UGCOMSFF-7-3-ST1A,,2023-UGCOMSFF-7-3-ST1A,"Year=0 - Selections: 661987 in T1, 600093 in T2, 441190 in T12 - Electives: 40.00 available credits from 600091, 662004 in T12, 20.00 available credits from 661982, 661984, 662086 in T1, 20.00 available credits from 600100, 600089, 661985, 600086, 661987, 662253 in T2",,,10,T12,Elective - If chosen cannot condone or compenste,6,COMP SCI L6 T12 OPTS,662004,Communicating and Teaching Computing,40,6.62E+11,
UGCOMSFF,7,Taught,,2022,,Y,US1CMP19,UGCOMS,BSc,Computer Science with Foundation Year,3,2023/24,ST1A,Enrolment Block,2024-UGCOMSFF-7-3-ST1A,,2023-UGCOMSFF-7-3-ST1A,"Year=0 - Selections: 661987 in T1, 600093 in T2, 441190 in T12 - Electives: 40.00 available credits from 600091, 662004 in T12, 20.00 available credits from 661982, 661984, 662086 in T1, 20.00 available credits from 600100, 600089, 661985, 600086, 661987, 662253 in T2",,,20,T1,Compulsory,6,661987,661987,Data Analysis and Visualisation,20,661987T12222,
UGCOMSFF,7,Taught,,2022,,Y,US1CMP19,UGCOMS,BSc,Computer Science with Foundation Year,3,2023/24,ST1A,Enrolment Block,2024-UGCOMSFF-7-3-ST1A,,2023-UGCOMSFF-7-3-ST1A,"Year=0 - Selections: 661987 in T1, 600093 in T2, 441190 in T12 - Electives: 40.00 available credits from 600091, 662004 in T12, 20.00 available credits from 661982, 661984, 662086 in T1, 20.00 available credits from 600100, 600089, 661985, 600086, 661987, 662253 in T2",,,30,T1,Optional,6,COMP SCI L6 T1 OPTS,661982,Secure Digital Infrastructure,20,661982T12222,
UGCOMSFF,7,Taught,,2022,,Y,US1CMP19,UGCOMS,BSc,Computer Science with Foundation Year,3,2023/24,ST1A,Enrolment Block,2024-UGCOMSFF-7-3-ST1A,,2023-UGCOMSFF-7-3-ST1A,"Year=0 - Selections: 661987 in T1, 600093 in T2, 441190 in T12 - Electives: 40.00 available credits from 600091, 662004 in T12, 20.00 available credits from 661982, 661984, 662086 in T1, 20.00 available credits from 600100, 600089, 661985, 600086, 661987, 662253 in T2",,,30,T1,Optional,6,COMP SCI L6 T1 OPTS,661984,Digital Disruption and Innovation,20,661984T12222,
UGCOMSFF,7,Taught,,2022,,Y,US1CMP19,UGCOMS,BSc,Computer Science with Foundation Year,3,2023/24,ST1A,Enrolment Block,2024-UGCOMSFF-7-3-ST1A,,2023-UGCOMSFF-7-3-ST1A,"Year=0 - Selections: 661987 in T1, 600093 in T2, 441190 in T12 - Electives: 40.00 available credits from 600091, 662004 in T12, 20.00 available credits from 661982, 661984, 662086 in T1, 20.00 available credits from 600100, 600089, 661985, 600086, 661987, 662253 in T2",,,30,T1,Optional,6,COMP SCI L6 T1 OPTS,662086,Machine Learning,20,662086T12222,
UGCOMSFF,7,Taught,,2022,,Y,US1CMP19,UGCOMS,BSc,Computer Science with Foundation Year,3,2023/24,ST1A,Enrolment Block,2024-UGCOMSFF-7-3-ST1A,,2023-UGCOMSFF-7-3-ST1A,"Year=0 - Selections: 661987 in T1, 600093 in T2, 441190 in T12 - Electives: 40.00 available credits from 600091, 662004 in T12, 20.00 available credits from 661982, 661984, 662086 in T1, 20.00 available credits from 600100, 600089, 661985, 600086, 661987, 662253 in T2",,,40,,Optional,6,COMP SCI L6 T2 OPTS,661987,,20,No matching MAP,
UGCOMSFF,7,Taught,,2022,,Y,US1CMP19,UGCOMS,BSc,Computer Science with Foundation Year,3,2023/24,ST1A,Enrolment Block,2024-UGCOMSFF-7-3-ST1A,,2023-UGCOMSFF-7-3-ST1A,"Year=0 - Selections: 661987 in T1, 600093 in T2, 441190 in T12 - Electives: 40.00 available credits from 600091, 662004 in T12, 20.00 available credits from 661982, 661984, 662086 in T1, 20.00 available credits from 600100, 600089, 661985, 600086, 661987, 662253 in T2",,,40,,Optional,6,COMP SCI L6 T2 OPTS,662253,,20,No matching MAP,
UGCOMSFF,7,Taught,,2022,,Y,US1CMP19,UGCOMS,BSc,Computer Science with Foundation Year,3,2023/24,ST1A,Enrolment Block,2024-UGCOMSFF-7-3-ST1A,,2023-UGCOMSFF-7-3-ST1A,"Year=0 - Selections: 661987 in T1, 600093 in T2, 441190 in T12 - Electives: 40.00 available credits from 600091, 662004 in T12, 20.00 available credits from 661982, 661984, 662086 in T1, 20.00 available credits from 600100, 600089, 661985, 600086, 661987, 662253 in T2",,,40,T2,Optional,6,COMP SCI L6 T2 OPTS,600086,Parallel and Concurrent Programming,20,600086T22222,
UGCOMSFF,7,Taught,,2022,,Y,US1CMP19,UGCOMS,BSc,Computer Science with Foundation Year,3,2023/24,ST1A,Enrolment Block,2024-UGCOMSFF-7-3-ST1A,,2023-UGCOMSFF-7-3-ST1A,"Year=0 - Selections: 661987 in T1, 600093 in T2, 441190 in T12 - Electives: 40.00 available credits from 600091, 662004 in T12, 20.00 available credits from 661982, 661984, 662086 in T1, 20.00 available credits from 600100, 600089, 661985, 600086, 661987, 662253 in T2",,,40,T2,Optional,6,COMP SCI L6 T2 OPTS,600089,Distributed Systems Programming,20,600089T22323,
UGCOMSFF,7,Taught,,2022,,Y,US1CMP19,UGCOMS,BSc,Computer Science with Foundation Year,3,2023/24,ST1A,Enrolment Block,2024-UGCOMSFF-7-3-ST1A,,2023-UGCOMSFF-7-3-ST1A,"Year=0 - Selections: 661987 in T1, 600093 in T2, 441190 in T12 - Electives: 40.00 available credits from 600091, 662004 in T12, 20.00 available credits from 661982, 661984, 662086 in T1, 20.00 available credits from 600100, 600089, 661985, 600086, 661987, 662253 in T2",,,40,T2,Optional,6,COMP SCI L6 T2 OPTS,600100,Computer Vision,20,600100T2323,
UGCOMSFF,7,Taught,,2022,,Y,US1CMP19,UGCOMS,BSc,Computer Science with Foundation Year,3,2023/24,ST1A,Enrolment Block,2024-UGCOMSFF-7-3-ST1A,,2023-UGCOMSFF-7-3-ST1A,"Year=0 - Selections: 661987 in T1, 600093 in T2, 441190 in T12 - Electives: 40.00 available credits from 600091, 662004 in T12, 20.00 available credits from 661982, 661984, 662086 in T1, 20.00 available credits from 600100, 600089, 661985, 600086, 661987, 662253 in T2",,,40,T2,Optional,6,COMP SCI L6 T2 OPTS,661985,Safety Critical Systems,20,661985T22222,
UGCOMSFF,7,Taught,,2022,,Y,US1CMP19,UGCOMS,BSc,Computer Science with Foundation Year,3,2023/24,ST1A,Enrolment Block,2024-UGCOMSFF-7-3-ST1A,,2023-UGCOMSFF-7-3-ST1A,"Year=0 - Selections: 661987 in T1, 600093 in T2, 441190 in T12 - Electives: 40.00 available credits from 600091, 662004 in T12, 20.00 available credits from 661982, 661984, 662086 in T1, 20.00 available credits from 600100, 600089, 661985, 600086, 661987, 662253 in T2",,,50,T2,Compulsory,6,600093,600093,Computational Science,20,600093T22222,
UGCOMSFF,7,Taught,,2022,,Y,US1CMP19,UGCOMS,BSc,Computer Science with Foundation Year,3,2023/24,ST1A,Enrolment Block,2024-UGCOMSFF-7-3-ST1A,,2023-UGCOMSFF-7-3-ST1A,"Year=0 - Selections: 661987 in T1, 600093 in T2, 441190 in T12 - Electives: 40.00 available credits from 600091, 662004 in T12, 20.00 available credits from 661982, 661984, 662086 in T1, 20.00 available credits from 600100, 600089, 661985, 600086, 661987, 662253 in T2",,,60,,Compulsory,4,441190,441190,,0,No matching MAP,
UGCOMSFF,8,Taught,,2022,,Y,US1CMP19,UGCSSE,BSc,Computer Science (Software Engineering) with Foundation Year,0,2023/24,ST1A,Enrolment Block,2024-UGCOMSFF-8-0-ST1A,,2023-UGCOMSFF-8-0-ST1A,"Year=0 - Selections: 300008 in T1, 300014 in T1, 330113 in T2, 441190 in T12, 330120 in T2 - Electives: 20.00 available credits from 300002, 300012 in T2, 20.00 available credits from 300001, 300013 in T1, 300031 in T2",,,10,T1,Core,3,300008,300008,Preparing for Learning in Higher Education,20,300008T12323,
UGCOMSFF,8,Taught,,2022,,Y,US1CMP19,UGCSSE,BSc,Computer Science (Software Engineering) with Foundation Year,0,2023/24,ST1A,Enrolment Block,2024-UGCOMSFF-8-0-ST1A,,2023-UGCOMSFF-8-0-ST1A,"Year=0 - Selections: 300008 in T1, 300014 in T1, 330113 in T2, 441190 in T12, 330120 in T2 - Electives: 20.00 available credits from 300002, 300012 in T2, 20.00 available credits from 300001, 300013 in T1, 300031 in T2",,,30,T1,Core,3,300014,300014,Introduction to Computing,20,300014T12323,
UGCOMSFF,8,Taught,,2022,,Y,US1CMP19,UGCSSE,BSc,Computer Science (Software Engineering) with Foundation Year,0,2023/24,ST1A,Enrolment Block,2024-UGCOMSFF-8-0-ST1A,,2023-UGCOMSFF-8-0-ST1A,"Year=0 - Selections: 300008 in T1, 300014 in T1, 330113 in T2, 441190 in T12, 330120 in T2 - Electives: 20.00 available credits from 300002, 300012 in T2, 20.00 available credits from 300001, 300013 in T1, 300031 in T2",,,40,T2,Core,3,330113,330113,Group Challenge,20,330113T22121,
UGCOMSFF,8,Taught,,2022,,Y,US1CMP19,UGCSSE,BSc,Computer Science (Software Engineering) with Foundation Year,0,2023/24,ST1A,Enrolment Block,2024-UGCOMSFF-8-0-ST1A,,2023-UGCOMSFF-8-0-ST1A,"Year=0 - Selections: 300008 in T1, 300014 in T1, 330113 in T2, 441190 in T12, 330120 in T2 - Electives: 20.00 available credits from 300002, 300012 in T2, 20.00 available credits from 300001, 300013 in T1, 300031 in T2",,,70,T2,Elective - If chosen cannot condone or compenste,3,CSTL3T2OPT,300002,Foundation Maths B,20,300002T223A,
UGCOMSFF,8,Taught,,2022,,Y,US1CMP19,UGCSSE,BSc,Computer Science (Software Engineering) with Foundation Year,0,2023/24,ST1A,Enrolment Block,2024-UGCOMSFF-8-0-ST1A,,2023-UGCOMSFF-8-0-ST1A,"Year=0 - Selections: 300008 in T1, 300014 in T1, 330113 in T2, 441190 in T12, 330120 in T2 - Electives: 20.00 available credits from 300002, 300012 in T2, 20.00 available credits from 300001, 300013 in T1, 300031 in T2",,,70,T2,Elective - If chosen cannot condone or compenste,3,CSTL3T2OPT,300012,Foundation Maths 2,20,300012T223A,
UGCOMSFF,8,Taught,,2022,,Y,US1CMP19,UGCSSE,BSc,Computer Science (Software Engineering) with Foundation Year,0,2023/24,ST1A,Enrolment Block,2024-UGCOMSFF-8-0-ST1A,,2023-UGCOMSFF-8-0-ST1A,"Year=0 - Selections: 300008 in T1, 300014 in T1, 330113 in T2, 441190 in T12, 330120 in T2 - Electives: 20.00 available credits from 300002, 300012 in T2, 20.00 available credits from 300001, 300013 in T1, 300031 in T2",,,80,T1,Elective - If chosen cannot condone or compenste,3,CSTL3T1OPT,300001,Foundation Maths A,20,300001T123A,
UGCOMSFF,8,Taught,,2022,,Y,US1CMP19,UGCSSE,BSc,Computer Science (Software Engineering) with Foundation Year,0,2023/24,ST1A,Enrolment Block,2024-UGCOMSFF-8-0-ST1A,,2023-UGCOMSFF-8-0-ST1A,"Year=0 - Selections: 300008 in T1, 300014 in T1, 330113 in T2, 441190 in T12, 330120 in T2 - Electives: 20.00 available credits from 300002, 300012 in T2, 20.00 available credits from 300001, 300013 in T1, 300031 in T2",,,80,T1,Elective - If chosen cannot condone or compenste,3,CSTL3T1OPT,300013,Foundation Maths 1,20,300013T123A,
UGCOMSFF,8,Taught,,2022,,Y,US1CMP19,UGCSSE,BSc,Computer Science (Software Engineering) with Foundation Year,0,2023/24,ST1A,Enrolment Block,2024-UGCOMSFF-8-0-ST1A,,2023-UGCOMSFF-8-0-ST1A,"Year=0 - Selections: 300008 in T1, 300014 in T1, 330113 in T2, 441190 in T12, 330120 in T2 - Electives: 20.00 available credits from 300002, 300012 in T2, 20.00 available credits from 300001, 300013 in T1, 300031 in T2",,,90,T2,Compulsory,3,300031,300031,Foundation in Data Analysis,20,300031A2323,
UGCOMSFF,8,Taught,,2022,,Y,US1CMP19,UGCSSE,BSc,Computer Science (Software Engineering) with Foundation Year,0,2023/24,ST1A,Enrolment Block,2024-UGCOMSFF-8-0-ST1A,,2023-UGCOMSFF-8-0-ST1A,"Year=0 - Selections: 300008 in T1, 300014 in T1, 330113 in T2, 441190 in T12, 330120 in T2 - Electives: 20.00 available credits from 300002, 300012 in T2, 20.00 available credits from 300001, 300013 in T1, 300031 in T2",,,100,,Compulsory,4,441190,441190,,0,No matching MAP,
UGCOMSFF,8,Taught,,2022,,Y,US1CMP19,UGCSSE,BSc,Computer Science (Software Engineering) with Foundation Year,0,2023/24,ST1A,Enrolment Block,2024-UGCOMSFF-8-0-ST1A,,2023-UGCOMSFF-8-0-ST1A,"Year=0 - Selections: 300008 in T1, 300014 in T1, 330113 in T2, 441190 in T12, 330120 in T2 - Electives: 20.00 available credits from 300002, 300012 in T2, 20.00 available credits from 300001, 300013 in T1, 300031 in T2",,,110,,Compulsory,3,330120,330120,,0,No matching MAP,
UGCOMSFF,8,Taught,,2022,,Y,US1CMP19,UGCSSE,BSc,Computer Science (Software Engineering) with Foundation Year,1,2023/24,ST1A,Enrolment Block,2024-UGCOMSFF-8-1-ST1A,,2023-UGCOMSFF-8-1-ST1A,"Year=0 - Selections: 441101 in T12, 441104 in T2, 441105 in T1, 441102 in T2, 441108 in T1, 441187 in T12, 441190 in T12",,,10,T12,Core,4,441101,441101,Programming Portfolio,40,441101T1&222,
UGCOMSFF,8,Taught,,2022,,Y,US1CMP19,UGCSSE,BSc,Computer Science (Software Engineering) with Foundation Year,1,2023/24,ST1A,Enrolment Block,2024-UGCOMSFF-8-1-ST1A,,2023-UGCOMSFF-8-1-ST1A,"Year=0 - Selections: 441101 in T12, 441104 in T2, 441105 in T1, 441102 in T2, 441108 in T1, 441187 in T12, 441190 in T12",,,20,T2,Compulsory,4,441104,441104,Computational Thinking,20,441104T12222,
UGCOMSFF,8,Taught,,2022,,Y,US1CMP19,UGCSSE,BSc,Computer Science (Software Engineering) with Foundation Year,1,2023/24,ST1A,Enrolment Block,2024-UGCOMSFF-8-1-ST1A,,2023-UGCOMSFF-8-1-ST1A,"Year=0 - Selections: 441101 in T12, 441104 in T2, 441105 in T1, 441102 in T2, 441108 in T1, 441187 in T12, 441190 in T12",,,30,T1,Compulsory,4,441105,441105,Algorithms and Data Structures,20,441105T12222,
UGCOMSFF,8,Taught,,2022,,Y,US1CMP19,UGCSSE,BSc,Computer Science (Software Engineering) with Foundation Year,1,2023/24,ST1A,Enrolment Block,2024-UGCOMSFF-8-1-ST1A,,2023-UGCOMSFF-8-1-ST1A,"Year=0 - Selections: 441101 in T12, 441104 in T2, 441105 in T1, 441102 in T2, 441108 in T1, 441187 in T12, 441190 in T12",,,40,T2,Compulsory,4,441102,441102,"Architectures, Operating Systems and the Cloud",20,441102T22222,
UGCOMSFF,8,Taught,,2022,,Y,US1CMP19,UGCSSE,BSc,Computer Science (Software Engineering) with Foundation Year,1,2023/24,ST1A,Enrolment Block,2024-UGCOMSFF-8-1-ST1A,,2023-UGCOMSFF-8-1-ST1A,"Year=0 - Selections: 441101 in T12, 441104 in T2, 441105 in T1, 441102 in T2, 441108 in T1, 441187 in T12, 441190 in T12",,,50,T1,Compulsory,4,441108,441108,Professional Development,20,441108T22222,
UGCOMSFF,8,Taught,,2022,,Y,US1CMP19,UGCSSE,BSc,Computer Science (Software Engineering) with Foundation Year,1,2023/24,ST1A,Enrolment Block,2024-UGCOMSFF-8-1-ST1A,,2023-UGCOMSFF-8-1-ST1A,"Year=0 - Selections: 441101 in T12, 441104 in T2, 441105 in T1, 441102 in T2, 441108 in T1, 441187 in T12, 441190 in T12",,,60,T12,Compulsory,4,441187,441187,Computer Science PASS module,0,No matching MAP,
UGCOMSFF,8,Taught,,2022,,Y,US1CMP19,UGCSSE,BSc,Computer Science (Software Engineering) with Foundation Year,1,2023/24,ST1A,Enrolment Block,2024-UGCOMSFF-8-1-ST1A,,2023-UGCOMSFF-8-1-ST1A,"Year=0 - Selections: 441101 in T12, 441104 in T2, 441105 in T1, 441102 in T2, 441108 in T1, 441187 in T12, 441190 in T12",,,70,,Compulsory,4,441190,441190,,0,No matching MAP,
UGCOMSFF,8,Taught,,2022,,Y,US1CMP19,UGCSSE,BSc,Computer Science (Software Engineering) with Foundation Year,2,2023/24,ST1A,Enrolment Block,2024-UGCOMSFF-8-2-ST1A,,2023-UGCOMSFF-8-2-ST1A,"Year=0 - Selections: 551462 in T12, 551457 in T1, 551456 in T1, 551460 in T2, 441190 in T12 - Electives: 20.00 available credits from 500083, 551461 in T2",,,10,T12,Core,5,551462,551462,Design Develop Deploy,40,551462T1222,
UGCOMSFF,8,Taught,,2022,,Y,US1CMP19,UGCSSE,BSc,Computer Science (Software Engineering) with Foundation Year,2,2023/24,ST1A,Enrolment Block,2024-UGCOMSFF-8-2-ST1A,,2023-UGCOMSFF-8-2-ST1A,"Year=0 - Selections: 551462 in T12, 551457 in T1, 551456 in T1, 551460 in T2, 441190 in T12 - Electives: 20.00 available credits from 500083, 551461 in T2",,,20,T1,Compulsory,5,551457,551457,Databases and Networks,20,551457T12222,
UGCOMSFF,8,Taught,,2022,,Y,US1CMP19,UGCSSE,BSc,Computer Science (Software Engineering) with Foundation Year,2,2023/24,ST1A,Enrolment Block,2024-UGCOMSFF-8-2-ST1A,,2023-UGCOMSFF-8-2-ST1A,"Year=0 - Selections: 551462 in T12, 551457 in T1, 551456 in T1, 551460 in T2, 441190 in T12 - Electives: 20.00 available credits from 500083, 551461 in T2",,,30,T1,Compulsory,5,551456,551456,Software Engineering Design Patterns,20,551456T12323,
UGCOMSFF,8,Taught,,2022,,Y,US1CMP19,UGCSSE,BSc,Computer Science (Software Engineering) with Foundation Year,2,2023/24,ST1A,Enrolment Block,2024-UGCOMSFF-8-2-ST1A,,2023-UGCOMSFF-8-2-ST1A,"Year=0 - Selections: 551462 in T12, 551457 in T1, 551456 in T1, 551460 in T2, 441190 in T12 - Electives: 20.00 available credits from 500083, 551461 in T2",,,40,T2,Compulsory,5,551460,551460,User Interfaces and Experience,20,551460T22222,
UGCOMSFF,8,Taught,,2022,,Y,US1CMP19,UGCSSE,BSc,Computer Science (Software Engineering) with Foundation Year,2,2023/24,ST1A,Enrolment Block,2024-UGCOMSFF-8-2-ST1A,,2023-UGCOMSFF-8-2-ST1A,"Year=0 - Selections: 551462 in T12, 551457 in T1, 551456 in T1, 551460 in T2, 441190 in T12 - Electives: 20.00 available credits from 500083, 551461 in T2",,,50,T2,Optional,5,SOFTENG T2 L5 OPS,500083,Advanced Programming,20,500083T22222,
UGCOMSFF,8,Taught,,2022,,Y,US1CMP19,UGCSSE,BSc,Computer Science (Software Engineering) with Foundation Year,2,2023/24,ST1A,Enrolment Block,2024-UGCOMSFF-8-2-ST1A,,2023-UGCOMSFF-8-2-ST1A,"Year=0 - Selections: 551462 in T12, 551457 in T1, 551456 in T1, 551460 in T2, 441190 in T12 - Electives: 20.00 available credits from 500083, 551461 in T2",,,50,T2,Optional,5,SOFTENG T2 L5 OPS,551461,Mixed Reality Development,20,551461T22323,
UGCOMSFF,8,Taught,,2022,,Y,US1CMP19,UGCSSE,BSc,Computer Science (Software Engineering) with Foundation Year,2,2023/24,ST1A,Enrolment Block,2024-UGCOMSFF-8-2-ST1A,,2023-UGCOMSFF-8-2-ST1A,"Year=0 - Selections: 551462 in T12, 551457 in T1, 551456 in T1, 551460 in T2, 441190 in T12 - Electives: 20.00 available credits from 500083, 551461 in T2",,,60,,Compulsory,4,441190,441190,,0,No matching MAP,
UGCOMSFF,8,Taught,,2022,,Y,US1CMP19,UGCSSE,BSc,Computer Science (Software Engineering) with Foundation Year,3,2023/24,ST1A,Enrolment Block,2024-UGCOMSFF-8-3-ST1A,,2023-UGCOMSFF-8-3-ST1A,"Year=0 - Selections: 661982 in T1, 661984 in T1, 600089 in T2, 661985 in T2, 441190 in T12 - Electives: 40.00 available credits from 600091, 662004 in T12",,,10,T12,Elective - If chosen cannot condone or compenste,6,SOFTENG T12 L6 OPS,600091,Honours Stage Project,40,60009112222,
UGCOMSFF,8,Taught,,2022,,Y,US1CMP19,UGCSSE,BSc,Computer Science (Software Engineering) with Foundation Year,3,2023/24,ST1A,Enrolment Block,2024-UGCOMSFF-8-3-ST1A,,2023-UGCOMSFF-8-3-ST1A,"Year=0 - Selections: 661982 in T1, 661984 in T1, 600089 in T2, 661985 in T2, 441190 in T12 - Electives: 40.00 available credits from 600091, 662004 in T12",,,10,T12,Elective - If chosen cannot condone or compenste,6,SOFTENG T12 L6 OPS,662004,Communicating and Teaching Computing,40,6.62E+11,
UGCOMSFF,8,Taught,,2022,,Y,US1CMP19,UGCSSE,BSc,Computer Science (Software Engineering) with Foundation Year,3,2023/24,ST1A,Enrolment Block,2024-UGCOMSFF-8-3-ST1A,,2023-UGCOMSFF-8-3-ST1A,"Year=0 - Selections: 661982 in T1, 661984 in T1, 600089 in T2, 661985 in T2, 441190 in T12 - Electives: 40.00 available credits from 600091, 662004 in T12",,,20,T1,Compulsory,6,661982,661982,Secure Digital Infrastructure,20,661982T12222,
UGCOMSFF,8,Taught,,2022,,Y,US1CMP19,UGCSSE,BSc,Computer Science (Software Engineering) with Foundation Year,3,2023/24,ST1A,Enrolment Block,2024-UGCOMSFF-8-3-ST1A,,2023-UGCOMSFF-8-3-ST1A,"Year=0 - Selections: 661982 in T1, 661984 in T1, 600089 in T2, 661985 in T2, 441190 in T12 - Electives: 40.00 available credits from 600091, 662004 in T12",,,30,T1,Compulsory,6,661984,661984,Digital Disruption and Innovation,20,661984T12222,
UGCOMSFF,8,Taught,,2022,,Y,US1CMP19,UGCSSE,BSc,Computer Science (Software Engineering) with Foundation Year,3,2023/24,ST1A,Enrolment Block,2024-UGCOMSFF-8-3-ST1A,,2023-UGCOMSFF-8-3-ST1A,"Year=0 - Selections: 661982 in T1, 661984 in T1, 600089 in T2, 661985 in T2, 441190 in T12 - Electives: 40.00 available credits from 600091, 662004 in T12",,,40,T2,Compulsory,6,600089,600089,Distributed Systems Programming,20,600089T22323,
UGCOMSFF,8,Taught,,2022,,Y,US1CMP19,UGCSSE,BSc,Computer Science (Software Engineering) with Foundation Year,3,2023/24,ST1A,Enrolment Block,2024-UGCOMSFF-8-3-ST1A,,2023-UGCOMSFF-8-3-ST1A,"Year=0 - Selections: 661982 in T1, 661984 in T1, 600089 in T2, 661985 in T2, 441190 in T12 - Electives: 40.00 available credits from 600091, 662004 in T12",,,50,T2,Compulsory,6,661985,661985,Safety Critical Systems,20,661985T22222,
UGCOMSFF,8,Taught,,2022,,Y,US1CMP19,UGCSSE,BSc,Computer Science (Software Engineering) with Foundation Year,3,2023/24,ST1A,Enrolment Block,2024-UGCOMSFF-8-3-ST1A,,2023-UGCOMSFF-8-3-ST1A,"Year=0 - Selections: 661982 in T1, 661984 in T1, 600089 in T2, 661985 in T2, 441190 in T12 - Electives: 40.00 available credits from 600091, 662004 in T12",,,60,,Compulsory,4,441190,441190,,0,No matching MAP,
UGCOMSMF,1,Taught,,,2024,Y,MS1MNG16,UGCOMS,MEng,Computer Science,1,2023/24,ST1A,Enrolment Block,2024-UGCOMSMF-1-1-ST1A,,2023-UGCOMSMF-1-1-ST1A,"Year=0 - Selections: 441104 in T1, 441105 in T1, 441101 in T12, 441102 in T2, 441108 in T2",,,1,T12,Core,4,441101,441101,Programming Portfolio,40,441101T1&222,
UGCOMSMF,1,Taught,,,2024,Y,MS1MNG16,UGCOMS,MEng,Computer Science,1,2023/24,ST1A,Enrolment Block,2024-UGCOMSMF-1-1-ST1A,,2023-UGCOMSMF-1-1-ST1A,"Year=0 - Selections: 441104 in T1, 441105 in T1, 441101 in T12, 441102 in T2, 441108 in T2",,,11,,Compulsory,4,441104,441104,,20,No matching MAP,
UGCOMSMF,1,Taught,,,2024,Y,MS1MNG16,UGCOMS,MEng,Computer Science,1,2023/24,ST1A,Enrolment Block,2024-UGCOMSMF-1-1-ST1A,,2023-UGCOMSMF-1-1-ST1A,"Year=0 - Selections: 441104 in T1, 441105 in T1, 441101 in T12, 441102 in T2, 441108 in T2",,,31,T1,Compulsory,4,441105,441105,Algorithms and Data Structures,20,441105T12222,
UGCOMSMF,1,Taught,,,2024,Y,MS1MNG16,UGCOMS,MEng,Computer Science,1,2023/24,ST1A,Enrolment Block,2024-UGCOMSMF-1-1-ST1A,,2023-UGCOMSMF-1-1-ST1A,"Year=0 - Selections: 441104 in T1, 441105 in T1, 441101 in T12, 441102 in T2, 441108 in T2",,,41,T2,Compulsory,4,441102,441102,"Architectures, Operating Systems and the Cloud",20,441102T22222,
UGCOMSMF,1,Taught,,,2024,Y,MS1MNG16,UGCOMS,MEng,Computer Science,1,2023/24,ST1A,Enrolment Block,2024-UGCOMSMF-1-1-ST1A,,2023-UGCOMSMF-1-1-ST1A,"Year=0 - Selections: 441104 in T1, 441105 in T1, 441101 in T12, 441102 in T2, 441108 in T2",,,61,,Compulsory,4,441108,441108,,20,No matching MAP,
UGCOMSMF,1,Taught,,,2024,Y,MS1MNG16,UGCOMS,MEng,Computer Science,2,2023/24,ST1A,Enrolment Block,2024-UGCOMSMF-1-2-ST1A,,2023-UGCOMSMF-1-2-ST1A,"Year=0 - Selections: 500084 in T1, 500081 in T2 - Electives: 40.00 available credits from 500085, 500086, 500087, 500088 in T1, 40.00 available credits from 500079, 500080, 500083 in T2",,,1,,Compulsory,5,500084,500084,,20,No matching MAP,
UGCOMSMF,1,Taught,,,2024,Y,MS1MNG16,UGCOMS,MEng,Computer Science,2,2023/24,ST1A,Enrolment Block,2024-UGCOMSMF-1-2-ST1A,,2023-UGCOMSMF-1-2-ST1A,"Year=0 - Selections: 500084 in T1, 500081 in T2 - Electives: 40.00 available credits from 500085, 500086, 500087, 500088 in T1, 40.00 available credits from 500079, 500080, 500083 in T2",,,11,,Optional,5,UGCOMSMF1MS1MNG16UGCOMS218S1O1,500085,,20,No matching MAP,
UGCOMSMF,1,Taught,,,2024,Y,MS1MNG16,UGCOMS,MEng,Computer Science,2,2023/24,ST1A,Enrolment Block,2024-UGCOMSMF-1-2-ST1A,,2023-UGCOMSMF-1-2-ST1A,"Year=0 - Selections: 500084 in T1, 500081 in T2 - Electives: 40.00 available credits from 500085, 500086, 500087, 500088 in T1, 40.00 available credits from 500079, 500080, 500083 in T2",,,11,,Optional,5,UGCOMSMF1MS1MNG16UGCOMS218S1O1,500086,,20,No matching MAP,
UGCOMSMF,1,Taught,,,2024,Y,MS1MNG16,UGCOMS,MEng,Computer Science,2,2023/24,ST1A,Enrolment Block,2024-UGCOMSMF-1-2-ST1A,,2023-UGCOMSMF-1-2-ST1A,"Year=0 - Selections: 500084 in T1, 500081 in T2 - Electives: 40.00 available credits from 500085, 500086, 500087, 500088 in T1, 40.00 available credits from 500079, 500080, 500083 in T2",,,11,,Optional,5,UGCOMSMF1MS1MNG16UGCOMS218S1O1,500087,,20,No matching MAP,
UGCOMSMF,1,Taught,,,2024,Y,MS1MNG16,UGCOMS,MEng,Computer Science,2,2023/24,ST1A,Enrolment Block,2024-UGCOMSMF-1-2-ST1A,,2023-UGCOMSMF-1-2-ST1A,"Year=0 - Selections: 500084 in T1, 500081 in T2 - Electives: 40.00 available credits from 500085, 500086, 500087, 500088 in T1, 40.00 available credits from 500079, 500080, 500083 in T2",,,11,,Optional,5,UGCOMSMF1MS1MNG16UGCOMS218S1O1,500088,,20,No matching MAP,
UGCOMSMF,1,Taught,,,2024,Y,MS1MNG16,UGCOMS,MEng,Computer Science,2,2023/24,ST1A,Enrolment Block,2024-UGCOMSMF-1-2-ST1A,,2023-UGCOMSMF-1-2-ST1A,"Year=0 - Selections: 500084 in T1, 500081 in T2 - Electives: 40.00 available credits from 500085, 500086, 500087, 500088 in T1, 40.00 available credits from 500079, 500080, 500083 in T2",,,21,,Compulsory,5,500081,500081,,20,No matching MAP,
UGCOMSMF,1,Taught,,,2024,Y,MS1MNG16,UGCOMS,MEng,Computer Science,2,2023/24,ST1A,Enrolment Block,2024-UGCOMSMF-1-2-ST1A,,2023-UGCOMSMF-1-2-ST1A,"Year=0 - Selections: 500084 in T1, 500081 in T2 - Electives: 40.00 available credits from 500085, 500086, 500087, 500088 in T1, 40.00 available credits from 500079, 500080, 500083 in T2",,,31,,Optional,5,UGCOMSMF1MS1MNG16UGCOMS218S2O1,500079,,20,No matching MAP,
UGCOMSMF,1,Taught,,,2024,Y,MS1MNG16,UGCOMS,MEng,Computer Science,2,2023/24,ST1A,Enrolment Block,2024-UGCOMSMF-1-2-ST1A,,2023-UGCOMSMF-1-2-ST1A,"Year=0 - Selections: 500084 in T1, 500081 in T2 - Electives: 40.00 available credits from 500085, 500086, 500087, 500088 in T1, 40.00 available credits from 500079, 500080, 500083 in T2",,,31,,Optional,5,UGCOMSMF1MS1MNG16UGCOMS218S2O1,500080,,20,No matching MAP,
UGCOMSMF,1,Taught,,,2024,Y,MS1MNG16,UGCOMS,MEng,Computer Science,2,2023/24,ST1A,Enrolment Block,2024-UGCOMSMF-1-2-ST1A,,2023-UGCOMSMF-1-2-ST1A,"Year=0 - Selections: 500084 in T1, 500081 in T2 - Electives: 40.00 available credits from 500085, 500086, 500087, 500088 in T1, 40.00 available credits from 500079, 500080, 500083 in T2",,,31,T2,Optional,5,UGCOMSMF1MS1MNG16UGCOMS218S2O1,500083,Advanced Programming,20,500083T22222,
UGCOMSMF,1,Taught,,,2024,Y,MS1MNG16,UGCOMS,MEng,Computer Science,3,2023/24,ST1A,Enrolment Block,2024-UGCOMSMF-1-3-ST1A,,2023-UGCOMSMF-1-3-ST1A,"Year=0 - Selections: 600091 in T12 Student Module Electives  [, 600097 in T12, a minimum of 20.00 available credits and a maximum of 40.00 available credits from 600096, 600088, 600085, 600089, 600086, 600094, 600099, 600100 in any period, a minimum of 20.00 available credits and a maximum of 40.00 available credits from 600087, 600092 in any period  Subject to an overall minimum of 80 available credits and an overall maximum of 80 available credits ] [, a minimum of 40.00 available credits and a maximum of 60.00 available credits from 600096, 600088, 600085, 600089, 600086, 600094, 600099, 600100 in any period, a minimum of 20.00 available credits and a maximum of 40.00 available credits from 600087, 600092 in any period  Subject to an overall minimum of 80 available credits and an overall maximum of 80 available credits ]",,,1,T12,Core,6,600091,600091,Honours Stage Project,40,60009112222,
UGCOMSMF,1,Taught,,,2024,Y,MS1MNG16,UGCOMS,MEng,Computer Science,3,2023/24,ST1A,Enrolment Block,2024-UGCOMSMF-1-3-ST1A,,2023-UGCOMSMF-1-3-ST1A,"Year=0 - Selections: 600091 in T12 Student Module Electives  [, 600097 in T12, a minimum of 20.00 available credits and a maximum of 40.00 available credits from 600096, 600088, 600085, 600089, 600086, 600094, 600099, 600100 in any period, a minimum of 20.00 available credits and a maximum of 40.00 available credits from 600087, 600092 in any period  Subject to an overall minimum of 80 available credits and an overall maximum of 80 available credits ] [, a minimum of 40.00 available credits and a maximum of 60.00 available credits from 600096, 600088, 600085, 600089, 600086, 600094, 600099, 600100 in any period, a minimum of 20.00 available credits and a maximum of 40.00 available credits from 600087, 600092 in any period  Subject to an overall minimum of 80 available credits and an overall maximum of 80 available credits ]",,,10,,Optional,6,CSHONS OPT1,600099,,20,No matching MAP,
UGCOMSMF,1,Taught,,,2024,Y,MS1MNG16,UGCOMS,MEng,Computer Science,3,2023/24,ST1A,Enrolment Block,2024-UGCOMSMF-1-3-ST1A,,2023-UGCOMSMF-1-3-ST1A,"Year=0 - Selections: 600091 in T12 Student Module Electives  [, 600097 in T12, a minimum of 20.00 available credits and a maximum of 40.00 available credits from 600096, 600088, 600085, 600089, 600086, 600094, 600099, 600100 in any period, a minimum of 20.00 available credits and a maximum of 40.00 available credits from 600087, 600092 in any period  Subject to an overall minimum of 80 available credits and an overall maximum of 80 available credits ] [, a minimum of 40.00 available credits and a maximum of 60.00 available credits from 600096, 600088, 600085, 600089, 600086, 600094, 600099, 600100 in any period, a minimum of 20.00 available credits and a maximum of 40.00 available credits from 600087, 600092 in any period  Subject to an overall minimum of 80 available credits and an overall maximum of 80 available credits ]",,,10,T1,Optional,6,CSHONS OPT1,600085,Embedded Systems Development,20,600085T12323,
UGCOMSMF,1,Taught,,,2024,Y,MS1MNG16,UGCOMS,MEng,Computer Science,3,2023/24,ST1A,Enrolment Block,2024-UGCOMSMF-1-3-ST1A,,2023-UGCOMSMF-1-3-ST1A,"Year=0 - Selections: 600091 in T12 Student Module Electives  [, 600097 in T12, a minimum of 20.00 available credits and a maximum of 40.00 available credits from 600096, 600088, 600085, 600089, 600086, 600094, 600099, 600100 in any period, a minimum of 20.00 available credits and a maximum of 40.00 available credits from 600087, 600092 in any period  Subject to an overall minimum of 80 available credits and an overall maximum of 80 available credits ] [, a minimum of 40.00 available credits and a maximum of 60.00 available credits from 600096, 600088, 600085, 600089, 600086, 600094, 600099, 600100 in any period, a minimum of 20.00 available credits and a maximum of 40.00 available credits from 600087, 600092 in any period  Subject to an overall minimum of 80 available credits and an overall maximum of 80 available credits ]",,,10,T1,Optional,6,CSHONS OPT1,600088,Virtual Environments,20,600088T12021,
UGCOMSMF,1,Taught,,,2024,Y,MS1MNG16,UGCOMS,MEng,Computer Science,3,2023/24,ST1A,Enrolment Block,2024-UGCOMSMF-1-3-ST1A,,2023-UGCOMSMF-1-3-ST1A,"Year=0 - Selections: 600091 in T12 Student Module Electives  [, 600097 in T12, a minimum of 20.00 available credits and a maximum of 40.00 available credits from 600096, 600088, 600085, 600089, 600086, 600094, 600099, 600100 in any period, a minimum of 20.00 available credits and a maximum of 40.00 available credits from 600087, 600092 in any period  Subject to an overall minimum of 80 available credits and an overall maximum of 80 available credits ] [, a minimum of 40.00 available credits and a maximum of 60.00 available credits from 600096, 600088, 600085, 600089, 600086, 600094, 600099, 600100 in any period, a minimum of 20.00 available credits and a maximum of 40.00 available credits from 600087, 600092 in any period  Subject to an overall minimum of 80 available credits and an overall maximum of 80 available credits ]",,,10,T1,Optional,6,CSHONS OPT1,600096,Mobile Devices and Applications,20,600096T11919,
UGCOMSMF,1,Taught,,,2024,Y,MS1MNG16,UGCOMS,MEng,Computer Science,3,2023/24,ST1A,Enrolment Block,2024-UGCOMSMF-1-3-ST1A,,2023-UGCOMSMF-1-3-ST1A,"Year=0 - Selections: 600091 in T12 Student Module Electives  [, 600097 in T12, a minimum of 20.00 available credits and a maximum of 40.00 available credits from 600096, 600088, 600085, 600089, 600086, 600094, 600099, 600100 in any period, a minimum of 20.00 available credits and a maximum of 40.00 available credits from 600087, 600092 in any period  Subject to an overall minimum of 80 available credits and an overall maximum of 80 available credits ] [, a minimum of 40.00 available credits and a maximum of 60.00 available credits from 600096, 600088, 600085, 600089, 600086, 600094, 600099, 600100 in any period, a minimum of 20.00 available credits and a maximum of 40.00 available credits from 600087, 600092 in any period  Subject to an overall minimum of 80 available credits and an overall maximum of 80 available credits ]",,,10,T2,Optional,6,CSHONS OPT1,600086,Parallel and Concurrent Programming,20,600086T22222,
UGCOMSMF,1,Taught,,,2024,Y,MS1MNG16,UGCOMS,MEng,Computer Science,3,2023/24,ST1A,Enrolment Block,2024-UGCOMSMF-1-3-ST1A,,2023-UGCOMSMF-1-3-ST1A,"Year=0 - Selections: 600091 in T12 Student Module Electives  [, 600097 in T12, a minimum of 20.00 available credits and a maximum of 40.00 available credits from 600096, 600088, 600085, 600089, 600086, 600094, 600099, 600100 in any period, a minimum of 20.00 available credits and a maximum of 40.00 available credits from 600087, 600092 in any period  Subject to an overall minimum of 80 available credits and an overall maximum of 80 available credits ] [, a minimum of 40.00 available credits and a maximum of 60.00 available credits from 600096, 600088, 600085, 600089, 600086, 600094, 600099, 600100 in any period, a minimum of 20.00 available credits and a maximum of 40.00 available credits from 600087, 600092 in any period  Subject to an overall minimum of 80 available credits and an overall maximum of 80 available credits ]",,,10,T2,Optional,6,CSHONS OPT1,600089,Distributed Systems Programming,20,600089T22323,
UGCOMSMF,1,Taught,,,2024,Y,MS1MNG16,UGCOMS,MEng,Computer Science,3,2023/24,ST1A,Enrolment Block,2024-UGCOMSMF-1-3-ST1A,,2023-UGCOMSMF-1-3-ST1A,"Year=0 - Selections: 600091 in T12 Student Module Electives  [, 600097 in T12, a minimum of 20.00 available credits and a maximum of 40.00 available credits from 600096, 600088, 600085, 600089, 600086, 600094, 600099, 600100 in any period, a minimum of 20.00 available credits and a maximum of 40.00 available credits from 600087, 600092 in any period  Subject to an overall minimum of 80 available credits and an overall maximum of 80 available credits ] [, a minimum of 40.00 available credits and a maximum of 60.00 available credits from 600096, 600088, 600085, 600089, 600086, 600094, 600099, 600100 in any period, a minimum of 20.00 available credits and a maximum of 40.00 available credits from 600087, 600092 in any period  Subject to an overall minimum of 80 available credits and an overall maximum of 80 available credits ]",,,10,T2,Optional,6,CSHONS OPT1,600094,Advanced Software Engineering,20,600094T21818,
UGCOMSMF,1,Taught,,,2024,Y,MS1MNG16,UGCOMS,MEng,Computer Science,3,2023/24,ST1A,Enrolment Block,2024-UGCOMSMF-1-3-ST1A,,2023-UGCOMSMF-1-3-ST1A,"Year=0 - Selections: 600091 in T12 Student Module Electives  [, 600097 in T12, a minimum of 20.00 available credits and a maximum of 40.00 available credits from 600096, 600088, 600085, 600089, 600086, 600094, 600099, 600100 in any period, a minimum of 20.00 available credits and a maximum of 40.00 available credits from 600087, 600092 in any period  Subject to an overall minimum of 80 available credits and an overall maximum of 80 available credits ] [, a minimum of 40.00 available credits and a maximum of 60.00 available credits from 600096, 600088, 600085, 600089, 600086, 600094, 600099, 600100 in any period, a minimum of 20.00 available credits and a maximum of 40.00 available credits from 600087, 600092 in any period  Subject to an overall minimum of 80 available credits and an overall maximum of 80 available credits ]",,,10,T2,Optional,6,CSHONS OPT1,600100,Computer Vision,20,600100T2323,
UGCOMSMF,1,Taught,,,2024,Y,MS1MNG16,UGCOMS,MEng,Computer Science,3,2023/24,ST1A,Enrolment Block,2024-UGCOMSMF-1-3-ST1A,,2023-UGCOMSMF-1-3-ST1A,"Year=0 - Selections: 600091 in T12 Student Module Electives  [, 600097 in T12, a minimum of 20.00 available credits and a maximum of 40.00 available credits from 600096, 600088, 600085, 600089, 600086, 600094, 600099, 600100 in any period, a minimum of 20.00 available credits and a maximum of 40.00 available credits from 600087, 600092 in any period  Subject to an overall minimum of 80 available credits and an overall maximum of 80 available credits ] [, a minimum of 40.00 available credits and a maximum of 60.00 available credits from 600096, 600088, 600085, 600089, 600086, 600094, 600099, 600100 in any period, a minimum of 20.00 available credits and a maximum of 40.00 available credits from 600087, 600092 in any period  Subject to an overall minimum of 80 available credits and an overall maximum of 80 available credits ]",,,20,T1,Optional,6,CSHONSOPT 2,600087,Languages and their Compilers,20,600087T11818,
UGCOMSMF,1,Taught,,,2024,Y,MS1MNG16,UGCOMS,MEng,Computer Science,3,2023/24,ST1A,Enrolment Block,2024-UGCOMSMF-1-3-ST1A,,2023-UGCOMSMF-1-3-ST1A,"Year=0 - Selections: 600091 in T12 Student Module Electives  [, 600097 in T12, a minimum of 20.00 available credits and a maximum of 40.00 available credits from 600096, 600088, 600085, 600089, 600086, 600094, 600099, 600100 in any period, a minimum of 20.00 available credits and a maximum of 40.00 available credits from 600087, 600092 in any period  Subject to an overall minimum of 80 available credits and an overall maximum of 80 available credits ] [, a minimum of 40.00 available credits and a maximum of 60.00 available credits from 600096, 600088, 600085, 600089, 600086, 600094, 600099, 600100 in any period, a minimum of 20.00 available credits and a maximum of 40.00 available credits from 600087, 600092 in any period  Subject to an overall minimum of 80 available credits and an overall maximum of 80 available credits ]",,,20,T1,Optional,6,CSHONSOPT 2,600092,Data Mining and Decision Systems,20,600092T12121,
UGCOMSMF,1,Taught,,,2024,Y,MS1MNG16,UGCOMS,MEng,Computer Science,3,2023/24,ST1A,Enrolment Block,2024-UGCOMSMF-1-3-ST1A,,2023-UGCOMSMF-1-3-ST1A,"Year=0 - Selections: 600091 in T12 Student Module Electives  [, 600097 in T12, a minimum of 20.00 available credits and a maximum of 40.00 available credits from 600096, 600088, 600085, 600089, 600086, 600094, 600099, 600100 in any period, a minimum of 20.00 available credits and a maximum of 40.00 available credits from 600087, 600092 in any period  Subject to an overall minimum of 80 available credits and an overall maximum of 80 available credits ] [, a minimum of 40.00 available credits and a maximum of 60.00 available credits from 600096, 600088, 600085, 600089, 600086, 600094, 600099, 600100 in any period, a minimum of 20.00 available credits and a maximum of 40.00 available credits from 600087, 600092 in any period  Subject to an overall minimum of 80 available credits and an overall maximum of 80 available credits ]",,,30,,Optional,6,UGCOMSMF3MS1MNG16UGCSSE31819O1,600097,,20,No matching MAP,This module is limited to 15 students. Students will be required to attend an interview and complete a DBS if taking this module.
UGCOMSMF,1,Taught,,,2024,Y,MS1MNG16,UGCOMS,MEng,Computer Science,3,2023/24,ST1A,Enrolment Block,2024-UGCOMSMF-1-3-ST1A,,2023-UGCOMSMF-1-3-ST1A,"Year=0 - Selections: 600091 in T12 Student Module Electives  [, 600097 in T12, a minimum of 20.00 available credits and a maximum of 40.00 available credits from 600096, 600088, 600085, 600089, 600086, 600094, 600099, 600100 in any period, a minimum of 20.00 available credits and a maximum of 40.00 available credits from 600087, 600092 in any period  Subject to an overall minimum of 80 available credits and an overall maximum of 80 available credits ] [, a minimum of 40.00 available credits and a maximum of 60.00 available credits from 600096, 600088, 600085, 600089, 600086, 600094, 600099, 600100 in any period, a minimum of 20.00 available credits and a maximum of 40.00 available credits from 600087, 600092 in any period  Subject to an overall minimum of 80 available credits and an overall maximum of 80 available credits ]",,,40,,Optional,6,CSOPT1OF2,600099,,20,No matching MAP,
UGCOMSMF,1,Taught,,,2024,Y,MS1MNG16,UGCOMS,MEng,Computer Science,3,2023/24,ST1A,Enrolment Block,2024-UGCOMSMF-1-3-ST1A,,2023-UGCOMSMF-1-3-ST1A,"Year=0 - Selections: 600091 in T12 Student Module Electives  [, 600097 in T12, a minimum of 20.00 available credits and a maximum of 40.00 available credits from 600096, 600088, 600085, 600089, 600086, 600094, 600099, 600100 in any period, a minimum of 20.00 available credits and a maximum of 40.00 available credits from 600087, 600092 in any period  Subject to an overall minimum of 80 available credits and an overall maximum of 80 available credits ] [, a minimum of 40.00 available credits and a maximum of 60.00 available credits from 600096, 600088, 600085, 600089, 600086, 600094, 600099, 600100 in any period, a minimum of 20.00 available credits and a maximum of 40.00 available credits from 600087, 600092 in any period  Subject to an overall minimum of 80 available credits and an overall maximum of 80 available credits ]",,,40,T1,Optional,6,CSOPT1OF2,600085,Embedded Systems Development,20,600085T12323,
UGCOMSMF,1,Taught,,,2024,Y,MS1MNG16,UGCOMS,MEng,Computer Science,3,2023/24,ST1A,Enrolment Block,2024-UGCOMSMF-1-3-ST1A,,2023-UGCOMSMF-1-3-ST1A,"Year=0 - Selections: 600091 in T12 Student Module Electives  [, 600097 in T12, a minimum of 20.00 available credits and a maximum of 40.00 available credits from 600096, 600088, 600085, 600089, 600086, 600094, 600099, 600100 in any period, a minimum of 20.00 available credits and a maximum of 40.00 available credits from 600087, 600092 in any period  Subject to an overall minimum of 80 available credits and an overall maximum of 80 available credits ] [, a minimum of 40.00 available credits and a maximum of 60.00 available credits from 600096, 600088, 600085, 600089, 600086, 600094, 600099, 600100 in any period, a minimum of 20.00 available credits and a maximum of 40.00 available credits from 600087, 600092 in any period  Subject to an overall minimum of 80 available credits and an overall maximum of 80 available credits ]",,,40,T1,Optional,6,CSOPT1OF2,600088,Virtual Environments,20,600088T12021,
UGCOMSMF,1,Taught,,,2024,Y,MS1MNG16,UGCOMS,MEng,Computer Science,3,2023/24,ST1A,Enrolment Block,2024-UGCOMSMF-1-3-ST1A,,2023-UGCOMSMF-1-3-ST1A,"Year=0 - Selections: 600091 in T12 Student Module Electives  [, 600097 in T12, a minimum of 20.00 available credits and a maximum of 40.00 available credits from 600096, 600088, 600085, 600089, 600086, 600094, 600099, 600100 in any period, a minimum of 20.00 available credits and a maximum of 40.00 available credits from 600087, 600092 in any period  Subject to an overall minimum of 80 available credits and an overall maximum of 80 available credits ] [, a minimum of 40.00 available credits and a maximum of 60.00 available credits from 600096, 600088, 600085, 600089, 600086, 600094, 600099, 600100 in any period, a minimum of 20.00 available credits and a maximum of 40.00 available credits from 600087, 600092 in any period  Subject to an overall minimum of 80 available credits and an overall maximum of 80 available credits ]",,,40,T1,Optional,6,CSOPT1OF2,600096,Mobile Devices and Applications,20,600096T11919,
UGCOMSMF,1,Taught,,,2024,Y,MS1MNG16,UGCOMS,MEng,Computer Science,3,2023/24,ST1A,Enrolment Block,2024-UGCOMSMF-1-3-ST1A,,2023-UGCOMSMF-1-3-ST1A,"Year=0 - Selections: 600091 in T12 Student Module Electives  [, 600097 in T12, a minimum of 20.00 available credits and a maximum of 40.00 available credits from 600096, 600088, 600085, 600089, 600086, 600094, 600099, 600100 in any period, a minimum of 20.00 available credits and a maximum of 40.00 available credits from 600087, 600092 in any period  Subject to an overall minimum of 80 available credits and an overall maximum of 80 available credits ] [, a minimum of 40.00 available credits and a maximum of 60.00 available credits from 600096, 600088, 600085, 600089, 600086, 600094, 600099, 600100 in any period, a minimum of 20.00 available credits and a maximum of 40.00 available credits from 600087, 600092 in any period  Subject to an overall minimum of 80 available credits and an overall maximum of 80 available credits ]",,,40,T2,Optional,6,CSOPT1OF2,600086,Parallel and Concurrent Programming,20,600086T22222,
UGCOMSMF,1,Taught,,,2024,Y,MS1MNG16,UGCOMS,MEng,Computer Science,3,2023/24,ST1A,Enrolment Block,2024-UGCOMSMF-1-3-ST1A,,2023-UGCOMSMF-1-3-ST1A,"Year=0 - Selections: 600091 in T12 Student Module Electives  [, 600097 in T12, a minimum of 20.00 available credits and a maximum of 40.00 available credits from 600096, 600088, 600085, 600089, 600086, 600094, 600099, 600100 in any period, a minimum of 20.00 available credits and a maximum of 40.00 available credits from 600087, 600092 in any period  Subject to an overall minimum of 80 available credits and an overall maximum of 80 available credits ] [, a minimum of 40.00 available credits and a maximum of 60.00 available credits from 600096, 600088, 600085, 600089, 600086, 600094, 600099, 600100 in any period, a minimum of 20.00 available credits and a maximum of 40.00 available credits from 600087, 600092 in any period  Subject to an overall minimum of 80 available credits and an overall maximum of 80 available credits ]",,,40,T2,Optional,6,CSOPT1OF2,600089,Distributed Systems Programming,20,600089T22323,
UGCOMSMF,1,Taught,,,2024,Y,MS1MNG16,UGCOMS,MEng,Computer Science,3,2023/24,ST1A,Enrolment Block,2024-UGCOMSMF-1-3-ST1A,,2023-UGCOMSMF-1-3-ST1A,"Year=0 - Selections: 600091 in T12 Student Module Electives  [, 600097 in T12, a minimum of 20.00 available credits and a maximum of 40.00 available credits from 600096, 600088, 600085, 600089, 600086, 600094, 600099, 600100 in any period, a minimum of 20.00 available credits and a maximum of 40.00 available credits from 600087, 600092 in any period  Subject to an overall minimum of 80 available credits and an overall maximum of 80 available credits ] [, a minimum of 40.00 available credits and a maximum of 60.00 available credits from 600096, 600088, 600085, 600089, 600086, 600094, 600099, 600100 in any period, a minimum of 20.00 available credits and a maximum of 40.00 available credits from 600087, 600092 in any period  Subject to an overall minimum of 80 available credits and an overall maximum of 80 available credits ]",,,40,T2,Optional,6,CSOPT1OF2,600094,Advanced Software Engineering,20,600094T21818,
UGCOMSMF,1,Taught,,,2024,Y,MS1MNG16,UGCOMS,MEng,Computer Science,3,2023/24,ST1A,Enrolment Block,2024-UGCOMSMF-1-3-ST1A,,2023-UGCOMSMF-1-3-ST1A,"Year=0 - Selections: 600091 in T12 Student Module Electives  [, 600097 in T12, a minimum of 20.00 available credits and a maximum of 40.00 available credits from 600096, 600088, 600085, 600089, 600086, 600094, 600099, 600100 in any period, a minimum of 20.00 available credits and a maximum of 40.00 available credits from 600087, 600092 in any period  Subject to an overall minimum of 80 available credits and an overall maximum of 80 available credits ] [, a minimum of 40.00 available credits and a maximum of 60.00 available credits from 600096, 600088, 600085, 600089, 600086, 600094, 600099, 600100 in any period, a minimum of 20.00 available credits and a maximum of 40.00 available credits from 600087, 600092 in any period  Subject to an overall minimum of 80 available credits and an overall maximum of 80 available credits ]",,,40,T2,Optional,6,CSOPT1OF2,600100,Computer Vision,20,600100T2323,
UGCOMSMF,1,Taught,,,2024,Y,MS1MNG16,UGCOMS,MEng,Computer Science,3,2023/24,ST1A,Enrolment Block,2024-UGCOMSMF-1-3-ST1A,,2023-UGCOMSMF-1-3-ST1A,"Year=0 - Selections: 600091 in T12 Student Module Electives  [, 600097 in T12, a minimum of 20.00 available credits and a maximum of 40.00 available credits from 600096, 600088, 600085, 600089, 600086, 600094, 600099, 600100 in any period, a minimum of 20.00 available credits and a maximum of 40.00 available credits from 600087, 600092 in any period  Subject to an overall minimum of 80 available credits and an overall maximum of 80 available credits ] [, a minimum of 40.00 available credits and a maximum of 60.00 available credits from 600096, 600088, 600085, 600089, 600086, 600094, 600099, 600100 in any period, a minimum of 20.00 available credits and a maximum of 40.00 available credits from 600087, 600092 in any period  Subject to an overall minimum of 80 available credits and an overall maximum of 80 available credits ]",,,50,T1,Optional,6,CSOPT2OF2,600087,Languages and their Compilers,20,600087T11818,
UGCOMSMF,1,Taught,,,2024,Y,MS1MNG16,UGCOMS,MEng,Computer Science,3,2023/24,ST1A,Enrolment Block,2024-UGCOMSMF-1-3-ST1A,,2023-UGCOMSMF-1-3-ST1A,"Year=0 - Selections: 600091 in T12 Student Module Electives  [, 600097 in T12, a minimum of 20.00 available credits and a maximum of 40.00 available credits from 600096, 600088, 600085, 600089, 600086, 600094, 600099, 600100 in any period, a minimum of 20.00 available credits and a maximum of 40.00 available credits from 600087, 600092 in any period  Subject to an overall minimum of 80 available credits and an overall maximum of 80 available credits ] [, a minimum of 40.00 available credits and a maximum of 60.00 available credits from 600096, 600088, 600085, 600089, 600086, 600094, 600099, 600100 in any period, a minimum of 20.00 available credits and a maximum of 40.00 available credits from 600087, 600092 in any period  Subject to an overall minimum of 80 available credits and an overall maximum of 80 available credits ]",,,50,T1,Optional,6,CSOPT2OF2,600092,Data Mining and Decision Systems,20,600092T12121,
UGCOMSMF,1,Taught,,,2024,Y,MS1MNG16,UGCOMS,MEng,Computer Science,M,2023/24,ST1A,Enrolment Block,2024-UGCOMSMF-1-M-ST1A,,2023-UGCOMSMF-1-M-ST1A,"Year=0 - Selections: 441190 in T12, 700118 in T12, 700100 in T2, 700109 in T2 Student Module Electives  (Take 700120, 700106 in T1 OR, 701026, 700112 in T1)",,,1,T12,Core,7,700118,700118,Commercial Development Practice,40,700118T1222,
UGCOMSMF,1,Taught,,,2024,Y,MS1MNG16,UGCOMS,MEng,Computer Science,M,2023/24,ST1A,Enrolment Block,2024-UGCOMSMF-1-M-ST1A,,2023-UGCOMSMF-1-M-ST1A,"Year=0 - Selections: 441190 in T12, 700118 in T12, 700100 in T2, 700109 in T2 Student Module Electives  (Take 700120, 700106 in T1 OR, 701026, 700112 in T1)",,,11,T1,Optional,7,MENGCOMPSCIOPTA,700106,Real Time Graphics,20,700106T11818,
UGCOMSMF,1,Taught,,,2024,Y,MS1MNG16,UGCOMS,MEng,Computer Science,M,2023/24,ST1A,Enrolment Block,2024-UGCOMSMF-1-M-ST1A,,2023-UGCOMSMF-1-M-ST1A,"Year=0 - Selections: 441190 in T12, 700118 in T12, 700100 in T2, 700109 in T2 Student Module Electives  (Take 700120, 700106 in T1 OR, 701026, 700112 in T1)",,,11,T1,Optional,7,MENGCOMPSCIOPTA,700120,C++ Programming and Design,20,700120T12323,
UGCOMSMF,1,Taught,,,2024,Y,MS1MNG16,UGCOMS,MEng,Computer Science,M,2023/24,ST1A,Enrolment Block,2024-UGCOMSMF-1-M-ST1A,,2023-UGCOMSMF-1-M-ST1A,"Year=0 - Selections: 441190 in T12, 700118 in T12, 700100 in T2, 700109 in T2 Student Module Electives  (Take 700120, 700106 in T1 OR, 701026, 700112 in T1)",,,21,T1,Optional,7,MENGCOMPSCIOPTB,700112,Component-Based Architecture,20,700112T12323,
UGCOMSMF,1,Taught,,,2024,Y,MS1MNG16,UGCOMS,MEng,Computer Science,M,2023/24,ST1A,Enrolment Block,2024-UGCOMSMF-1-M-ST1A,,2023-UGCOMSMF-1-M-ST1A,"Year=0 - Selections: 441190 in T12, 700118 in T12, 700100 in T2, 700109 in T2 Student Module Electives  (Take 700120, 700106 in T1 OR, 701026, 700112 in T1)",,,21,T1,Optional,7,MENGCOMPSCIOPTB,701026,Real-Time Dependable Systems,20,701026T12222,
UGCOMSMF,1,Taught,,,2024,Y,MS1MNG16,UGCOMS,MEng,Computer Science,M,2023/24,ST1A,Enrolment Block,2024-UGCOMSMF-1-M-ST1A,,2023-UGCOMSMF-1-M-ST1A,"Year=0 - Selections: 441190 in T12, 700118 in T12, 700100 in T2, 700109 in T2 Student Module Electives  (Take 700120, 700106 in T1 OR, 701026, 700112 in T1)",,,31,T2,Compulsory,7,700100,700100,Trustworthy Computing,20,700100T22222,
UGCOMSMF,1,Taught,,,2024,Y,MS1MNG16,UGCOMS,MEng,Computer Science,M,2023/24,ST1A,Enrolment Block,2024-UGCOMSMF-1-M-ST1A,,2023-UGCOMSMF-1-M-ST1A,"Year=0 - Selections: 441190 in T12, 700118 in T12, 700100 in T2, 700109 in T2 Student Module Electives  (Take 700120, 700106 in T1 OR, 701026, 700112 in T1)",,,41,T2,Compulsory,7,700109,700109,Advanced Computational Science,20,700109T22121,
UGCOMSMF,1,Taught,,,2024,Y,MS1MNG16,UGCOMS,MEng,Computer Science,M,2023/24,ST1A,Enrolment Block,2024-UGCOMSMF-1-M-ST1A,,2023-UGCOMSMF-1-M-ST1A,"Year=0 - Selections: 441190 in T12, 700118 in T12, 700100 in T2, 700109 in T2 Student Module Electives  (Take 700120, 700106 in T1 OR, 701026, 700112 in T1)",,,50,,Compulsory,4,441190,441190,,0,No matching MAP,
UGCOMSMF,10,Taught,,2022,,Y,MS2MNG19,UGCOSE,MEng,Computing (Software Engineering),1,2023/24,ST1A,Enrolment Block,2024-UGCOMSMF-10-1-ST1A,,2023-UGCOMSMF-10-1-ST1A,,,,10,T12,Core,4,441101,441101,Programming Portfolio,40,441101T1&222,
UGCOMSMF,10,Taught,,2022,,Y,MS2MNG19,UGCOSE,MEng,Computing (Software Engineering),1,2023/24,ST1A,Enrolment Block,2024-UGCOMSMF-10-1-ST1A,,2023-UGCOMSMF-10-1-ST1A,,,,20,T2,Compulsory,4,441104,441104,Computational Thinking,20,441104T12222,
UGCOMSMF,10,Taught,,2022,,Y,MS2MNG19,UGCOSE,MEng,Computing (Software Engineering),1,2023/24,ST1A,Enrolment Block,2024-UGCOMSMF-10-1-ST1A,,2023-UGCOMSMF-10-1-ST1A,,,,30,T1,Compulsory,4,441105,441105,Algorithms and Data Structures,20,441105T12222,
UGCOMSMF,10,Taught,,2022,,Y,MS2MNG19,UGCOSE,MEng,Computing (Software Engineering),1,2023/24,ST1A,Enrolment Block,2024-UGCOMSMF-10-1-ST1A,,2023-UGCOMSMF-10-1-ST1A,,,,40,T2,Compulsory,4,441102,441102,"Architectures, Operating Systems and the Cloud",20,441102T22222,
UGCOMSMF,10,Taught,,2022,,Y,MS2MNG19,UGCOSE,MEng,Computing (Software Engineering),1,2023/24,ST1A,Enrolment Block,2024-UGCOMSMF-10-1-ST1A,,2023-UGCOMSMF-10-1-ST1A,,,,50,T1,Compulsory,4,441108,441108,Professional Development,20,441108T22222,
UGCOMSMF,10,Taught,,2022,,Y,MS2MNG19,UGCOSE,MEng,Computing (Software Engineering),2,2023/24,ST1A,Enrolment Block,2024-UGCOMSMF-10-2-ST1A,,2023-UGCOMSMF-10-2-ST1A,"Year=0 - Selections: 551462 in T12, 551457 in T1, 551456 in T1, 551460 in T2, 441190 in T12 - Electives: 20.00 available credits from 500083, 551461 in T2",,,10,T12,Core,5,551462,551462,Design Develop Deploy,40,551462T1222,
UGCOMSMF,10,Taught,,2022,,Y,MS2MNG19,UGCOSE,MEng,Computing (Software Engineering),2,2023/24,ST1A,Enrolment Block,2024-UGCOMSMF-10-2-ST1A,,2023-UGCOMSMF-10-2-ST1A,"Year=0 - Selections: 551462 in T12, 551457 in T1, 551456 in T1, 551460 in T2, 441190 in T12 - Electives: 20.00 available credits from 500083, 551461 in T2",,,20,T1,Compulsory,5,551457,551457,Databases and Networks,20,551457T12222,
UGCOMSMF,10,Taught,,2022,,Y,MS2MNG19,UGCOSE,MEng,Computing (Software Engineering),2,2023/24,ST1A,Enrolment Block,2024-UGCOMSMF-10-2-ST1A,,2023-UGCOMSMF-10-2-ST1A,"Year=0 - Selections: 551462 in T12, 551457 in T1, 551456 in T1, 551460 in T2, 441190 in T12 - Electives: 20.00 available credits from 500083, 551461 in T2",,,30,T1,Compulsory,5,551456,551456,Software Engineering Design Patterns,20,551456T12323,
UGCOMSMF,10,Taught,,2022,,Y,MS2MNG19,UGCOSE,MEng,Computing (Software Engineering),2,2023/24,ST1A,Enrolment Block,2024-UGCOMSMF-10-2-ST1A,,2023-UGCOMSMF-10-2-ST1A,"Year=0 - Selections: 551462 in T12, 551457 in T1, 551456 in T1, 551460 in T2, 441190 in T12 - Electives: 20.00 available credits from 500083, 551461 in T2",,,40,T2,Compulsory,5,551460,551460,User Interfaces and Experience,20,551460T22222,
UGCOMSMF,10,Taught,,2022,,Y,MS2MNG19,UGCOSE,MEng,Computing (Software Engineering),2,2023/24,ST1A,Enrolment Block,2024-UGCOMSMF-10-2-ST1A,,2023-UGCOMSMF-10-2-ST1A,"Year=0 - Selections: 551462 in T12, 551457 in T1, 551456 in T1, 551460 in T2, 441190 in T12 - Electives: 20.00 available credits from 500083, 551461 in T2",,,50,T2,Optional,5,SOFTENG T2 L5 OPS,500083,Advanced Programming,20,500083T22222,
UGCOMSMF,10,Taught,,2022,,Y,MS2MNG19,UGCOSE,MEng,Computing (Software Engineering),2,2023/24,ST1A,Enrolment Block,2024-UGCOMSMF-10-2-ST1A,,2023-UGCOMSMF-10-2-ST1A,"Year=0 - Selections: 551462 in T12, 551457 in T1, 551456 in T1, 551460 in T2, 441190 in T12 - Electives: 20.00 available credits from 500083, 551461 in T2",,,50,T2,Optional,5,SOFTENG T2 L5 OPS,551461,Mixed Reality Development,20,551461T22323,
UGCOMSMF,10,Taught,,2022,,Y,MS2MNG19,UGCOSE,MEng,Computing (Software Engineering),2,2023/24,ST1A,Enrolment Block,2024-UGCOMSMF-10-2-ST1A,,2023-UGCOMSMF-10-2-ST1A,"Year=0 - Selections: 551462 in T12, 551457 in T1, 551456 in T1, 551460 in T2, 441190 in T12 - Electives: 20.00 available credits from 500083, 551461 in T2",,,60,,Compulsory,4,441190,441190,,0,No matching MAP,
UGCOMSMF,10,Taught,,2022,,Y,MS2MNG19,UGCOSE,MEng,Computing (Software Engineering),3,2023/24,ST1A,Enrolment Block,2024-UGCOMSMF-10-3-ST1A,,2023-UGCOMSMF-10-3-ST1A,"Year=0 - Selections: 661982 in T1, 661984 in T1, 600089 in T2, 661985 in T2, 441190 in T12 - Electives: 40.00 available credits from 600091, 662004 in T12",,,10,T12,Elective - If chosen cannot condone or compenste,6,SOFTENG T12 L6 OPS,600091,Honours Stage Project,40,60009112222,
UGCOMSMF,10,Taught,,2022,,Y,MS2MNG19,UGCOSE,MEng,Computing (Software Engineering),3,2023/24,ST1A,Enrolment Block,2024-UGCOMSMF-10-3-ST1A,,2023-UGCOMSMF-10-3-ST1A,"Year=0 - Selections: 661982 in T1, 661984 in T1, 600089 in T2, 661985 in T2, 441190 in T12 - Electives: 40.00 available credits from 600091, 662004 in T12",,,10,T12,Elective - If chosen cannot condone or compenste,6,SOFTENG T12 L6 OPS,662004,Communicating and Teaching Computing,40,6.62E+11,
UGCOMSMF,10,Taught,,2022,,Y,MS2MNG19,UGCOSE,MEng,Computing (Software Engineering),3,2023/24,ST1A,Enrolment Block,2024-UGCOMSMF-10-3-ST1A,,2023-UGCOMSMF-10-3-ST1A,"Year=0 - Selections: 661982 in T1, 661984 in T1, 600089 in T2, 661985 in T2, 441190 in T12 - Electives: 40.00 available credits from 600091, 662004 in T12",,,20,T1,Compulsory,6,661982,661982,Secure Digital Infrastructure,20,661982T12222,
UGCOMSMF,10,Taught,,2022,,Y,MS2MNG19,UGCOSE,MEng,Computing (Software Engineering),3,2023/24,ST1A,Enrolment Block,2024-UGCOMSMF-10-3-ST1A,,2023-UGCOMSMF-10-3-ST1A,"Year=0 - Selections: 661982 in T1, 661984 in T1, 600089 in T2, 661985 in T2, 441190 in T12 - Electives: 40.00 available credits from 600091, 662004 in T12",,,30,T1,Compulsory,6,661984,661984,Digital Disruption and Innovation,20,661984T12222,
UGCOMSMF,10,Taught,,2022,,Y,MS2MNG19,UGCOSE,MEng,Computing (Software Engineering),3,2023/24,ST1A,Enrolment Block,2024-UGCOMSMF-10-3-ST1A,,2023-UGCOMSMF-10-3-ST1A,"Year=0 - Selections: 661982 in T1, 661984 in T1, 600089 in T2, 661985 in T2, 441190 in T12 - Electives: 40.00 available credits from 600091, 662004 in T12",,,40,T2,Compulsory,6,600089,600089,Distributed Systems Programming,20,600089T22323,
UGCOMSMF,10,Taught,,2022,,Y,MS2MNG19,UGCOSE,MEng,Computing (Software Engineering),3,2023/24,ST1A,Enrolment Block,2024-UGCOMSMF-10-3-ST1A,,2023-UGCOMSMF-10-3-ST1A,"Year=0 - Selections: 661982 in T1, 661984 in T1, 600089 in T2, 661985 in T2, 441190 in T12 - Electives: 40.00 available credits from 600091, 662004 in T12",,,50,T2,Compulsory,6,661985,661985,Safety Critical Systems,20,661985T22222,
UGCOMSMF,10,Taught,,2022,,Y,MS2MNG19,UGCOSE,MEng,Computing (Software Engineering),3,2023/24,ST1A,Enrolment Block,2024-UGCOMSMF-10-3-ST1A,,2023-UGCOMSMF-10-3-ST1A,"Year=0 - Selections: 661982 in T1, 661984 in T1, 600089 in T2, 661985 in T2, 441190 in T12 - Electives: 40.00 available credits from 600091, 662004 in T12",,,60,,Compulsory,4,441190,441190,,0,No matching MAP,
UGCOMSMF,10,Taught,,2022,,Y,MS2MNG19,UGCOSE,MEng,Computing (Software Engineering),M,2023/24,ST1A,Enrolment Block,2024-UGCOMSMF-10-M-ST1A,,2023-UGCOMSMF-10-M-ST1A,"Year=0 - Selections: 700118 in T12, 771866 in T1, 701026 in T1, 700100 in T2, 771862 in T2, 441190 in T12",,,10,T12,Core,7,700118,700118,Commercial Development Practice,40,700118T1222,
UGCOMSMF,10,Taught,,2022,,Y,MS2MNG19,UGCOSE,MEng,Computing (Software Engineering),M,2023/24,ST1A,Enrolment Block,2024-UGCOMSMF-10-M-ST1A,,2023-UGCOMSMF-10-M-ST1A,"Year=0 - Selections: 700118 in T12, 771866 in T1, 701026 in T1, 700100 in T2, 771862 in T2, 441190 in T12",,,20,,Compulsory,7,771866,771866,,20,No matching MAP,
UGCOMSMF,10,Taught,,2022,,Y,MS2MNG19,UGCOSE,MEng,Computing (Software Engineering),M,2023/24,ST1A,Enrolment Block,2024-UGCOMSMF-10-M-ST1A,,2023-UGCOMSMF-10-M-ST1A,"Year=0 - Selections: 700118 in T12, 771866 in T1, 701026 in T1, 700100 in T2, 771862 in T2, 441190 in T12",,,30,T1,Compulsory,7,701026,701026,Real-Time Dependable Systems,20,701026T12222,
UGCOMSMF,10,Taught,,2022,,Y,MS2MNG19,UGCOSE,MEng,Computing (Software Engineering),M,2023/24,ST1A,Enrolment Block,2024-UGCOMSMF-10-M-ST1A,,2023-UGCOMSMF-10-M-ST1A,"Year=0 - Selections: 700118 in T12, 771866 in T1, 701026 in T1, 700100 in T2, 771862 in T2, 441190 in T12",,,40,T2,Compulsory,7,700100,700100,Trustworthy Computing,20,700100T22222,
UGCOMSMF,10,Taught,,2022,,Y,MS2MNG19,UGCOSE,MEng,Computing (Software Engineering),M,2023/24,ST1A,Enrolment Block,2024-UGCOMSMF-10-M-ST1A,,2023-UGCOMSMF-10-M-ST1A,"Year=0 - Selections: 700118 in T12, 771866 in T1, 701026 in T1, 700100 in T2, 771862 in T2, 441190 in T12",,,50,,Compulsory,7,771862,771862,,20,No matching MAP,
UGCOMSMF,10,Taught,,2022,,Y,MS2MNG19,UGCOSE,MEng,Computing (Software Engineering),M,2023/24,ST1A,Enrolment Block,2024-UGCOMSMF-10-M-ST1A,,2023-UGCOMSMF-10-M-ST1A,"Year=0 - Selections: 700118 in T12, 771866 in T1, 701026 in T1, 700100 in T2, 771862 in T2, 441190 in T12",,,60,,Compulsory,4,441190,441190,,0,No matching MAP,
UGCOMSMF,11,Taught,,2023,,Y,MS1MNG19,UGCSAI,MEng,Computer Science (Artificial Intelligence),1,2023/24,ST1A,Enrolment Block,2024-UGCOMSMF-11-1-ST1A,,2023-UGCOMSMF-11-1-ST1A,"Year=0 - Selections: 441101 in T12, 441104 in T2, 441105 in T1, 441102 in T2, 441108 in T1, 441187 in T12, 441190 in T12",,,10,T12,Core,4,441101,441101,Programming Portfolio,40,441101T1&222,
UGCOMSMF,11,Taught,,2023,,Y,MS1MNG19,UGCSAI,MEng,Computer Science (Artificial Intelligence),1,2023/24,ST1A,Enrolment Block,2024-UGCOMSMF-11-1-ST1A,,2023-UGCOMSMF-11-1-ST1A,"Year=0 - Selections: 441101 in T12, 441104 in T2, 441105 in T1, 441102 in T2, 441108 in T1, 441187 in T12, 441190 in T12",,,20,T2,Compulsory,4,441104,441104,Computational Thinking,20,441104T12222,
UGCOMSMF,11,Taught,,2023,,Y,MS1MNG19,UGCSAI,MEng,Computer Science (Artificial Intelligence),1,2023/24,ST1A,Enrolment Block,2024-UGCOMSMF-11-1-ST1A,,2023-UGCOMSMF-11-1-ST1A,"Year=0 - Selections: 441101 in T12, 441104 in T2, 441105 in T1, 441102 in T2, 441108 in T1, 441187 in T12, 441190 in T12",,,30,T1,Compulsory,4,441105,441105,Algorithms and Data Structures,20,441105T12222,
UGCOMSMF,11,Taught,,2023,,Y,MS1MNG19,UGCSAI,MEng,Computer Science (Artificial Intelligence),1,2023/24,ST1A,Enrolment Block,2024-UGCOMSMF-11-1-ST1A,,2023-UGCOMSMF-11-1-ST1A,"Year=0 - Selections: 441101 in T12, 441104 in T2, 441105 in T1, 441102 in T2, 441108 in T1, 441187 in T12, 441190 in T12",,,40,T2,Compulsory,4,441102,441102,"Architectures, Operating Systems and the Cloud",20,441102T22222,
UGCOMSMF,11,Taught,,2023,,Y,MS1MNG19,UGCSAI,MEng,Computer Science (Artificial Intelligence),1,2023/24,ST1A,Enrolment Block,2024-UGCOMSMF-11-1-ST1A,,2023-UGCOMSMF-11-1-ST1A,"Year=0 - Selections: 441101 in T12, 441104 in T2, 441105 in T1, 441102 in T2, 441108 in T1, 441187 in T12, 441190 in T12",,,50,T1,Compulsory,4,441108,441108,Professional Development,20,441108T22222,
UGCOMSMF,11,Taught,,2023,,Y,MS1MNG19,UGCSAI,MEng,Computer Science (Artificial Intelligence),1,2023/24,ST1A,Enrolment Block,2024-UGCOMSMF-11-1-ST1A,,2023-UGCOMSMF-11-1-ST1A,"Year=0 - Selections: 441101 in T12, 441104 in T2, 441105 in T1, 441102 in T2, 441108 in T1, 441187 in T12, 441190 in T12",,,60,T12,Compulsory,4,441187,441187,Computer Science PASS module,0,No matching MAP,
UGCOMSMF,11,Taught,,2023,,Y,MS1MNG19,UGCSAI,MEng,Computer Science (Artificial Intelligence),1,2023/24,ST1A,Enrolment Block,2024-UGCOMSMF-11-1-ST1A,,2023-UGCOMSMF-11-1-ST1A,"Year=0 - Selections: 441101 in T12, 441104 in T2, 441105 in T1, 441102 in T2, 441108 in T1, 441187 in T12, 441190 in T12",,,70,,Compulsory,4,441190,441190,,0,No matching MAP,
UGCOMSMF,11,Taught,,2023,,Y,MS1MNG19,UGCSAI,MEng,Computer Science (Artificial Intelligence),2,2023/24,ST1A,Enrolment Block,2024-UGCOMSMF-11-2-ST1A,,,,No 2023* diet for this VCO/CBO,,,,,,,,,,No matching MAP,
UGCOMSMF,11,Taught,,2023,,Y,MS1MNG19,UGCSAI,MEng,Computer Science (Artificial Intelligence),3,2023/24,ST1A,Enrolment Block,,No Online diet for this VCO/CBO,,,No 2023* diet for this VCO/CBO,,,,,,,,,,No matching MAP,
UGCOMSMF,11,Taught,,2023,,Y,MS1MNG19,UGCSAI,MEng,Computer Science (Artificial Intelligence),M,2023/24,ST1A,Enrolment Block,,No Online diet for this VCO/CBO,,,No 2023* diet for this VCO/CBO,,,,,,,,,,No matching MAP,
UGCOMSMF,12,Taught,,2023,,Y,MS2MNG19,UGCOAI,MEng,Computing (Artificial Intelligence),1,2023/24,ST1A,Enrolment Block,2024-UGCOMSMF-12-1-ST1A,,2023-UGCOMSMF-12-1-ST1A,"Year=0 - Selections: 441101 in T12, 441104 in T2, 441105 in T1, 441102 in T2, 441108 in T1, 441190 in T12, 441187 in T12",,,10,T12,Core,4,441101,441101,Programming Portfolio,40,441101T1&222,
UGCOMSMF,12,Taught,,2023,,Y,MS2MNG19,UGCOAI,MEng,Computing (Artificial Intelligence),1,2023/24,ST1A,Enrolment Block,2024-UGCOMSMF-12-1-ST1A,,2023-UGCOMSMF-12-1-ST1A,"Year=0 - Selections: 441101 in T12, 441104 in T2, 441105 in T1, 441102 in T2, 441108 in T1, 441190 in T12, 441187 in T12",,,20,T2,Compulsory,4,441104,441104,Computational Thinking,20,441104T12222,
UGCOMSMF,12,Taught,,2023,,Y,MS2MNG19,UGCOAI,MEng,Computing (Artificial Intelligence),1,2023/24,ST1A,Enrolment Block,2024-UGCOMSMF-12-1-ST1A,,2023-UGCOMSMF-12-1-ST1A,"Year=0 - Selections: 441101 in T12, 441104 in T2, 441105 in T1, 441102 in T2, 441108 in T1, 441190 in T12, 441187 in T12",,,30,T1,Compulsory,4,441105,441105,Algorithms and Data Structures,20,441105T12222,
UGCOMSMF,12,Taught,,2023,,Y,MS2MNG19,UGCOAI,MEng,Computing (Artificial Intelligence),1,2023/24,ST1A,Enrolment Block,2024-UGCOMSMF-12-1-ST1A,,2023-UGCOMSMF-12-1-ST1A,"Year=0 - Selections: 441101 in T12, 441104 in T2, 441105 in T1, 441102 in T2, 441108 in T1, 441190 in T12, 441187 in T12",,,40,T2,Compulsory,4,441102,441102,"Architectures, Operating Systems and the Cloud",20,441102T22222,
UGCOMSMF,12,Taught,,2023,,Y,MS2MNG19,UGCOAI,MEng,Computing (Artificial Intelligence),1,2023/24,ST1A,Enrolment Block,2024-UGCOMSMF-12-1-ST1A,,2023-UGCOMSMF-12-1-ST1A,"Year=0 - Selections: 441101 in T12, 441104 in T2, 441105 in T1, 441102 in T2, 441108 in T1, 441190 in T12, 441187 in T12",,,50,T1,Compulsory,4,441108,441108,Professional Development,20,441108T22222,
UGCOMSMF,12,Taught,,2023,,Y,MS2MNG19,UGCOAI,MEng,Computing (Artificial Intelligence),1,2023/24,ST1A,Enrolment Block,2024-UGCOMSMF-12-1-ST1A,,2023-UGCOMSMF-12-1-ST1A,"Year=0 - Selections: 441101 in T12, 441104 in T2, 441105 in T1, 441102 in T2, 441108 in T1, 441190 in T12, 441187 in T12",,,60,,Compulsory,4,441190,441190,,0,No matching MAP,
UGCOMSMF,12,Taught,,2023,,Y,MS2MNG19,UGCOAI,MEng,Computing (Artificial Intelligence),1,2023/24,ST1A,Enrolment Block,2024-UGCOMSMF-12-1-ST1A,,2023-UGCOMSMF-12-1-ST1A,"Year=0 - Selections: 441101 in T12, 441104 in T2, 441105 in T1, 441102 in T2, 441108 in T1, 441190 in T12, 441187 in T12",,,70,T12,Compulsory,4,441187,441187,Computer Science PASS module,0,No matching MAP,
UGCOMSMF,12,Taught,,2023,,Y,MS2MNG19,UGCOAI,MEng,Computing (Artificial Intelligence),2,2023/24,ST1A,Enrolment Block,2024-UGCOMSMF-12-2-ST1A,,,,No 2023* diet for this VCO/CBO,,,,,,,,,,No matching MAP,
UGCOMSMF,12,Taught,,2023,,Y,MS2MNG19,UGCOAI,MEng,Computing (Artificial Intelligence),3,2023/24,ST1A,Enrolment Block,,No Online diet for this VCO/CBO,,,No 2023* diet for this VCO/CBO,,,,,,,,,,No matching MAP,
UGCOMSMF,12,Taught,,2023,,Y,MS2MNG19,UGCOAI,MEng,Computing (Artificial Intelligence),M,2023/24,ST1A,Enrolment Block,,No Online diet for this VCO/CBO,,,No 2023* diet for this VCO/CBO,,,,,,,,,,No matching MAP,
UGCOMSMF,2,Taught,,,2020,N,MS1MNG16,UGCSES,MEng,Computer Science (Embedded Systems),1,2023/24,ST1A,Enrolment Block,,No Online diet for this VCO/CBO,,,No 2023* diet for this VCO/CBO,,,,,,,,,,No matching MAP,
UGCOMSMF,2,Taught,,,2020,N,MS1MNG16,UGCSES,MEng,Computer Science (Embedded Systems),2,2023/24,ST1A,Enrolment Block,2024-UGCOMSMF--2-ST1A,,2023-UGCOMSMF--2-ST1A,,,,,,,,,,,,No matching MAP,
UGCOMSMF,2,Taught,,,2020,N,MS1MNG16,UGCSES,MEng,Computer Science (Embedded Systems),3,2023/24,ST1A,Enrolment Block,2024-UGCOMSMF--3-ST1A,,2023-UGCOMSMF--3-ST1A,"Year=0 - Selections: 600085 in T1, 600096 in T1, 600091 in T12, 600100 in T2 - Electives: a maximum of 20.00 available credits from 600097 in T12, a maximum of 20.00 available credits from 600086, 600089 in T2",,,1,T12,Core,6,600091,600091,Honours Stage Project,40,60009112222,
UGCOMSMF,2,Taught,,,2020,N,MS1MNG16,UGCSES,MEng,Computer Science (Embedded Systems),3,2023/24,ST1A,Enrolment Block,2024-UGCOMSMF--3-ST1A,,2023-UGCOMSMF--3-ST1A,"Year=0 - Selections: 600085 in T1, 600096 in T1, 600091 in T12, 600100 in T2 - Electives: a maximum of 20.00 available credits from 600097 in T12, a maximum of 20.00 available credits from 600086, 600089 in T2",,,11,,Optional,6,UGCOMSMF2MS1MNG16UGCSES31819O1,600097,,20,No matching MAP,This module is limited to 15 students. Students will be required to attend an interview and complete a DBS if taking this module.
UGCOMSMF,2,Taught,,,2020,N,MS1MNG16,UGCSES,MEng,Computer Science (Embedded Systems),3,2023/24,ST1A,Enrolment Block,2024-UGCOMSMF--3-ST1A,,2023-UGCOMSMF--3-ST1A,"Year=0 - Selections: 600085 in T1, 600096 in T1, 600091 in T12, 600100 in T2 - Electives: a maximum of 20.00 available credits from 600097 in T12, a maximum of 20.00 available credits from 600086, 600089 in T2",,,20,T1,Compulsory,6,600085,600085,Embedded Systems Development,20,600085T12323,
UGCOMSMF,2,Taught,,,2020,N,MS1MNG16,UGCSES,MEng,Computer Science (Embedded Systems),3,2023/24,ST1A,Enrolment Block,2024-UGCOMSMF--3-ST1A,,2023-UGCOMSMF--3-ST1A,"Year=0 - Selections: 600085 in T1, 600096 in T1, 600091 in T12, 600100 in T2 - Electives: a maximum of 20.00 available credits from 600097 in T12, a maximum of 20.00 available credits from 600086, 600089 in T2",,,30,T1,Compulsory,6,600096,600096,Mobile Devices and Applications,20,600096T11919,
UGCOMSMF,2,Taught,,,2020,N,MS1MNG16,UGCSES,MEng,Computer Science (Embedded Systems),3,2023/24,ST1A,Enrolment Block,2024-UGCOMSMF--3-ST1A,,2023-UGCOMSMF--3-ST1A,"Year=0 - Selections: 600085 in T1, 600096 in T1, 600091 in T12, 600100 in T2 - Electives: a maximum of 20.00 available credits from 600097 in T12, a maximum of 20.00 available credits from 600086, 600089 in T2",,,40,T2,Compulsory,6,600100,600100,Computer Vision,20,600100T2323,
UGCOMSMF,2,Taught,,,2020,N,MS1MNG16,UGCSES,MEng,Computer Science (Embedded Systems),3,2023/24,ST1A,Enrolment Block,2024-UGCOMSMF--3-ST1A,,2023-UGCOMSMF--3-ST1A,"Year=0 - Selections: 600085 in T1, 600096 in T1, 600091 in T12, 600100 in T2 - Electives: a maximum of 20.00 available credits from 600097 in T12, a maximum of 20.00 available credits from 600086, 600089 in T2",,,50,T2,Optional,6,UGCOMSXF2US1CMP16UGCSES318S2O1,600086,Parallel and Concurrent Programming,20,600086T22222,
UGCOMSMF,2,Taught,,,2020,N,MS1MNG16,UGCSES,MEng,Computer Science (Embedded Systems),3,2023/24,ST1A,Enrolment Block,2024-UGCOMSMF--3-ST1A,,2023-UGCOMSMF--3-ST1A,"Year=0 - Selections: 600085 in T1, 600096 in T1, 600091 in T12, 600100 in T2 - Electives: a maximum of 20.00 available credits from 600097 in T12, a maximum of 20.00 available credits from 600086, 600089 in T2",,,50,T2,Optional,6,UGCOMSXF2US1CMP16UGCSES318S2O1,600089,Distributed Systems Programming,20,600089T22323,
UGCOMSMF,2,Taught,,,2020,N,MS1MNG16,UGCSES,MEng,Computer Science (Embedded Systems),M,2023/24,ST1A,Enrolment Block,2024-UGCOMSMF--M-ST1A,,2023-UGCOMSMF--M-ST1A,"Year=0 - Selections: 700118 in T12, 700118 in T12, 700106 in T1, 700106 in T1, 700120 in T1, 700120 in T1, 700105 in T2, 700104 in T2, 700119 in T2, 700105 in T2, 441190 in T12",,,1,T12,Core,7,700118,700118,Commercial Development Practice,40,700118T1222,
UGCOMSMF,2,Taught,,,2020,N,MS1MNG16,UGCSES,MEng,Computer Science (Embedded Systems),M,2023/24,ST1A,Enrolment Block,2024-UGCOMSMF--M-ST1A,,2023-UGCOMSMF--M-ST1A,"Year=0 - Selections: 700118 in T12, 700118 in T12, 700106 in T1, 700106 in T1, 700120 in T1, 700120 in T1, 700105 in T2, 700104 in T2, 700119 in T2, 700105 in T2, 441190 in T12",,,10,T12,Core,7,700118,700118,Commercial Development Practice,40,700118T1222,
UGCOMSMF,2,Taught,,,2020,N,MS1MNG16,UGCSES,MEng,Computer Science (Embedded Systems),M,2023/24,ST1A,Enrolment Block,2024-UGCOMSMF--M-ST1A,,2023-UGCOMSMF--M-ST1A,"Year=0 - Selections: 700118 in T12, 700118 in T12, 700106 in T1, 700106 in T1, 700120 in T1, 700120 in T1, 700105 in T2, 700104 in T2, 700119 in T2, 700105 in T2, 441190 in T12",,,11,T1,Compulsory,7,700106,700106,Real Time Graphics,20,700106T11818,
UGCOMSMF,2,Taught,,,2020,N,MS1MNG16,UGCSES,MEng,Computer Science (Embedded Systems),M,2023/24,ST1A,Enrolment Block,2024-UGCOMSMF--M-ST1A,,2023-UGCOMSMF--M-ST1A,"Year=0 - Selections: 700118 in T12, 700118 in T12, 700106 in T1, 700106 in T1, 700120 in T1, 700120 in T1, 700105 in T2, 700104 in T2, 700119 in T2, 700105 in T2, 441190 in T12",,,20,T1,Compulsory,7,700106,700106,Real Time Graphics,20,700106T11818,
UGCOMSMF,2,Taught,,,2020,N,MS1MNG16,UGCSES,MEng,Computer Science (Embedded Systems),M,2023/24,ST1A,Enrolment Block,2024-UGCOMSMF--M-ST1A,,2023-UGCOMSMF--M-ST1A,"Year=0 - Selections: 700118 in T12, 700118 in T12, 700106 in T1, 700106 in T1, 700120 in T1, 700120 in T1, 700105 in T2, 700104 in T2, 700119 in T2, 700105 in T2, 441190 in T12",,,21,T1,Compulsory,7,700120,700120,C++ Programming and Design,20,700120T12323,
UGCOMSMF,2,Taught,,,2020,N,MS1MNG16,UGCSES,MEng,Computer Science (Embedded Systems),M,2023/24,ST1A,Enrolment Block,2024-UGCOMSMF--M-ST1A,,2023-UGCOMSMF--M-ST1A,"Year=0 - Selections: 700118 in T12, 700118 in T12, 700106 in T1, 700106 in T1, 700120 in T1, 700120 in T1, 700105 in T2, 700104 in T2, 700119 in T2, 700105 in T2, 441190 in T12",,,30,T1,Compulsory,7,700120,700120,C++ Programming and Design,20,700120T12323,
UGCOMSMF,2,Taught,,,2020,N,MS1MNG16,UGCSES,MEng,Computer Science (Embedded Systems),M,2023/24,ST1A,Enrolment Block,2024-UGCOMSMF--M-ST1A,,2023-UGCOMSMF--M-ST1A,"Year=0 - Selections: 700118 in T12, 700118 in T12, 700106 in T1, 700106 in T1, 700120 in T1, 700120 in T1, 700105 in T2, 700104 in T2, 700119 in T2, 700105 in T2, 441190 in T12",,,31,T2,Compulsory,7,700105,700105,Games Architecture and Concurrency,20,700105T22020,
UGCOMSMF,2,Taught,,,2020,N,MS1MNG16,UGCSES,MEng,Computer Science (Embedded Systems),M,2023/24,ST1A,Enrolment Block,2024-UGCOMSMF--M-ST1A,,2023-UGCOMSMF--M-ST1A,"Year=0 - Selections: 700118 in T12, 700118 in T12, 700106 in T1, 700106 in T1, 700120 in T1, 700120 in T1, 700105 in T2, 700104 in T2, 700119 in T2, 700105 in T2, 441190 in T12",,,40,,Compulsory,7,700104,700104,,20,No matching MAP,
UGCOMSMF,2,Taught,,,2020,N,MS1MNG16,UGCSES,MEng,Computer Science (Embedded Systems),M,2023/24,ST1A,Enrolment Block,2024-UGCOMSMF--M-ST1A,,2023-UGCOMSMF--M-ST1A,"Year=0 - Selections: 700118 in T12, 700118 in T12, 700106 in T1, 700106 in T1, 700120 in T1, 700120 in T1, 700105 in T2, 700104 in T2, 700119 in T2, 700105 in T2, 441190 in T12",,,41,T2,Compulsory,7,700119,700119,Advanced Rendering and Virtual Environments,20,700119T21818,
UGCOMSMF,2,Taught,,,2020,N,MS1MNG16,UGCSES,MEng,Computer Science (Embedded Systems),M,2023/24,ST1A,Enrolment Block,2024-UGCOMSMF--M-ST1A,,2023-UGCOMSMF--M-ST1A,"Year=0 - Selections: 700118 in T12, 700118 in T12, 700106 in T1, 700106 in T1, 700120 in T1, 700120 in T1, 700105 in T2, 700104 in T2, 700119 in T2, 700105 in T2, 441190 in T12",,,50,T2,Compulsory,7,700105,700105,Games Architecture and Concurrency,20,700105T22020,
UGCOMSMF,2,Taught,,,2020,N,MS1MNG16,UGCSES,MEng,Computer Science (Embedded Systems),M,2023/24,ST1A,Enrolment Block,2024-UGCOMSMF--M-ST1A,,2023-UGCOMSMF--M-ST1A,"Year=0 - Selections: 700118 in T12, 700118 in T12, 700106 in T1, 700106 in T1, 700120 in T1, 700120 in T1, 700105 in T2, 700104 in T2, 700119 in T2, 700105 in T2, 441190 in T12",,,60,,Compulsory,4,441190,441190,,0,No matching MAP,
UGCOMSMF,3,Taught,,,2023,Y,MS1MNG16,UGCSSE,MEng,Computer Science (Software Engineering),1,2023/24,ST1A,Enrolment Block,2024-UGCOMSMF-3-1-ST1A,,2023-UGCOMSMF-3-1-ST1A,"Year=0 - Selections: 441104 in T1, 441105 in T1, 441101 in T12, 441102 in T2, 441108 in T2",,,1,T12,Core,4,441101,441101,Programming Portfolio,40,441101T1&222,
UGCOMSMF,3,Taught,,,2023,Y,MS1MNG16,UGCSSE,MEng,Computer Science (Software Engineering),1,2023/24,ST1A,Enrolment Block,2024-UGCOMSMF-3-1-ST1A,,2023-UGCOMSMF-3-1-ST1A,"Year=0 - Selections: 441104 in T1, 441105 in T1, 441101 in T12, 441102 in T2, 441108 in T2",,,11,,Compulsory,4,441104,441104,,20,No matching MAP,
UGCOMSMF,3,Taught,,,2023,Y,MS1MNG16,UGCSSE,MEng,Computer Science (Software Engineering),1,2023/24,ST1A,Enrolment Block,2024-UGCOMSMF-3-1-ST1A,,2023-UGCOMSMF-3-1-ST1A,"Year=0 - Selections: 441104 in T1, 441105 in T1, 441101 in T12, 441102 in T2, 441108 in T2",,,31,T1,Compulsory,4,441105,441105,Algorithms and Data Structures,20,441105T12222,
UGCOMSMF,3,Taught,,,2023,Y,MS1MNG16,UGCSSE,MEng,Computer Science (Software Engineering),1,2023/24,ST1A,Enrolment Block,2024-UGCOMSMF-3-1-ST1A,,2023-UGCOMSMF-3-1-ST1A,"Year=0 - Selections: 441104 in T1, 441105 in T1, 441101 in T12, 441102 in T2, 441108 in T2",,,41,T2,Compulsory,4,441102,441102,"Architectures, Operating Systems and the Cloud",20,441102T22222,
UGCOMSMF,3,Taught,,,2023,Y,MS1MNG16,UGCSSE,MEng,Computer Science (Software Engineering),1,2023/24,ST1A,Enrolment Block,2024-UGCOMSMF-3-1-ST1A,,2023-UGCOMSMF-3-1-ST1A,"Year=0 - Selections: 441104 in T1, 441105 in T1, 441101 in T12, 441102 in T2, 441108 in T2",,,61,,Compulsory,4,441108,441108,,20,No matching MAP,
UGCOMSMF,3,Taught,,,2023,Y,MS1MNG16,UGCSSE,MEng,Computer Science (Software Engineering),2,2023/24,ST1A,Enrolment Block,2024-UGCOMSMF-3-2-ST1A,,2023-UGCOMSMF-3-2-ST1A,"Year=0 - Selections: 500084 in T1, 500087 in T1, 500088 in T1, 500080 in T2, 500081 in T2, 500083 in T2",,,1,,Compulsory,5,500084,500084,,20,No matching MAP,
UGCOMSMF,3,Taught,,,2023,Y,MS1MNG16,UGCSSE,MEng,Computer Science (Software Engineering),2,2023/24,ST1A,Enrolment Block,2024-UGCOMSMF-3-2-ST1A,,2023-UGCOMSMF-3-2-ST1A,"Year=0 - Selections: 500084 in T1, 500087 in T1, 500088 in T1, 500080 in T2, 500081 in T2, 500083 in T2",,,11,,Compulsory,5,500087,500087,,20,No matching MAP,
UGCOMSMF,3,Taught,,,2023,Y,MS1MNG16,UGCSSE,MEng,Computer Science (Software Engineering),2,2023/24,ST1A,Enrolment Block,2024-UGCOMSMF-3-2-ST1A,,2023-UGCOMSMF-3-2-ST1A,"Year=0 - Selections: 500084 in T1, 500087 in T1, 500088 in T1, 500080 in T2, 500081 in T2, 500083 in T2",,,21,,Compulsory,5,500088,500088,,20,No matching MAP,
UGCOMSMF,3,Taught,,,2023,Y,MS1MNG16,UGCSSE,MEng,Computer Science (Software Engineering),2,2023/24,ST1A,Enrolment Block,2024-UGCOMSMF-3-2-ST1A,,2023-UGCOMSMF-3-2-ST1A,"Year=0 - Selections: 500084 in T1, 500087 in T1, 500088 in T1, 500080 in T2, 500081 in T2, 500083 in T2",,,31,,Compulsory,5,500081,500081,,20,No matching MAP,
UGCOMSMF,3,Taught,,,2023,Y,MS1MNG16,UGCSSE,MEng,Computer Science (Software Engineering),2,2023/24,ST1A,Enrolment Block,2024-UGCOMSMF-3-2-ST1A,,2023-UGCOMSMF-3-2-ST1A,"Year=0 - Selections: 500084 in T1, 500087 in T1, 500088 in T1, 500080 in T2, 500081 in T2, 500083 in T2",,,41,T2,Compulsory,5,500083,500083,Advanced Programming,20,500083T22222,
UGCOMSMF,3,Taught,,,2023,Y,MS1MNG16,UGCSSE,MEng,Computer Science (Software Engineering),2,2023/24,ST1A,Enrolment Block,2024-UGCOMSMF-3-2-ST1A,,2023-UGCOMSMF-3-2-ST1A,"Year=0 - Selections: 500084 in T1, 500087 in T1, 500088 in T1, 500080 in T2, 500081 in T2, 500083 in T2",,,51,,Compulsory,5,500080,500080,,20,No matching MAP,
UGCOMSMF,3,Taught,,,2023,Y,MS1MNG16,UGCSSE,MEng,Computer Science (Software Engineering),3,2023/24,ST1A,Enrolment Block,2024-UGCOMSMF-3-3-ST1A,,2023-UGCOMSMF-3-3-ST1A,"Year=0 - Selections: 600091 in T12, 600087 in T1, 600094 in T2 Student Module Electives  [, 600097 in T12, a maximum of 20.00 available credits from 600096 in T1, a maximum of 20.00 available credits from 600086, 600089, 600099 in T2  Subject to an overall minimum of 40 available credits and an overall maximum of 40 available credits ] [, 600096 in T1, 20.00 available credits from 600086, 600089, 600099 in T2  Subject to an overall minimum of 40 available credits and an overall maximum of 40 available credits ]",,,1,T12,Core,6,600091,600091,Honours Stage Project,40,60009112222,
UGCOMSMF,3,Taught,,,2023,Y,MS1MNG16,UGCSSE,MEng,Computer Science (Software Engineering),3,2023/24,ST1A,Enrolment Block,2024-UGCOMSMF-3-3-ST1A,,2023-UGCOMSMF-3-3-ST1A,"Year=0 - Selections: 600091 in T12, 600087 in T1, 600094 in T2 Student Module Electives  [, 600097 in T12, a maximum of 20.00 available credits from 600096 in T1, a maximum of 20.00 available credits from 600086, 600089, 600099 in T2  Subject to an overall minimum of 40 available credits and an overall maximum of 40 available credits ] [, 600096 in T1, 20.00 available credits from 600086, 600089, 600099 in T2  Subject to an overall minimum of 40 available credits and an overall maximum of 40 available credits ]",,,11,,Optional,6,UGCOMSMF3MS1MNG16UGCSSE31819O1,600097,,20,No matching MAP,This module is limited to 15 students. Students will be required to attend an interview and complete a DBS if taking this module.
UGCOMSMF,3,Taught,,,2023,Y,MS1MNG16,UGCSSE,MEng,Computer Science (Software Engineering),3,2023/24,ST1A,Enrolment Block,2024-UGCOMSMF-3-3-ST1A,,2023-UGCOMSMF-3-3-ST1A,"Year=0 - Selections: 600091 in T12, 600087 in T1, 600094 in T2 Student Module Electives  [, 600097 in T12, a maximum of 20.00 available credits from 600096 in T1, a maximum of 20.00 available credits from 600086, 600089, 600099 in T2  Subject to an overall minimum of 40 available credits and an overall maximum of 40 available credits ] [, 600096 in T1, 20.00 available credits from 600086, 600089, 600099 in T2  Subject to an overall minimum of 40 available credits and an overall maximum of 40 available credits ]",,,21,T1,Compulsory,6,600087,600087,Languages and their Compilers,20,600087T11818,
UGCOMSMF,3,Taught,,,2023,Y,MS1MNG16,UGCSSE,MEng,Computer Science (Software Engineering),3,2023/24,ST1A,Enrolment Block,2024-UGCOMSMF-3-3-ST1A,,2023-UGCOMSMF-3-3-ST1A,"Year=0 - Selections: 600091 in T12, 600087 in T1, 600094 in T2 Student Module Electives  [, 600097 in T12, a maximum of 20.00 available credits from 600096 in T1, a maximum of 20.00 available credits from 600086, 600089, 600099 in T2  Subject to an overall minimum of 40 available credits and an overall maximum of 40 available credits ] [, 600096 in T1, 20.00 available credits from 600086, 600089, 600099 in T2  Subject to an overall minimum of 40 available credits and an overall maximum of 40 available credits ]",,,31,T1,Optional,6,UGCOMSMF3MS1MNG16UGCSSE318S1O1,600096,Mobile Devices and Applications,20,600096T11919,
UGCOMSMF,3,Taught,,,2023,Y,MS1MNG16,UGCSSE,MEng,Computer Science (Software Engineering),3,2023/24,ST1A,Enrolment Block,2024-UGCOMSMF-3-3-ST1A,,2023-UGCOMSMF-3-3-ST1A,"Year=0 - Selections: 600091 in T12, 600087 in T1, 600094 in T2 Student Module Electives  [, 600097 in T12, a maximum of 20.00 available credits from 600096 in T1, a maximum of 20.00 available credits from 600086, 600089, 600099 in T2  Subject to an overall minimum of 40 available credits and an overall maximum of 40 available credits ] [, 600096 in T1, 20.00 available credits from 600086, 600089, 600099 in T2  Subject to an overall minimum of 40 available credits and an overall maximum of 40 available credits ]",,,41,T2,Compulsory,6,600094,600094,Advanced Software Engineering,20,600094T21818,
UGCOMSMF,3,Taught,,,2023,Y,MS1MNG16,UGCSSE,MEng,Computer Science (Software Engineering),3,2023/24,ST1A,Enrolment Block,2024-UGCOMSMF-3-3-ST1A,,2023-UGCOMSMF-3-3-ST1A,"Year=0 - Selections: 600091 in T12, 600087 in T1, 600094 in T2 Student Module Electives  [, 600097 in T12, a maximum of 20.00 available credits from 600096 in T1, a maximum of 20.00 available credits from 600086, 600089, 600099 in T2  Subject to an overall minimum of 40 available credits and an overall maximum of 40 available credits ] [, 600096 in T1, 20.00 available credits from 600086, 600089, 600099 in T2  Subject to an overall minimum of 40 available credits and an overall maximum of 40 available credits ]",,,51,,Optional,6,UGCOMSMF3MS1MNG16UGCSSE318S2O1,600099,,20,No matching MAP,
UGCOMSMF,3,Taught,,,2023,Y,MS1MNG16,UGCSSE,MEng,Computer Science (Software Engineering),3,2023/24,ST1A,Enrolment Block,2024-UGCOMSMF-3-3-ST1A,,2023-UGCOMSMF-3-3-ST1A,"Year=0 - Selections: 600091 in T12, 600087 in T1, 600094 in T2 Student Module Electives  [, 600097 in T12, a maximum of 20.00 available credits from 600096 in T1, a maximum of 20.00 available credits from 600086, 600089, 600099 in T2  Subject to an overall minimum of 40 available credits and an overall maximum of 40 available credits ] [, 600096 in T1, 20.00 available credits from 600086, 600089, 600099 in T2  Subject to an overall minimum of 40 available credits and an overall maximum of 40 available credits ]",,,51,T2,Optional,6,UGCOMSMF3MS1MNG16UGCSSE318S2O1,600086,Parallel and Concurrent Programming,20,600086T22222,
UGCOMSMF,3,Taught,,,2023,Y,MS1MNG16,UGCSSE,MEng,Computer Science (Software Engineering),3,2023/24,ST1A,Enrolment Block,2024-UGCOMSMF-3-3-ST1A,,2023-UGCOMSMF-3-3-ST1A,"Year=0 - Selections: 600091 in T12, 600087 in T1, 600094 in T2 Student Module Electives  [, 600097 in T12, a maximum of 20.00 available credits from 600096 in T1, a maximum of 20.00 available credits from 600086, 600089, 600099 in T2  Subject to an overall minimum of 40 available credits and an overall maximum of 40 available credits ] [, 600096 in T1, 20.00 available credits from 600086, 600089, 600099 in T2  Subject to an overall minimum of 40 available credits and an overall maximum of 40 available credits ]",,,51,T2,Optional,6,UGCOMSMF3MS1MNG16UGCSSE318S2O1,600089,Distributed Systems Programming,20,600089T22323,
UGCOMSMF,3,Taught,,,2023,Y,MS1MNG16,UGCSSE,MEng,Computer Science (Software Engineering),3,2023/24,ST1A,Enrolment Block,2024-UGCOMSMF-3-3-ST1A,,2023-UGCOMSMF-3-3-ST1A,"Year=0 - Selections: 600091 in T12, 600087 in T1, 600094 in T2 Student Module Electives  [, 600097 in T12, a maximum of 20.00 available credits from 600096 in T1, a maximum of 20.00 available credits from 600086, 600089, 600099 in T2  Subject to an overall minimum of 40 available credits and an overall maximum of 40 available credits ] [, 600096 in T1, 20.00 available credits from 600086, 600089, 600099 in T2  Subject to an overall minimum of 40 available credits and an overall maximum of 40 available credits ]",,,60,T1,Optional,6,UGCOMSMF3MS1MNG16UGCSSE318S1O1,600096,Mobile Devices and Applications,20,600096T11919,
UGCOMSMF,3,Taught,,,2023,Y,MS1MNG16,UGCSSE,MEng,Computer Science (Software Engineering),3,2023/24,ST1A,Enrolment Block,2024-UGCOMSMF-3-3-ST1A,,2023-UGCOMSMF-3-3-ST1A,"Year=0 - Selections: 600091 in T12, 600087 in T1, 600094 in T2 Student Module Electives  [, 600097 in T12, a maximum of 20.00 available credits from 600096 in T1, a maximum of 20.00 available credits from 600086, 600089, 600099 in T2  Subject to an overall minimum of 40 available credits and an overall maximum of 40 available credits ] [, 600096 in T1, 20.00 available credits from 600086, 600089, 600099 in T2  Subject to an overall minimum of 40 available credits and an overall maximum of 40 available credits ]",,,70,,Optional,6,UGCOMSMF3MS1MNG16UGCSSE318S2O1,600099,,20,No matching MAP,
UGCOMSMF,3,Taught,,,2023,Y,MS1MNG16,UGCSSE,MEng,Computer Science (Software Engineering),3,2023/24,ST1A,Enrolment Block,2024-UGCOMSMF-3-3-ST1A,,2023-UGCOMSMF-3-3-ST1A,"Year=0 - Selections: 600091 in T12, 600087 in T1, 600094 in T2 Student Module Electives  [, 600097 in T12, a maximum of 20.00 available credits from 600096 in T1, a maximum of 20.00 available credits from 600086, 600089, 600099 in T2  Subject to an overall minimum of 40 available credits and an overall maximum of 40 available credits ] [, 600096 in T1, 20.00 available credits from 600086, 600089, 600099 in T2  Subject to an overall minimum of 40 available credits and an overall maximum of 40 available credits ]",,,70,T2,Optional,6,UGCOMSMF3MS1MNG16UGCSSE318S2O1,600086,Parallel and Concurrent Programming,20,600086T22222,
UGCOMSMF,3,Taught,,,2023,Y,MS1MNG16,UGCSSE,MEng,Computer Science (Software Engineering),3,2023/24,ST1A,Enrolment Block,2024-UGCOMSMF-3-3-ST1A,,2023-UGCOMSMF-3-3-ST1A,"Year=0 - Selections: 600091 in T12, 600087 in T1, 600094 in T2 Student Module Electives  [, 600097 in T12, a maximum of 20.00 available credits from 600096 in T1, a maximum of 20.00 available credits from 600086, 600089, 600099 in T2  Subject to an overall minimum of 40 available credits and an overall maximum of 40 available credits ] [, 600096 in T1, 20.00 available credits from 600086, 600089, 600099 in T2  Subject to an overall minimum of 40 available credits and an overall maximum of 40 available credits ]",,,70,T2,Optional,6,UGCOMSMF3MS1MNG16UGCSSE318S2O1,600089,Distributed Systems Programming,20,600089T22323,
UGCOMSMF,3,Taught,,,2023,Y,MS1MNG16,UGCSSE,MEng,Computer Science (Software Engineering),M,2023/24,ST1A,Enrolment Block,2024-UGCOMSMF-3-M-ST1A,,2023-UGCOMSMF-3-M-ST1A,"Year=0 - Selections: 700118 in T12, 701026 in T1, 700112 in T1, 700100 in T2, 700109 in T2, 441190 in T12",,,1,T12,Core,7,700118,700118,Commercial Development Practice,40,700118T1222,
UGCOMSMF,3,Taught,,,2023,Y,MS1MNG16,UGCSSE,MEng,Computer Science (Software Engineering),M,2023/24,ST1A,Enrolment Block,2024-UGCOMSMF-3-M-ST1A,,2023-UGCOMSMF-3-M-ST1A,"Year=0 - Selections: 700118 in T12, 701026 in T1, 700112 in T1, 700100 in T2, 700109 in T2, 441190 in T12",,,11,T1,Compulsory,7,701026,701026,Real-Time Dependable Systems,20,701026T12222,
UGCOMSMF,3,Taught,,,2023,Y,MS1MNG16,UGCSSE,MEng,Computer Science (Software Engineering),M,2023/24,ST1A,Enrolment Block,2024-UGCOMSMF-3-M-ST1A,,2023-UGCOMSMF-3-M-ST1A,"Year=0 - Selections: 700118 in T12, 701026 in T1, 700112 in T1, 700100 in T2, 700109 in T2, 441190 in T12",,,21,T1,Compulsory,7,700112,700112,Component-Based Architecture,20,700112T12323,
UGCOMSMF,3,Taught,,,2023,Y,MS1MNG16,UGCSSE,MEng,Computer Science (Software Engineering),M,2023/24,ST1A,Enrolment Block,2024-UGCOMSMF-3-M-ST1A,,2023-UGCOMSMF-3-M-ST1A,"Year=0 - Selections: 700118 in T12, 701026 in T1, 700112 in T1, 700100 in T2, 700109 in T2, 441190 in T12",,,31,T2,Compulsory,7,700100,700100,Trustworthy Computing,20,700100T22222,
UGCOMSMF,3,Taught,,,2023,Y,MS1MNG16,UGCSSE,MEng,Computer Science (Software Engineering),M,2023/24,ST1A,Enrolment Block,2024-UGCOMSMF-3-M-ST1A,,2023-UGCOMSMF-3-M-ST1A,"Year=0 - Selections: 700118 in T12, 701026 in T1, 700112 in T1, 700100 in T2, 700109 in T2, 441190 in T12",,,41,T2,Compulsory,7,700109,700109,Advanced Computational Science,20,700109T22121,
UGCOMSMF,3,Taught,,,2023,Y,MS1MNG16,UGCSSE,MEng,Computer Science (Software Engineering),M,2023/24,ST1A,Enrolment Block,2024-UGCOMSMF-3-M-ST1A,,2023-UGCOMSMF-3-M-ST1A,"Year=0 - Selections: 700118 in T12, 701026 in T1, 700112 in T1, 700100 in T2, 700109 in T2, 441190 in T12",,,50,,Compulsory,4,441190,441190,,0,No matching MAP,
UGCOMSMF,4,Taught,,2022,,Y,MS1MNG19,UGCOMS,MEng,Computer Science,1,2023/24,ST1A,Enrolment Block,2024-UGCOMSMF-4-1-ST1A,,2023-UGCOMSMF-4-1-ST1A,"Year=0 - Selections: 441101 in T12, 441104 in T2, 441105 in T1, 441102 in T2, 441108 in T1, 441187 in T12, 441190 in T12",,,10,T12,Core,4,441101,441101,Programming Portfolio,40,441101T1&222,
UGCOMSMF,4,Taught,,2022,,Y,MS1MNG19,UGCOMS,MEng,Computer Science,1,2023/24,ST1A,Enrolment Block,2024-UGCOMSMF-4-1-ST1A,,2023-UGCOMSMF-4-1-ST1A,"Year=0 - Selections: 441101 in T12, 441104 in T2, 441105 in T1, 441102 in T2, 441108 in T1, 441187 in T12, 441190 in T12",,,20,T2,Compulsory,4,441104,441104,Computational Thinking,20,441104T12222,
UGCOMSMF,4,Taught,,2022,,Y,MS1MNG19,UGCOMS,MEng,Computer Science,1,2023/24,ST1A,Enrolment Block,2024-UGCOMSMF-4-1-ST1A,,2023-UGCOMSMF-4-1-ST1A,"Year=0 - Selections: 441101 in T12, 441104 in T2, 441105 in T1, 441102 in T2, 441108 in T1, 441187 in T12, 441190 in T12",,,30,T1,Compulsory,4,441105,441105,Algorithms and Data Structures,20,441105T12222,
UGCOMSMF,4,Taught,,2022,,Y,MS1MNG19,UGCOMS,MEng,Computer Science,1,2023/24,ST1A,Enrolment Block,2024-UGCOMSMF-4-1-ST1A,,2023-UGCOMSMF-4-1-ST1A,"Year=0 - Selections: 441101 in T12, 441104 in T2, 441105 in T1, 441102 in T2, 441108 in T1, 441187 in T12, 441190 in T12",,,40,T2,Compulsory,4,441102,441102,"Architectures, Operating Systems and the Cloud",20,441102T22222,
UGCOMSMF,4,Taught,,2022,,Y,MS1MNG19,UGCOMS,MEng,Computer Science,1,2023/24,ST1A,Enrolment Block,2024-UGCOMSMF-4-1-ST1A,,2023-UGCOMSMF-4-1-ST1A,"Year=0 - Selections: 441101 in T12, 441104 in T2, 441105 in T1, 441102 in T2, 441108 in T1, 441187 in T12, 441190 in T12",,,50,T1,Compulsory,4,441108,441108,Professional Development,20,441108T22222,
UGCOMSMF,4,Taught,,2022,,Y,MS1MNG19,UGCOMS,MEng,Computer Science,1,2023/24,ST1A,Enrolment Block,2024-UGCOMSMF-4-1-ST1A,,2023-UGCOMSMF-4-1-ST1A,"Year=0 - Selections: 441101 in T12, 441104 in T2, 441105 in T1, 441102 in T2, 441108 in T1, 441187 in T12, 441190 in T12",,,60,T12,Compulsory,4,441187,441187,Computer Science PASS module,0,No matching MAP,
UGCOMSMF,4,Taught,,2022,,Y,MS1MNG19,UGCOMS,MEng,Computer Science,1,2023/24,ST1A,Enrolment Block,2024-UGCOMSMF-4-1-ST1A,,2023-UGCOMSMF-4-1-ST1A,"Year=0 - Selections: 441101 in T12, 441104 in T2, 441105 in T1, 441102 in T2, 441108 in T1, 441187 in T12, 441190 in T12",,,70,,Compulsory,4,441190,441190,,0,No matching MAP,
UGCOMSMF,4,Taught,,2022,,Y,MS1MNG19,UGCOMS,MEng,Computer Science,2,2023/24,ST1A,Enrolment Block,2024-UGCOMSMF-4-2-ST1A,,2023-UGCOMSMF-4-2-ST1A,"Year=0 - Selections: 551462 in T12, 551457 in T1, 551458 in T1, 551460 in T2, 441190 in T12 - Electives: 20.00 available credits from 500083, 551461, 551672 in T2",,,10,T12,Core,5,551462,551462,Design Develop Deploy,40,551462T1222,
UGCOMSMF,4,Taught,,2022,,Y,MS1MNG19,UGCOMS,MEng,Computer Science,2,2023/24,ST1A,Enrolment Block,2024-UGCOMSMF-4-2-ST1A,,2023-UGCOMSMF-4-2-ST1A,"Year=0 - Selections: 551462 in T12, 551457 in T1, 551458 in T1, 551460 in T2, 441190 in T12 - Electives: 20.00 available credits from 500083, 551461, 551672 in T2",,,20,T1,Compulsory,5,551457,551457,Databases and Networks,20,551457T12222,
UGCOMSMF,4,Taught,,2022,,Y,MS1MNG19,UGCOMS,MEng,Computer Science,2,2023/24,ST1A,Enrolment Block,2024-UGCOMSMF-4-2-ST1A,,2023-UGCOMSMF-4-2-ST1A,"Year=0 - Selections: 551462 in T12, 551457 in T1, 551458 in T1, 551460 in T2, 441190 in T12 - Electives: 20.00 available credits from 500083, 551461, 551672 in T2",,,30,T1,Compulsory,5,551458,551458,Artificial Intelligence,20,551458T12222,
UGCOMSMF,4,Taught,,2022,,Y,MS1MNG19,UGCOMS,MEng,Computer Science,2,2023/24,ST1A,Enrolment Block,2024-UGCOMSMF-4-2-ST1A,,2023-UGCOMSMF-4-2-ST1A,"Year=0 - Selections: 551462 in T12, 551457 in T1, 551458 in T1, 551460 in T2, 441190 in T12 - Electives: 20.00 available credits from 500083, 551461, 551672 in T2",,,40,T2,Compulsory,5,551460,551460,User Interfaces and Experience,20,551460T22222,
UGCOMSMF,4,Taught,,2022,,Y,MS1MNG19,UGCOMS,MEng,Computer Science,2,2023/24,ST1A,Enrolment Block,2024-UGCOMSMF-4-2-ST1A,,2023-UGCOMSMF-4-2-ST1A,"Year=0 - Selections: 551462 in T12, 551457 in T1, 551458 in T1, 551460 in T2, 441190 in T12 - Electives: 20.00 available credits from 500083, 551461, 551672 in T2",,,50,,Optional,5,BSC COMP SCI T2 L5 OPTS,551672,,20,No matching MAP,
UGCOMSMF,4,Taught,,2022,,Y,MS1MNG19,UGCOMS,MEng,Computer Science,2,2023/24,ST1A,Enrolment Block,2024-UGCOMSMF-4-2-ST1A,,2023-UGCOMSMF-4-2-ST1A,"Year=0 - Selections: 551462 in T12, 551457 in T1, 551458 in T1, 551460 in T2, 441190 in T12 - Electives: 20.00 available credits from 500083, 551461, 551672 in T2",,,50,T2,Optional,5,BSC COMP SCI T2 L5 OPTS,500083,Advanced Programming,20,500083T22222,
UGCOMSMF,4,Taught,,2022,,Y,MS1MNG19,UGCOMS,MEng,Computer Science,2,2023/24,ST1A,Enrolment Block,2024-UGCOMSMF-4-2-ST1A,,2023-UGCOMSMF-4-2-ST1A,"Year=0 - Selections: 551462 in T12, 551457 in T1, 551458 in T1, 551460 in T2, 441190 in T12 - Electives: 20.00 available credits from 500083, 551461, 551672 in T2",,,50,T2,Optional,5,BSC COMP SCI T2 L5 OPTS,551461,Mixed Reality Development,20,551461T22323,
UGCOMSMF,4,Taught,,2022,,Y,MS1MNG19,UGCOMS,MEng,Computer Science,2,2023/24,ST1A,Enrolment Block,2024-UGCOMSMF-4-2-ST1A,,2023-UGCOMSMF-4-2-ST1A,"Year=0 - Selections: 551462 in T12, 551457 in T1, 551458 in T1, 551460 in T2, 441190 in T12 - Electives: 20.00 available credits from 500083, 551461, 551672 in T2",,,60,,Compulsory,4,441190,441190,,0,No matching MAP,
UGCOMSMF,4,Taught,,2022,,Y,MS1MNG19,UGCOMS,MEng,Computer Science,3,2023/24,ST1A,Enrolment Block,2024-UGCOMSMF-4-3-ST1A,,2023-UGCOMSMF-4-3-ST1A,"Year=0 - Selections: 661987 in T1, 600093 in T2, 441190 in T12 - Electives: 40.00 available credits from 600091, 662004 in T12, 20.00 available credits from 661982, 661984, 662086 in T1, 20.00 available credits from 600100, 600089, 661985, 600086, 661987, 662253 in T2",,,10,T12,Elective - If chosen cannot condone or compenste,6,COMP SCI L6 T12 OPTS,600091,Honours Stage Project,40,60009112222,
UGCOMSMF,4,Taught,,2022,,Y,MS1MNG19,UGCOMS,MEng,Computer Science,3,2023/24,ST1A,Enrolment Block,2024-UGCOMSMF-4-3-ST1A,,2023-UGCOMSMF-4-3-ST1A,"Year=0 - Selections: 661987 in T1, 600093 in T2, 441190 in T12 - Electives: 40.00 available credits from 600091, 662004 in T12, 20.00 available credits from 661982, 661984, 662086 in T1, 20.00 available credits from 600100, 600089, 661985, 600086, 661987, 662253 in T2",,,10,T12,Elective - If chosen cannot condone or compenste,6,COMP SCI L6 T12 OPTS,662004,Communicating and Teaching Computing,40,6.62E+11,
UGCOMSMF,4,Taught,,2022,,Y,MS1MNG19,UGCOMS,MEng,Computer Science,3,2023/24,ST1A,Enrolment Block,2024-UGCOMSMF-4-3-ST1A,,2023-UGCOMSMF-4-3-ST1A,"Year=0 - Selections: 661987 in T1, 600093 in T2, 441190 in T12 - Electives: 40.00 available credits from 600091, 662004 in T12, 20.00 available credits from 661982, 661984, 662086 in T1, 20.00 available credits from 600100, 600089, 661985, 600086, 661987, 662253 in T2",,,20,T1,Compulsory,6,661987,661987,Data Analysis and Visualisation,20,661987T12222,
UGCOMSMF,4,Taught,,2022,,Y,MS1MNG19,UGCOMS,MEng,Computer Science,3,2023/24,ST1A,Enrolment Block,2024-UGCOMSMF-4-3-ST1A,,2023-UGCOMSMF-4-3-ST1A,"Year=0 - Selections: 661987 in T1, 600093 in T2, 441190 in T12 - Electives: 40.00 available credits from 600091, 662004 in T12, 20.00 available credits from 661982, 661984, 662086 in T1, 20.00 available credits from 600100, 600089, 661985, 600086, 661987, 662253 in T2",,,30,T1,Optional,6,COMP SCI L6 T1 OPTS,661982,Secure Digital Infrastructure,20,661982T12222,
UGCOMSMF,4,Taught,,2022,,Y,MS1MNG19,UGCOMS,MEng,Computer Science,3,2023/24,ST1A,Enrolment Block,2024-UGCOMSMF-4-3-ST1A,,2023-UGCOMSMF-4-3-ST1A,"Year=0 - Selections: 661987 in T1, 600093 in T2, 441190 in T12 - Electives: 40.00 available credits from 600091, 662004 in T12, 20.00 available credits from 661982, 661984, 662086 in T1, 20.00 available credits from 600100, 600089, 661985, 600086, 661987, 662253 in T2",,,30,T1,Optional,6,COMP SCI L6 T1 OPTS,661984,Digital Disruption and Innovation,20,661984T12222,
UGCOMSMF,4,Taught,,2022,,Y,MS1MNG19,UGCOMS,MEng,Computer Science,3,2023/24,ST1A,Enrolment Block,2024-UGCOMSMF-4-3-ST1A,,2023-UGCOMSMF-4-3-ST1A,"Year=0 - Selections: 661987 in T1, 600093 in T2, 441190 in T12 - Electives: 40.00 available credits from 600091, 662004 in T12, 20.00 available credits from 661982, 661984, 662086 in T1, 20.00 available credits from 600100, 600089, 661985, 600086, 661987, 662253 in T2",,,30,T1,Optional,6,COMP SCI L6 T1 OPTS,662086,Machine Learning,20,662086T12222,
UGCOMSMF,4,Taught,,2022,,Y,MS1MNG19,UGCOMS,MEng,Computer Science,3,2023/24,ST1A,Enrolment Block,2024-UGCOMSMF-4-3-ST1A,,2023-UGCOMSMF-4-3-ST1A,"Year=0 - Selections: 661987 in T1, 600093 in T2, 441190 in T12 - Electives: 40.00 available credits from 600091, 662004 in T12, 20.00 available credits from 661982, 661984, 662086 in T1, 20.00 available credits from 600100, 600089, 661985, 600086, 661987, 662253 in T2",,,40,,Optional,6,COMP SCI L6 T2 OPTS,661987,,20,No matching MAP,
UGCOMSMF,4,Taught,,2022,,Y,MS1MNG19,UGCOMS,MEng,Computer Science,3,2023/24,ST1A,Enrolment Block,2024-UGCOMSMF-4-3-ST1A,,2023-UGCOMSMF-4-3-ST1A,"Year=0 - Selections: 661987 in T1, 600093 in T2, 441190 in T12 - Electives: 40.00 available credits from 600091, 662004 in T12, 20.00 available credits from 661982, 661984, 662086 in T1, 20.00 available credits from 600100, 600089, 661985, 600086, 661987, 662253 in T2",,,40,,Optional,6,COMP SCI L6 T2 OPTS,662253,,20,No matching MAP,
UGCOMSMF,4,Taught,,2022,,Y,MS1MNG19,UGCOMS,MEng,Computer Science,3,2023/24,ST1A,Enrolment Block,2024-UGCOMSMF-4-3-ST1A,,2023-UGCOMSMF-4-3-ST1A,"Year=0 - Selections: 661987 in T1, 600093 in T2, 441190 in T12 - Electives: 40.00 available credits from 600091, 662004 in T12, 20.00 available credits from 661982, 661984, 662086 in T1, 20.00 available credits from 600100, 600089, 661985, 600086, 661987, 662253 in T2",,,40,T2,Optional,6,COMP SCI L6 T2 OPTS,600086,Parallel and Concurrent Programming,20,600086T22222,
UGCOMSMF,4,Taught,,2022,,Y,MS1MNG19,UGCOMS,MEng,Computer Science,3,2023/24,ST1A,Enrolment Block,2024-UGCOMSMF-4-3-ST1A,,2023-UGCOMSMF-4-3-ST1A,"Year=0 - Selections: 661987 in T1, 600093 in T2, 441190 in T12 - Electives: 40.00 available credits from 600091, 662004 in T12, 20.00 available credits from 661982, 661984, 662086 in T1, 20.00 available credits from 600100, 600089, 661985, 600086, 661987, 662253 in T2",,,40,T2,Optional,6,COMP SCI L6 T2 OPTS,600089,Distributed Systems Programming,20,600089T22323,
UGCOMSMF,4,Taught,,2022,,Y,MS1MNG19,UGCOMS,MEng,Computer Science,3,2023/24,ST1A,Enrolment Block,2024-UGCOMSMF-4-3-ST1A,,2023-UGCOMSMF-4-3-ST1A,"Year=0 - Selections: 661987 in T1, 600093 in T2, 441190 in T12 - Electives: 40.00 available credits from 600091, 662004 in T12, 20.00 available credits from 661982, 661984, 662086 in T1, 20.00 available credits from 600100, 600089, 661985, 600086, 661987, 662253 in T2",,,40,T2,Optional,6,COMP SCI L6 T2 OPTS,600100,Computer Vision,20,600100T2323,
UGCOMSMF,4,Taught,,2022,,Y,MS1MNG19,UGCOMS,MEng,Computer Science,3,2023/24,ST1A,Enrolment Block,2024-UGCOMSMF-4-3-ST1A,,2023-UGCOMSMF-4-3-ST1A,"Year=0 - Selections: 661987 in T1, 600093 in T2, 441190 in T12 - Electives: 40.00 available credits from 600091, 662004 in T12, 20.00 available credits from 661982, 661984, 662086 in T1, 20.00 available credits from 600100, 600089, 661985, 600086, 661987, 662253 in T2",,,40,T2,Optional,6,COMP SCI L6 T2 OPTS,661985,Safety Critical Systems,20,661985T22222,
UGCOMSMF,4,Taught,,2022,,Y,MS1MNG19,UGCOMS,MEng,Computer Science,3,2023/24,ST1A,Enrolment Block,2024-UGCOMSMF-4-3-ST1A,,2023-UGCOMSMF-4-3-ST1A,"Year=0 - Selections: 661987 in T1, 600093 in T2, 441190 in T12 - Electives: 40.00 available credits from 600091, 662004 in T12, 20.00 available credits from 661982, 661984, 662086 in T1, 20.00 available credits from 600100, 600089, 661985, 600086, 661987, 662253 in T2",,,50,T2,Compulsory,6,600093,600093,Computational Science,20,600093T22222,
UGCOMSMF,4,Taught,,2022,,Y,MS1MNG19,UGCOMS,MEng,Computer Science,3,2023/24,ST1A,Enrolment Block,2024-UGCOMSMF-4-3-ST1A,,2023-UGCOMSMF-4-3-ST1A,"Year=0 - Selections: 661987 in T1, 600093 in T2, 441190 in T12 - Electives: 40.00 available credits from 600091, 662004 in T12, 20.00 available credits from 661982, 661984, 662086 in T1, 20.00 available credits from 600100, 600089, 661985, 600086, 661987, 662253 in T2",,,60,,Compulsory,4,441190,441190,,0,No matching MAP,
UGCOMSMF,4,Taught,,2022,,Y,MS1MNG19,UGCOMS,MEng,Computer Science,M,2023/24,ST1A,Enrolment Block,2024-UGCOMSMF-4-M-ST1A,,2023-UGCOMSMF-4-M-ST1A,"Year=0 - Selections: 700118 in T12, 771861 in T1, 700109 in T2, 700100 in T2, 441190 in T12 - Electives: 20.00 available credits from 771866, 701026 in T1",,,10,T12,Core,7,700118,700118,Commercial Development Practice,40,700118T1222,
UGCOMSMF,4,Taught,,2022,,Y,MS1MNG19,UGCOMS,MEng,Computer Science,M,2023/24,ST1A,Enrolment Block,2024-UGCOMSMF-4-M-ST1A,,2023-UGCOMSMF-4-M-ST1A,"Year=0 - Selections: 700118 in T12, 771861 in T1, 700109 in T2, 700100 in T2, 441190 in T12 - Electives: 20.00 available credits from 771866, 701026 in T1",,,20,,Compulsory,7,771861,771861,,20,No matching MAP,
UGCOMSMF,4,Taught,,2022,,Y,MS1MNG19,UGCOMS,MEng,Computer Science,M,2023/24,ST1A,Enrolment Block,2024-UGCOMSMF-4-M-ST1A,,2023-UGCOMSMF-4-M-ST1A,"Year=0 - Selections: 700118 in T12, 771861 in T1, 700109 in T2, 700100 in T2, 441190 in T12 - Electives: 20.00 available credits from 771866, 701026 in T1",,,30,,Optional,7,COMP SCI L7 T1 OPTS,771866,,20,No matching MAP,
UGCOMSMF,4,Taught,,2022,,Y,MS1MNG19,UGCOMS,MEng,Computer Science,M,2023/24,ST1A,Enrolment Block,2024-UGCOMSMF-4-M-ST1A,,2023-UGCOMSMF-4-M-ST1A,"Year=0 - Selections: 700118 in T12, 771861 in T1, 700109 in T2, 700100 in T2, 441190 in T12 - Electives: 20.00 available credits from 771866, 701026 in T1",,,30,T1,Optional,7,COMP SCI L7 T1 OPTS,701026,Real-Time Dependable Systems,20,701026T12222,
UGCOMSMF,4,Taught,,2022,,Y,MS1MNG19,UGCOMS,MEng,Computer Science,M,2023/24,ST1A,Enrolment Block,2024-UGCOMSMF-4-M-ST1A,,2023-UGCOMSMF-4-M-ST1A,"Year=0 - Selections: 700118 in T12, 771861 in T1, 700109 in T2, 700100 in T2, 441190 in T12 - Electives: 20.00 available credits from 771866, 701026 in T1",,,40,T2,Compulsory,7,700109,700109,Advanced Computational Science,20,700109T22121,
UGCOMSMF,4,Taught,,2022,,Y,MS1MNG19,UGCOMS,MEng,Computer Science,M,2023/24,ST1A,Enrolment Block,2024-UGCOMSMF-4-M-ST1A,,2023-UGCOMSMF-4-M-ST1A,"Year=0 - Selections: 700118 in T12, 771861 in T1, 700109 in T2, 700100 in T2, 441190 in T12 - Electives: 20.00 available credits from 771866, 701026 in T1",,,50,T2,Compulsory,7,700100,700100,Trustworthy Computing,20,700100T22222,
UGCOMSMF,4,Taught,,2022,,Y,MS1MNG19,UGCOMS,MEng,Computer Science,M,2023/24,ST1A,Enrolment Block,2024-UGCOMSMF-4-M-ST1A,,2023-UGCOMSMF-4-M-ST1A,"Year=0 - Selections: 700118 in T12, 771861 in T1, 700109 in T2, 700100 in T2, 441190 in T12 - Electives: 20.00 available credits from 771866, 701026 in T1",,,60,,Compulsory,4,441190,441190,,0,No matching MAP,
UGCOMSMF,5,Taught,,,2018,,MS1MNG00,UGCOMS,MEng,Computer Science,1,2023/24,ST1A,Enrolment Block,,No Online diet for this VCO/CBO,,,No 2023* diet for this VCO/CBO,,,,,,,,,,No matching MAP,
UGCOMSMF,5,Taught,,,2018,,MS1MNG00,UGCOMS,MEng,Computer Science,2,2023/24,ST1A,Enrolment Block,,No Online diet for this VCO/CBO,,,No 2023* diet for this VCO/CBO,,,,,,,,,,No matching MAP,
UGCOMSMF,5,Taught,,,2018,,MS1MNG00,UGCOMS,MEng,Computer Science,3,2023/24,ST1A,Enrolment Block,,No Online diet for this VCO/CBO,,,No 2023* diet for this VCO/CBO,,,,,,,,,,No matching MAP,
UGCOMSMF,5,Taught,,,2018,,MS1MNG00,UGCOMS,MEng,Computer Science,M,2023/24,ST1A,Enrolment Block,,No Online diet for this VCO/CBO,,,No 2023* diet for this VCO/CBO,,,,,,,,,,No matching MAP,
UGCOMSMF,6,Taught,,,2020,,MS1MNG00,UGCSWG,MEng,Computer Science with Games Development,1,2023/24,ST1A,Enrolment Block,,No Online diet for this VCO/CBO,,,No 2023* diet for this VCO/CBO,,,,,,,,,,No matching MAP,
UGCOMSMF,6,Taught,,,2020,,MS1MNG00,UGCSWG,MEng,Computer Science with Games Development,2,2023/24,ST1A,Enrolment Block,,No Online diet for this VCO/CBO,,,No 2023* diet for this VCO/CBO,,,,,,,,,,No matching MAP,
UGCOMSMF,6,Taught,,,2020,,MS1MNG00,UGCSWG,MEng,Computer Science with Games Development,3,2023/24,ST1A,Enrolment Block,,No Online diet for this VCO/CBO,,,No 2023* diet for this VCO/CBO,,,,,,,,,,No matching MAP,
UGCOMSMF,6,Taught,,,2020,,MS1MNG00,UGCSWG,MEng,Computer Science with Games Development,M,2023/24,ST1A,Enrolment Block,,No Online diet for this VCO/CBO,,,No 2023* diet for this VCO/CBO,,,,,,,,,,No matching MAP,
UGCOMSMF,7,Taught,,2022,,Y,MS1MNG19,UGCSSE,MEng,Computer Science (Software Engineering),1,2023/24,ST1A,Enrolment Block,2024-UGCOMSMF-7-1-ST1A,,2023-UGCOMSMF-7-1-ST1A,"Year=0 - Selections: 441101 in T12, 441104 in T2, 441105 in T1, 441102 in T2, 441108 in T1, 441187 in T12, 441190 in T12",,,10,T12,Core,4,441101,441101,Programming Portfolio,40,441101T1&222,
UGCOMSMF,7,Taught,,2022,,Y,MS1MNG19,UGCSSE,MEng,Computer Science (Software Engineering),1,2023/24,ST1A,Enrolment Block,2024-UGCOMSMF-7-1-ST1A,,2023-UGCOMSMF-7-1-ST1A,"Year=0 - Selections: 441101 in T12, 441104 in T2, 441105 in T1, 441102 in T2, 441108 in T1, 441187 in T12, 441190 in T12",,,20,T2,Compulsory,4,441104,441104,Computational Thinking,20,441104T12222,
UGCOMSMF,7,Taught,,2022,,Y,MS1MNG19,UGCSSE,MEng,Computer Science (Software Engineering),1,2023/24,ST1A,Enrolment Block,2024-UGCOMSMF-7-1-ST1A,,2023-UGCOMSMF-7-1-ST1A,"Year=0 - Selections: 441101 in T12, 441104 in T2, 441105 in T1, 441102 in T2, 441108 in T1, 441187 in T12, 441190 in T12",,,30,T1,Compulsory,4,441105,441105,Algorithms and Data Structures,20,441105T12222,
UGCOMSMF,7,Taught,,2022,,Y,MS1MNG19,UGCSSE,MEng,Computer Science (Software Engineering),1,2023/24,ST1A,Enrolment Block,2024-UGCOMSMF-7-1-ST1A,,2023-UGCOMSMF-7-1-ST1A,"Year=0 - Selections: 441101 in T12, 441104 in T2, 441105 in T1, 441102 in T2, 441108 in T1, 441187 in T12, 441190 in T12",,,40,T2,Compulsory,4,441102,441102,"Architectures, Operating Systems and the Cloud",20,441102T22222,
UGCOMSMF,7,Taught,,2022,,Y,MS1MNG19,UGCSSE,MEng,Computer Science (Software Engineering),1,2023/24,ST1A,Enrolment Block,2024-UGCOMSMF-7-1-ST1A,,2023-UGCOMSMF-7-1-ST1A,"Year=0 - Selections: 441101 in T12, 441104 in T2, 441105 in T1, 441102 in T2, 441108 in T1, 441187 in T12, 441190 in T12",,,50,T1,Compulsory,4,441108,441108,Professional Development,20,441108T22222,
UGCOMSMF,7,Taught,,2022,,Y,MS1MNG19,UGCSSE,MEng,Computer Science (Software Engineering),1,2023/24,ST1A,Enrolment Block,2024-UGCOMSMF-7-1-ST1A,,2023-UGCOMSMF-7-1-ST1A,"Year=0 - Selections: 441101 in T12, 441104 in T2, 441105 in T1, 441102 in T2, 441108 in T1, 441187 in T12, 441190 in T12",,,60,T12,Compulsory,4,441187,441187,Computer Science PASS module,0,No matching MAP,
UGCOMSMF,7,Taught,,2022,,Y,MS1MNG19,UGCSSE,MEng,Computer Science (Software Engineering),1,2023/24,ST1A,Enrolment Block,2024-UGCOMSMF-7-1-ST1A,,2023-UGCOMSMF-7-1-ST1A,"Year=0 - Selections: 441101 in T12, 441104 in T2, 441105 in T1, 441102 in T2, 441108 in T1, 441187 in T12, 441190 in T12",,,70,,Compulsory,4,441190,441190,,0,No matching MAP,
UGCOMSMF,7,Taught,,2022,,Y,MS1MNG19,UGCSSE,MEng,Computer Science (Software Engineering),2,2023/24,ST1A,Enrolment Block,2024-UGCOMSMF-7-2-ST1A,,2023-UGCOMSMF-7-2-ST1A,"Year=0 - Selections: 551462 in T12, 551457 in T1, 551456 in T1, 551460 in T2, 441190 in T12 - Electives: 20.00 available credits from 500083, 551461 in T2",,,10,T12,Core,5,551462,551462,Design Develop Deploy,40,551462T1222,
UGCOMSMF,7,Taught,,2022,,Y,MS1MNG19,UGCSSE,MEng,Computer Science (Software Engineering),2,2023/24,ST1A,Enrolment Block,2024-UGCOMSMF-7-2-ST1A,,2023-UGCOMSMF-7-2-ST1A,"Year=0 - Selections: 551462 in T12, 551457 in T1, 551456 in T1, 551460 in T2, 441190 in T12 - Electives: 20.00 available credits from 500083, 551461 in T2",,,20,T1,Compulsory,5,551457,551457,Databases and Networks,20,551457T12222,
UGCOMSMF,7,Taught,,2022,,Y,MS1MNG19,UGCSSE,MEng,Computer Science (Software Engineering),2,2023/24,ST1A,Enrolment Block,2024-UGCOMSMF-7-2-ST1A,,2023-UGCOMSMF-7-2-ST1A,"Year=0 - Selections: 551462 in T12, 551457 in T1, 551456 in T1, 551460 in T2, 441190 in T12 - Electives: 20.00 available credits from 500083, 551461 in T2",,,30,T1,Compulsory,5,551456,551456,Software Engineering Design Patterns,20,551456T12323,
UGCOMSMF,7,Taught,,2022,,Y,MS1MNG19,UGCSSE,MEng,Computer Science (Software Engineering),2,2023/24,ST1A,Enrolment Block,2024-UGCOMSMF-7-2-ST1A,,2023-UGCOMSMF-7-2-ST1A,"Year=0 - Selections: 551462 in T12, 551457 in T1, 551456 in T1, 551460 in T2, 441190 in T12 - Electives: 20.00 available credits from 500083, 551461 in T2",,,40,T2,Compulsory,5,551460,551460,User Interfaces and Experience,20,551460T22222,
UGCOMSMF,7,Taught,,2022,,Y,MS1MNG19,UGCSSE,MEng,Computer Science (Software Engineering),2,2023/24,ST1A,Enrolment Block,2024-UGCOMSMF-7-2-ST1A,,2023-UGCOMSMF-7-2-ST1A,"Year=0 - Selections: 551462 in T12, 551457 in T1, 551456 in T1, 551460 in T2, 441190 in T12 - Electives: 20.00 available credits from 500083, 551461 in T2",,,50,T2,Optional,5,SOFTENG T2 L5 OPS,500083,Advanced Programming,20,500083T22222,
UGCOMSMF,7,Taught,,2022,,Y,MS1MNG19,UGCSSE,MEng,Computer Science (Software Engineering),2,2023/24,ST1A,Enrolment Block,2024-UGCOMSMF-7-2-ST1A,,2023-UGCOMSMF-7-2-ST1A,"Year=0 - Selections: 551462 in T12, 551457 in T1, 551456 in T1, 551460 in T2, 441190 in T12 - Electives: 20.00 available credits from 500083, 551461 in T2",,,50,T2,Optional,5,SOFTENG T2 L5 OPS,551461,Mixed Reality Development,20,551461T22323,
UGCOMSMF,7,Taught,,2022,,Y,MS1MNG19,UGCSSE,MEng,Computer Science (Software Engineering),2,2023/24,ST1A,Enrolment Block,2024-UGCOMSMF-7-2-ST1A,,2023-UGCOMSMF-7-2-ST1A,"Year=0 - Selections: 551462 in T12, 551457 in T1, 551456 in T1, 551460 in T2, 441190 in T12 - Electives: 20.00 available credits from 500083, 551461 in T2",,,60,,Compulsory,4,441190,441190,,0,No matching MAP,
UGCOMSMF,7,Taught,,2022,,Y,MS1MNG19,UGCSSE,MEng,Computer Science (Software Engineering),3,2023/24,ST1A,Enrolment Block,2024-UGCOMSMF-7-3-ST1A,,2023-UGCOMSMF-7-3-ST1A,"Year=0 - Selections: 661982 in T1, 661984 in T1, 600089 in T2, 661985 in T2, 441190 in T12 - Electives: 40.00 available credits from 600091, 662004 in T12",,,10,T12,Elective - If chosen cannot condone or compenste,6,SOFTENG T12 L6 OPS,600091,Honours Stage Project,40,60009112222,
UGCOMSMF,7,Taught,,2022,,Y,MS1MNG19,UGCSSE,MEng,Computer Science (Software Engineering),3,2023/24,ST1A,Enrolment Block,2024-UGCOMSMF-7-3-ST1A,,2023-UGCOMSMF-7-3-ST1A,"Year=0 - Selections: 661982 in T1, 661984 in T1, 600089 in T2, 661985 in T2, 441190 in T12 - Electives: 40.00 available credits from 600091, 662004 in T12",,,10,T12,Elective - If chosen cannot condone or compenste,6,SOFTENG T12 L6 OPS,662004,Communicating and Teaching Computing,40,6.62E+11,
UGCOMSMF,7,Taught,,2022,,Y,MS1MNG19,UGCSSE,MEng,Computer Science (Software Engineering),3,2023/24,ST1A,Enrolment Block,2024-UGCOMSMF-7-3-ST1A,,2023-UGCOMSMF-7-3-ST1A,"Year=0 - Selections: 661982 in T1, 661984 in T1, 600089 in T2, 661985 in T2, 441190 in T12 - Electives: 40.00 available credits from 600091, 662004 in T12",,,20,T1,Compulsory,6,661982,661982,Secure Digital Infrastructure,20,661982T12222,
UGCOMSMF,7,Taught,,2022,,Y,MS1MNG19,UGCSSE,MEng,Computer Science (Software Engineering),3,2023/24,ST1A,Enrolment Block,2024-UGCOMSMF-7-3-ST1A,,2023-UGCOMSMF-7-3-ST1A,"Year=0 - Selections: 661982 in T1, 661984 in T1, 600089 in T2, 661985 in T2, 441190 in T12 - Electives: 40.00 available credits from 600091, 662004 in T12",,,30,T1,Compulsory,6,661984,661984,Digital Disruption and Innovation,20,661984T12222,
UGCOMSMF,7,Taught,,2022,,Y,MS1MNG19,UGCSSE,MEng,Computer Science (Software Engineering),3,2023/24,ST1A,Enrolment Block,2024-UGCOMSMF-7-3-ST1A,,2023-UGCOMSMF-7-3-ST1A,"Year=0 - Selections: 661982 in T1, 661984 in T1, 600089 in T2, 661985 in T2, 441190 in T12 - Electives: 40.00 available credits from 600091, 662004 in T12",,,40,T2,Compulsory,6,600089,600089,Distributed Systems Programming,20,600089T22323,
UGCOMSMF,7,Taught,,2022,,Y,MS1MNG19,UGCSSE,MEng,Computer Science (Software Engineering),3,2023/24,ST1A,Enrolment Block,2024-UGCOMSMF-7-3-ST1A,,2023-UGCOMSMF-7-3-ST1A,"Year=0 - Selections: 661982 in T1, 661984 in T1, 600089 in T2, 661985 in T2, 441190 in T12 - Electives: 40.00 available credits from 600091, 662004 in T12",,,50,T2,Compulsory,6,661985,661985,Safety Critical Systems,20,661985T22222,
UGCOMSMF,7,Taught,,2022,,Y,MS1MNG19,UGCSSE,MEng,Computer Science (Software Engineering),3,2023/24,ST1A,Enrolment Block,2024-UGCOMSMF-7-3-ST1A,,2023-UGCOMSMF-7-3-ST1A,"Year=0 - Selections: 661982 in T1, 661984 in T1, 600089 in T2, 661985 in T2, 441190 in T12 - Electives: 40.00 available credits from 600091, 662004 in T12",,,60,,Compulsory,4,441190,441190,,0,No matching MAP,
UGCOMSMF,7,Taught,,2022,,Y,MS1MNG19,UGCSSE,MEng,Computer Science (Software Engineering),M,2023/24,ST1A,Enrolment Block,2024-UGCOMSMF-7-M-ST1A,,2023-UGCOMSMF-7-M-ST1A,"Year=0 - Selections: 700118 in T12, 771866 in T1, 701026 in T1, 700100 in T2, 771862 in T2, 441190 in T12",,,10,T12,Core,7,700118,700118,Commercial Development Practice,40,700118T1222,
UGCOMSMF,7,Taught,,2022,,Y,MS1MNG19,UGCSSE,MEng,Computer Science (Software Engineering),M,2023/24,ST1A,Enrolment Block,2024-UGCOMSMF-7-M-ST1A,,2023-UGCOMSMF-7-M-ST1A,"Year=0 - Selections: 700118 in T12, 771866 in T1, 701026 in T1, 700100 in T2, 771862 in T2, 441190 in T12",,,20,,Compulsory,7,771866,771866,,20,No matching MAP,
UGCOMSMF,7,Taught,,2022,,Y,MS1MNG19,UGCSSE,MEng,Computer Science (Software Engineering),M,2023/24,ST1A,Enrolment Block,2024-UGCOMSMF-7-M-ST1A,,2023-UGCOMSMF-7-M-ST1A,"Year=0 - Selections: 700118 in T12, 771866 in T1, 701026 in T1, 700100 in T2, 771862 in T2, 441190 in T12",,,30,T1,Compulsory,7,701026,701026,Real-Time Dependable Systems,20,701026T12222,
UGCOMSMF,7,Taught,,2022,,Y,MS1MNG19,UGCSSE,MEng,Computer Science (Software Engineering),M,2023/24,ST1A,Enrolment Block,2024-UGCOMSMF-7-M-ST1A,,2023-UGCOMSMF-7-M-ST1A,"Year=0 - Selections: 700118 in T12, 771866 in T1, 701026 in T1, 700100 in T2, 771862 in T2, 441190 in T12",,,40,T2,Compulsory,7,700100,700100,Trustworthy Computing,20,700100T22222,
UGCOMSMF,7,Taught,,2022,,Y,MS1MNG19,UGCSSE,MEng,Computer Science (Software Engineering),M,2023/24,ST1A,Enrolment Block,2024-UGCOMSMF-7-M-ST1A,,2023-UGCOMSMF-7-M-ST1A,"Year=0 - Selections: 700118 in T12, 771866 in T1, 701026 in T1, 700100 in T2, 771862 in T2, 441190 in T12",,,50,,Compulsory,7,771862,771862,,20,No matching MAP,
UGCOMSMF,7,Taught,,2022,,Y,MS1MNG19,UGCSSE,MEng,Computer Science (Software Engineering),M,2023/24,ST1A,Enrolment Block,2024-UGCOMSMF-7-M-ST1A,,2023-UGCOMSMF-7-M-ST1A,"Year=0 - Selections: 700118 in T12, 771866 in T1, 701026 in T1, 700100 in T2, 771862 in T2, 441190 in T12",,,60,,Compulsory,4,441190,441190,,0,No matching MAP,
UGCOMSMF,9,Taught,,2022,,Y,MS2MNG19,UGCOCS,MEng,Computing (Computer Science),1,2023/24,ST1A,Enrolment Block,2024-UGCOMSMF-9-1-ST1A,,2023-UGCOMSMF-9-1-ST1A,,,,10,T12,Core,4,441101,441101,Programming Portfolio,40,441101T1&222,
UGCOMSMF,9,Taught,,2022,,Y,MS2MNG19,UGCOCS,MEng,Computing (Computer Science),1,2023/24,ST1A,Enrolment Block,2024-UGCOMSMF-9-1-ST1A,,2023-UGCOMSMF-9-1-ST1A,,,,20,T2,Compulsory,4,441104,441104,Computational Thinking,20,441104T12222,
UGCOMSMF,9,Taught,,2022,,Y,MS2MNG19,UGCOCS,MEng,Computing (Computer Science),1,2023/24,ST1A,Enrolment Block,2024-UGCOMSMF-9-1-ST1A,,2023-UGCOMSMF-9-1-ST1A,,,,30,T1,Compulsory,4,441105,441105,Algorithms and Data Structures,20,441105T12222,
UGCOMSMF,9,Taught,,2022,,Y,MS2MNG19,UGCOCS,MEng,Computing (Computer Science),1,2023/24,ST1A,Enrolment Block,2024-UGCOMSMF-9-1-ST1A,,2023-UGCOMSMF-9-1-ST1A,,,,40,T2,Compulsory,4,441102,441102,"Architectures, Operating Systems and the Cloud",20,441102T22222,
UGCOMSMF,9,Taught,,2022,,Y,MS2MNG19,UGCOCS,MEng,Computing (Computer Science),1,2023/24,ST1A,Enrolment Block,2024-UGCOMSMF-9-1-ST1A,,2023-UGCOMSMF-9-1-ST1A,,,,50,T1,Compulsory,4,441108,441108,Professional Development,20,441108T22222,
UGCOMSMF,9,Taught,,2022,,Y,MS2MNG19,UGCOCS,MEng,Computing (Computer Science),2,2023/24,ST1A,Enrolment Block,2024-UGCOMSMF-9-2-ST1A,,2023-UGCOMSMF-9-2-ST1A,"Year=0 - Selections: 551462 in T12, 551457 in T1, 551458 in T1, 551460 in T2, 441190 in T12 - Electives: 20.00 available credits from 500083, 551461, 551672 in T2",,,10,T12,Core,5,551462,551462,Design Develop Deploy,40,551462T1222,
UGCOMSMF,9,Taught,,2022,,Y,MS2MNG19,UGCOCS,MEng,Computing (Computer Science),2,2023/24,ST1A,Enrolment Block,2024-UGCOMSMF-9-2-ST1A,,2023-UGCOMSMF-9-2-ST1A,"Year=0 - Selections: 551462 in T12, 551457 in T1, 551458 in T1, 551460 in T2, 441190 in T12 - Electives: 20.00 available credits from 500083, 551461, 551672 in T2",,,20,T1,Compulsory,5,551457,551457,Databases and Networks,20,551457T12222,
UGCOMSMF,9,Taught,,2022,,Y,MS2MNG19,UGCOCS,MEng,Computing (Computer Science),2,2023/24,ST1A,Enrolment Block,2024-UGCOMSMF-9-2-ST1A,,2023-UGCOMSMF-9-2-ST1A,"Year=0 - Selections: 551462 in T12, 551457 in T1, 551458 in T1, 551460 in T2, 441190 in T12 - Electives: 20.00 available credits from 500083, 551461, 551672 in T2",,,30,T1,Compulsory,5,551458,551458,Artificial Intelligence,20,551458T12222,
UGCOMSMF,9,Taught,,2022,,Y,MS2MNG19,UGCOCS,MEng,Computing (Computer Science),2,2023/24,ST1A,Enrolment Block,2024-UGCOMSMF-9-2-ST1A,,2023-UGCOMSMF-9-2-ST1A,"Year=0 - Selections: 551462 in T12, 551457 in T1, 551458 in T1, 551460 in T2, 441190 in T12 - Electives: 20.00 available credits from 500083, 551461, 551672 in T2",,,40,T2,Compulsory,5,551460,551460,User Interfaces and Experience,20,551460T22222,
UGCOMSMF,9,Taught,,2022,,Y,MS2MNG19,UGCOCS,MEng,Computing (Computer Science),2,2023/24,ST1A,Enrolment Block,2024-UGCOMSMF-9-2-ST1A,,2023-UGCOMSMF-9-2-ST1A,"Year=0 - Selections: 551462 in T12, 551457 in T1, 551458 in T1, 551460 in T2, 441190 in T12 - Electives: 20.00 available credits from 500083, 551461, 551672 in T2",,,50,,Optional,5,BSC COMP SCI T2 L5 OPTS,551672,,20,No matching MAP,
UGCOMSMF,9,Taught,,2022,,Y,MS2MNG19,UGCOCS,MEng,Computing (Computer Science),2,2023/24,ST1A,Enrolment Block,2024-UGCOMSMF-9-2-ST1A,,2023-UGCOMSMF-9-2-ST1A,"Year=0 - Selections: 551462 in T12, 551457 in T1, 551458 in T1, 551460 in T2, 441190 in T12 - Electives: 20.00 available credits from 500083, 551461, 551672 in T2",,,50,T2,Optional,5,BSC COMP SCI T2 L5 OPTS,500083,Advanced Programming,20,500083T22222,
UGCOMSMF,9,Taught,,2022,,Y,MS2MNG19,UGCOCS,MEng,Computing (Computer Science),2,2023/24,ST1A,Enrolment Block,2024-UGCOMSMF-9-2-ST1A,,2023-UGCOMSMF-9-2-ST1A,"Year=0 - Selections: 551462 in T12, 551457 in T1, 551458 in T1, 551460 in T2, 441190 in T12 - Electives: 20.00 available credits from 500083, 551461, 551672 in T2",,,50,T2,Optional,5,BSC COMP SCI T2 L5 OPTS,551461,Mixed Reality Development,20,551461T22323,
UGCOMSMF,9,Taught,,2022,,Y,MS2MNG19,UGCOCS,MEng,Computing (Computer Science),2,2023/24,ST1A,Enrolment Block,2024-UGCOMSMF-9-2-ST1A,,2023-UGCOMSMF-9-2-ST1A,"Year=0 - Selections: 551462 in T12, 551457 in T1, 551458 in T1, 551460 in T2, 441190 in T12 - Electives: 20.00 available credits from 500083, 551461, 551672 in T2",,,60,,Compulsory,4,441190,441190,,0,No matching MAP,
UGCOMSMF,9,Taught,,2022,,Y,MS2MNG19,UGCOCS,MEng,Computing (Computer Science),3,2023/24,ST1A,Enrolment Block,2024-UGCOMSMF-9-3-ST1A,,2023-UGCOMSMF-9-3-ST1A,"Year=0 - Selections: 661987 in T1, 600093 in T2, 441190 in T12 - Electives: 40.00 available credits from 600091, 662004 in T12, 20.00 available credits from 661982, 661984, 662086 in T1, 20.00 available credits from 600100, 600089, 661985, 600086, 661987, 662253 in T2",,,10,T12,Elective - If chosen cannot condone or compenste,6,COMP SCI L6 T12 OPTS,600091,Honours Stage Project,40,60009112222,
UGCOMSMF,9,Taught,,2022,,Y,MS2MNG19,UGCOCS,MEng,Computing (Computer Science),3,2023/24,ST1A,Enrolment Block,2024-UGCOMSMF-9-3-ST1A,,2023-UGCOMSMF-9-3-ST1A,"Year=0 - Selections: 661987 in T1, 600093 in T2, 441190 in T12 - Electives: 40.00 available credits from 600091, 662004 in T12, 20.00 available credits from 661982, 661984, 662086 in T1, 20.00 available credits from 600100, 600089, 661985, 600086, 661987, 662253 in T2",,,10,T12,Elective - If chosen cannot condone or compenste,6,COMP SCI L6 T12 OPTS,662004,Communicating and Teaching Computing,40,6.62E+11,
UGCOMSMF,9,Taught,,2022,,Y,MS2MNG19,UGCOCS,MEng,Computing (Computer Science),3,2023/24,ST1A,Enrolment Block,2024-UGCOMSMF-9-3-ST1A,,2023-UGCOMSMF-9-3-ST1A,"Year=0 - Selections: 661987 in T1, 600093 in T2, 441190 in T12 - Electives: 40.00 available credits from 600091, 662004 in T12, 20.00 available credits from 661982, 661984, 662086 in T1, 20.00 available credits from 600100, 600089, 661985, 600086, 661987, 662253 in T2",,,20,T1,Compulsory,6,661987,661987,Data Analysis and Visualisation,20,661987T12222,
UGCOMSMF,9,Taught,,2022,,Y,MS2MNG19,UGCOCS,MEng,Computing (Computer Science),3,2023/24,ST1A,Enrolment Block,2024-UGCOMSMF-9-3-ST1A,,2023-UGCOMSMF-9-3-ST1A,"Year=0 - Selections: 661987 in T1, 600093 in T2, 441190 in T12 - Electives: 40.00 available credits from 600091, 662004 in T12, 20.00 available credits from 661982, 661984, 662086 in T1, 20.00 available credits from 600100, 600089, 661985, 600086, 661987, 662253 in T2",,,30,T1,Optional,6,COMP SCI L6 T1 OPTS,661982,Secure Digital Infrastructure,20,661982T12222,
UGCOMSMF,9,Taught,,2022,,Y,MS2MNG19,UGCOCS,MEng,Computing (Computer Science),3,2023/24,ST1A,Enrolment Block,2024-UGCOMSMF-9-3-ST1A,,2023-UGCOMSMF-9-3-ST1A,"Year=0 - Selections: 661987 in T1, 600093 in T2, 441190 in T12 - Electives: 40.00 available credits from 600091, 662004 in T12, 20.00 available credits from 661982, 661984, 662086 in T1, 20.00 available credits from 600100, 600089, 661985, 600086, 661987, 662253 in T2",,,30,T1,Optional,6,COMP SCI L6 T1 OPTS,661984,Digital Disruption and Innovation,20,661984T12222,
UGCOMSMF,9,Taught,,2022,,Y,MS2MNG19,UGCOCS,MEng,Computing (Computer Science),3,2023/24,ST1A,Enrolment Block,2024-UGCOMSMF-9-3-ST1A,,2023-UGCOMSMF-9-3-ST1A,"Year=0 - Selections: 661987 in T1, 600093 in T2, 441190 in T12 - Electives: 40.00 available credits from 600091, 662004 in T12, 20.00 available credits from 661982, 661984, 662086 in T1, 20.00 available credits from 600100, 600089, 661985, 600086, 661987, 662253 in T2",,,30,T1,Optional,6,COMP SCI L6 T1 OPTS,662086,Machine Learning,20,662086T12222,
UGCOMSMF,9,Taught,,2022,,Y,MS2MNG19,UGCOCS,MEng,Computing (Computer Science),3,2023/24,ST1A,Enrolment Block,2024-UGCOMSMF-9-3-ST1A,,2023-UGCOMSMF-9-3-ST1A,"Year=0 - Selections: 661987 in T1, 600093 in T2, 441190 in T12 - Electives: 40.00 available credits from 600091, 662004 in T12, 20.00 available credits from 661982, 661984, 662086 in T1, 20.00 available credits from 600100, 600089, 661985, 600086, 661987, 662253 in T2",,,40,,Optional,6,COMP SCI L6 T2 OPTS,661987,,20,No matching MAP,
UGCOMSMF,9,Taught,,2022,,Y,MS2MNG19,UGCOCS,MEng,Computing (Computer Science),3,2023/24,ST1A,Enrolment Block,2024-UGCOMSMF-9-3-ST1A,,2023-UGCOMSMF-9-3-ST1A,"Year=0 - Selections: 661987 in T1, 600093 in T2, 441190 in T12 - Electives: 40.00 available credits from 600091, 662004 in T12, 20.00 available credits from 661982, 661984, 662086 in T1, 20.00 available credits from 600100, 600089, 661985, 600086, 661987, 662253 in T2",,,40,,Optional,6,COMP SCI L6 T2 OPTS,662253,,20,No matching MAP,
UGCOMSMF,9,Taught,,2022,,Y,MS2MNG19,UGCOCS,MEng,Computing (Computer Science),3,2023/24,ST1A,Enrolment Block,2024-UGCOMSMF-9-3-ST1A,,2023-UGCOMSMF-9-3-ST1A,"Year=0 - Selections: 661987 in T1, 600093 in T2, 441190 in T12 - Electives: 40.00 available credits from 600091, 662004 in T12, 20.00 available credits from 661982, 661984, 662086 in T1, 20.00 available credits from 600100, 600089, 661985, 600086, 661987, 662253 in T2",,,40,T2,Optional,6,COMP SCI L6 T2 OPTS,600086,Parallel and Concurrent Programming,20,600086T22222,
UGCOMSMF,9,Taught,,2022,,Y,MS2MNG19,UGCOCS,MEng,Computing (Computer Science),3,2023/24,ST1A,Enrolment Block,2024-UGCOMSMF-9-3-ST1A,,2023-UGCOMSMF-9-3-ST1A,"Year=0 - Selections: 661987 in T1, 600093 in T2, 441190 in T12 - Electives: 40.00 available credits from 600091, 662004 in T12, 20.00 available credits from 661982, 661984, 662086 in T1, 20.00 available credits from 600100, 600089, 661985, 600086, 661987, 662253 in T2",,,40,T2,Optional,6,COMP SCI L6 T2 OPTS,600089,Distributed Systems Programming,20,600089T22323,
UGCOMSMF,9,Taught,,2022,,Y,MS2MNG19,UGCOCS,MEng,Computing (Computer Science),3,2023/24,ST1A,Enrolment Block,2024-UGCOMSMF-9-3-ST1A,,2023-UGCOMSMF-9-3-ST1A,"Year=0 - Selections: 661987 in T1, 600093 in T2, 441190 in T12 - Electives: 40.00 available credits from 600091, 662004 in T12, 20.00 available credits from 661982, 661984, 662086 in T1, 20.00 available credits from 600100, 600089, 661985, 600086, 661987, 662253 in T2",,,40,T2,Optional,6,COMP SCI L6 T2 OPTS,600100,Computer Vision,20,600100T2323,
UGCOMSMF,9,Taught,,2022,,Y,MS2MNG19,UGCOCS,MEng,Computing (Computer Science),3,2023/24,ST1A,Enrolment Block,2024-UGCOMSMF-9-3-ST1A,,2023-UGCOMSMF-9-3-ST1A,"Year=0 - Selections: 661987 in T1, 600093 in T2, 441190 in T12 - Electives: 40.00 available credits from 600091, 662004 in T12, 20.00 available credits from 661982, 661984, 662086 in T1, 20.00 available credits from 600100, 600089, 661985, 600086, 661987, 662253 in T2",,,40,T2,Optional,6,COMP SCI L6 T2 OPTS,661985,Safety Critical Systems,20,661985T22222,
UGCOMSMF,9,Taught,,2022,,Y,MS2MNG19,UGCOCS,MEng,Computing (Computer Science),3,2023/24,ST1A,Enrolment Block,2024-UGCOMSMF-9-3-ST1A,,2023-UGCOMSMF-9-3-ST1A,"Year=0 - Selections: 661987 in T1, 600093 in T2, 441190 in T12 - Electives: 40.00 available credits from 600091, 662004 in T12, 20.00 available credits from 661982, 661984, 662086 in T1, 20.00 available credits from 600100, 600089, 661985, 600086, 661987, 662253 in T2",,,50,T2,Compulsory,6,600093,600093,Computational Science,20,600093T22222,
UGCOMSMF,9,Taught,,2022,,Y,MS2MNG19,UGCOCS,MEng,Computing (Computer Science),3,2023/24,ST1A,Enrolment Block,2024-UGCOMSMF-9-3-ST1A,,2023-UGCOMSMF-9-3-ST1A,"Year=0 - Selections: 661987 in T1, 600093 in T2, 441190 in T12 - Electives: 40.00 available credits from 600091, 662004 in T12, 20.00 available credits from 661982, 661984, 662086 in T1, 20.00 available credits from 600100, 600089, 661985, 600086, 661987, 662253 in T2",,,60,,Compulsory,4,441190,441190,,0,No matching MAP,
UGCOMSMF,9,Taught,,2022,,Y,MS2MNG19,UGCOCS,MEng,Computing (Computer Science),M,2023/24,ST1A,Enrolment Block,2024-UGCOMSMF-9-M-ST1A,,2023-UGCOMSMF-9-M-ST1A,"Year=0 - Selections: 700118 in T12, 771861 in T1, 700109 in T2, 700100 in T2, 441190 in T12 - Electives: 20.00 available credits from 771866, 701026 in T1",,,10,T12,Core,7,700118,700118,Commercial Development Practice,40,700118T1222,
UGCOMSMF,9,Taught,,2022,,Y,MS2MNG19,UGCOCS,MEng,Computing (Computer Science),M,2023/24,ST1A,Enrolment Block,2024-UGCOMSMF-9-M-ST1A,,2023-UGCOMSMF-9-M-ST1A,"Year=0 - Selections: 700118 in T12, 771861 in T1, 700109 in T2, 700100 in T2, 441190 in T12 - Electives: 20.00 available credits from 771866, 701026 in T1",,,20,,Compulsory,7,771861,771861,,20,No matching MAP,
UGCOMSMF,9,Taught,,2022,,Y,MS2MNG19,UGCOCS,MEng,Computing (Computer Science),M,2023/24,ST1A,Enrolment Block,2024-UGCOMSMF-9-M-ST1A,,2023-UGCOMSMF-9-M-ST1A,"Year=0 - Selections: 700118 in T12, 771861 in T1, 700109 in T2, 700100 in T2, 441190 in T12 - Electives: 20.00 available credits from 771866, 701026 in T1",,,30,,Optional,7,COMP SCI L7 T1 OPTS,771866,,20,No matching MAP,
UGCOMSMF,9,Taught,,2022,,Y,MS2MNG19,UGCOCS,MEng,Computing (Computer Science),M,2023/24,ST1A,Enrolment Block,2024-UGCOMSMF-9-M-ST1A,,2023-UGCOMSMF-9-M-ST1A,"Year=0 - Selections: 700118 in T12, 771861 in T1, 700109 in T2, 700100 in T2, 441190 in T12 - Electives: 20.00 available credits from 771866, 701026 in T1",,,30,T1,Optional,7,COMP SCI L7 T1 OPTS,701026,Real-Time Dependable Systems,20,701026T12222,
UGCOMSMF,9,Taught,,2022,,Y,MS2MNG19,UGCOCS,MEng,Computing (Computer Science),M,2023/24,ST1A,Enrolment Block,2024-UGCOMSMF-9-M-ST1A,,2023-UGCOMSMF-9-M-ST1A,"Year=0 - Selections: 700118 in T12, 771861 in T1, 700109 in T2, 700100 in T2, 441190 in T12 - Electives: 20.00 available credits from 771866, 701026 in T1",,,40,T2,Compulsory,7,700109,700109,Advanced Computational Science,20,700109T22121,
UGCOMSMF,9,Taught,,2022,,Y,MS2MNG19,UGCOCS,MEng,Computing (Computer Science),M,2023/24,ST1A,Enrolment Block,2024-UGCOMSMF-9-M-ST1A,,2023-UGCOMSMF-9-M-ST1A,"Year=0 - Selections: 700118 in T12, 771861 in T1, 700109 in T2, 700100 in T2, 441190 in T12 - Electives: 20.00 available credits from 771866, 701026 in T1",,,50,T2,Compulsory,7,700100,700100,Trustworthy Computing,20,700100T22222,
UGCOMSMF,9,Taught,,2022,,Y,MS2MNG19,UGCOCS,MEng,Computing (Computer Science),M,2023/24,ST1A,Enrolment Block,2024-UGCOMSMF-9-M-ST1A,,2023-UGCOMSMF-9-M-ST1A,"Year=0 - Selections: 700118 in T12, 771861 in T1, 700109 in T2, 700100 in T2, 441190 in T12 - Electives: 20.00 available credits from 771866, 701026 in T1",,,60,,Compulsory,4,441190,441190,,0,No matching MAP,
UGCOMSPF,1,Taught,,,2020,N,US1CMP16,UGCSES,BSc,Computer Science (Embedded Systems) with Industrial Experience,1,2023/24,ST1A,Enrolment Block,,No Online diet for this VCO/CBO,,,No 2023* diet for this VCO/CBO,,,,,,,,,,No matching MAP,
UGCOMSPF,1,Taught,,,2020,N,US1CMP16,UGCSES,BSc,Computer Science (Embedded Systems) with Industrial Experience,2,2023/24,ST1A,Enrolment Block,,No Online diet for this VCO/CBO,,,No 2023* diet for this VCO/CBO,,,,,,,,,,No matching MAP,
UGCOMSPF,1,Taught,,,2020,N,US1CMP16,UGCSES,BSc,Computer Science (Embedded Systems) with Industrial Experience,3,2023/24,ST1A,Enrolment Block,,No Online diet for this VCO/CBO,,,No 2023* diet for this VCO/CBO,,,,,,,,,,No matching MAP,
UGCOMSPF,1,Taught,,,2020,N,US1CMP16,UGCSES,BSc,Computer Science (Embedded Systems) with Industrial Experience,P,2023/24,ST1A,Enrolment Block,,No Online diet for this VCO/CBO,,,No 2023* diet for this VCO/CBO,,,,,,,,,,No matching MAP,
UGCOMSPF,10,Taught,,2023,,Y,US1CMP19,UGCSAI,BSc,Computer Science (Artificial Intelligence) with Industrial Placement,1,2023/24,ST1A,Enrolment Block,2024-UGCOMSPF-10-1-ST1A,,2023-UGCOMSPF-10-1-ST1A,"Year=0 - Selections: 441101 in T12, 441104 in T2, 441105 in T1, 441102 in T2, 441108 in T1, 441187 in T12, 441190 in T12",,,10,T12,Core,4,441101,441101,Programming Portfolio,40,441101T1&222,
UGCOMSPF,10,Taught,,2023,,Y,US1CMP19,UGCSAI,BSc,Computer Science (Artificial Intelligence) with Industrial Placement,1,2023/24,ST1A,Enrolment Block,2024-UGCOMSPF-10-1-ST1A,,2023-UGCOMSPF-10-1-ST1A,"Year=0 - Selections: 441101 in T12, 441104 in T2, 441105 in T1, 441102 in T2, 441108 in T1, 441187 in T12, 441190 in T12",,,20,T2,Compulsory,4,441104,441104,Computational Thinking,20,441104T12222,
UGCOMSPF,10,Taught,,2023,,Y,US1CMP19,UGCSAI,BSc,Computer Science (Artificial Intelligence) with Industrial Placement,1,2023/24,ST1A,Enrolment Block,2024-UGCOMSPF-10-1-ST1A,,2023-UGCOMSPF-10-1-ST1A,"Year=0 - Selections: 441101 in T12, 441104 in T2, 441105 in T1, 441102 in T2, 441108 in T1, 441187 in T12, 441190 in T12",,,30,T1,Compulsory,4,441105,441105,Algorithms and Data Structures,20,441105T12222,
UGCOMSPF,10,Taught,,2023,,Y,US1CMP19,UGCSAI,BSc,Computer Science (Artificial Intelligence) with Industrial Placement,1,2023/24,ST1A,Enrolment Block,2024-UGCOMSPF-10-1-ST1A,,2023-UGCOMSPF-10-1-ST1A,"Year=0 - Selections: 441101 in T12, 441104 in T2, 441105 in T1, 441102 in T2, 441108 in T1, 441187 in T12, 441190 in T12",,,40,T2,Compulsory,4,441102,441102,"Architectures, Operating Systems and the Cloud",20,441102T22222,
UGCOMSPF,10,Taught,,2023,,Y,US1CMP19,UGCSAI,BSc,Computer Science (Artificial Intelligence) with Industrial Placement,1,2023/24,ST1A,Enrolment Block,2024-UGCOMSPF-10-1-ST1A,,2023-UGCOMSPF-10-1-ST1A,"Year=0 - Selections: 441101 in T12, 441104 in T2, 441105 in T1, 441102 in T2, 441108 in T1, 441187 in T12, 441190 in T12",,,50,T1,Compulsory,4,441108,441108,Professional Development,20,441108T22222,
UGCOMSPF,10,Taught,,2023,,Y,US1CMP19,UGCSAI,BSc,Computer Science (Artificial Intelligence) with Industrial Placement,1,2023/24,ST1A,Enrolment Block,2024-UGCOMSPF-10-1-ST1A,,2023-UGCOMSPF-10-1-ST1A,"Year=0 - Selections: 441101 in T12, 441104 in T2, 441105 in T1, 441102 in T2, 441108 in T1, 441187 in T12, 441190 in T12",,,60,T12,Compulsory,4,441187,441187,Computer Science PASS module,0,No matching MAP,
UGCOMSPF,10,Taught,,2023,,Y,US1CMP19,UGCSAI,BSc,Computer Science (Artificial Intelligence) with Industrial Placement,1,2023/24,ST1A,Enrolment Block,2024-UGCOMSPF-10-1-ST1A,,2023-UGCOMSPF-10-1-ST1A,"Year=0 - Selections: 441101 in T12, 441104 in T2, 441105 in T1, 441102 in T2, 441108 in T1, 441187 in T12, 441190 in T12",,,70,,Compulsory,4,441190,441190,,0,No matching MAP,
UGCOMSPF,10,Taught,,2023,,Y,US1CMP19,UGCSAI,BSc,Computer Science (Artificial Intelligence) with Industrial Placement,2,2023/24,ST1A,Enrolment Block,2024-UGCOMSPF-10-2-STIA,,,,No 2023* diet for this VCO/CBO,,,,,,,,,,No matching MAP,
UGCOMSPF,10,Taught,,2023,,Y,US1CMP19,UGCSAI,BSc,Computer Science (Artificial Intelligence) with Industrial Placement,3,2023/24,ST1A,Enrolment Block,,No Online diet for this VCO/CBO,,,No 2023* diet for this VCO/CBO,,,,,,,,,,No matching MAP,
UGCOMSPF,10,Taught,,2023,,Y,US1CMP19,UGCSAI,BSc,Computer Science (Artificial Intelligence) with Industrial Placement,P,2023/24,ST1A,Enrolment Block,,No Online diet for this VCO/CBO,,,No 2023* diet for this VCO/CBO,,,,,,,,,,No matching MAP,
UGCOMSPF,11,Taught,,2023,,Y,US2CMP19,UGCOAI,BSc,Computing (Artificial Intelligence) with Industrial Placement,1,2023/24,ST1A,Enrolment Block,2024-UGCOMSPF-11-1-ST1A,,2023-UGCOMSPF-11-1-ST1A,,,,10,T12,Core,4,441101,441101,Programming Portfolio,40,441101T1&222,
UGCOMSPF,11,Taught,,2023,,Y,US2CMP19,UGCOAI,BSc,Computing (Artificial Intelligence) with Industrial Placement,1,2023/24,ST1A,Enrolment Block,2024-UGCOMSPF-11-1-ST1A,,2023-UGCOMSPF-11-1-ST1A,,,,20,T2,Compulsory,4,441104,441104,Computational Thinking,20,441104T12222,
UGCOMSPF,11,Taught,,2023,,Y,US2CMP19,UGCOAI,BSc,Computing (Artificial Intelligence) with Industrial Placement,1,2023/24,ST1A,Enrolment Block,2024-UGCOMSPF-11-1-ST1A,,2023-UGCOMSPF-11-1-ST1A,,,,30,T1,Compulsory,4,441105,441105,Algorithms and Data Structures,20,441105T12222,
UGCOMSPF,11,Taught,,2023,,Y,US2CMP19,UGCOAI,BSc,Computing (Artificial Intelligence) with Industrial Placement,1,2023/24,ST1A,Enrolment Block,2024-UGCOMSPF-11-1-ST1A,,2023-UGCOMSPF-11-1-ST1A,,,,40,T2,Compulsory,4,441102,441102,"Architectures, Operating Systems and the Cloud",20,441102T22222,
UGCOMSPF,11,Taught,,2023,,Y,US2CMP19,UGCOAI,BSc,Computing (Artificial Intelligence) with Industrial Placement,1,2023/24,ST1A,Enrolment Block,2024-UGCOMSPF-11-1-ST1A,,2023-UGCOMSPF-11-1-ST1A,,,,50,T1,Compulsory,4,441108,441108,Professional Development,20,441108T22222,
UGCOMSPF,11,Taught,,2023,,Y,US2CMP19,UGCOAI,BSc,Computing (Artificial Intelligence) with Industrial Placement,2,2023/24,ST1A,Enrolment Block,2024-UGCOMSPF-11-2-ST1A,,,,No 2023* diet for this VCO/CBO,,,,,,,,,,No matching MAP,
UGCOMSPF,11,Taught,,2023,,Y,US2CMP19,UGCOAI,BSc,Computing (Artificial Intelligence) with Industrial Placement,3,2023/24,ST1A,Enrolment Block,,No Online diet for this VCO/CBO,,,No 2023* diet for this VCO/CBO,,,,,,,,,,No matching MAP,
UGCOMSPF,11,Taught,,2023,,Y,US2CMP19,UGCOAI,BSc,Computing (Artificial Intelligence) with Industrial Placement,P,2023/24,ST1A,Enrolment Block,,No Online diet for this VCO/CBO,,,No 2023* diet for this VCO/CBO,,,,,,,,,,No matching MAP,
UGCOMSPF,12,Taught,,,,,US1CMO19,UGCOMS,BSc (Ordinary),Computer Science,1,2023/24,ST1A,Enrolment Block,,No Online diet for this VCO/CBO,,,No 2023* diet for this VCO/CBO,,,,,,,,,,No matching MAP,
UGCOMSPF,12,Taught,,,,,US1CMO19,UGCOMS,BSc (Ordinary),Computer Science,2,2023/24,ST1A,Enrolment Block,,No Online diet for this VCO/CBO,,,No 2023* diet for this VCO/CBO,,,,,,,,,,No matching MAP,
UGCOMSPF,12,Taught,,,,,US1CMO19,UGCOMS,BSc (Ordinary),Computer Science,3,2023/24,ST1A,Enrolment Block,,No Online diet for this VCO/CBO,,,No 2023* diet for this VCO/CBO,,,,,,,,,,No matching MAP,
UGCOMSPF,12,Taught,,,,,US1CMO19,UGCOMS,BSc (Ordinary),Computer Science,P,2023/24,ST1A,Enrolment Block,,No Online diet for this VCO/CBO,,,No 2023* diet for this VCO/CBO,,,,,,,,,,No matching MAP,
UGCOMSPF,2,Taught,,,2023,N,US1CMP16,UGCSSE,BSc,Computer Science (Software Engineering) with Industrial Experience,1,2023/24,ST1A,Enrolment Block,2024-UGCOMSPF-2-1-ST1A,,2023-UGCOMSPF-2-1-ST1A,"Year=0 - Selections: 441104 in T1, 441105 in T1, 441101 in T12, 441102 in T2, 441108 in T2",,,1,T12,Core,4,441101,441101,Programming Portfolio,40,441101T1&222,
UGCOMSPF,2,Taught,,,2023,N,US1CMP16,UGCSSE,BSc,Computer Science (Software Engineering) with Industrial Experience,1,2023/24,ST1A,Enrolment Block,2024-UGCOMSPF-2-1-ST1A,,2023-UGCOMSPF-2-1-ST1A,"Year=0 - Selections: 441104 in T1, 441105 in T1, 441101 in T12, 441102 in T2, 441108 in T2",,,11,,Compulsory,4,441104,441104,,20,No matching MAP,
UGCOMSPF,2,Taught,,,2023,N,US1CMP16,UGCSSE,BSc,Computer Science (Software Engineering) with Industrial Experience,1,2023/24,ST1A,Enrolment Block,2024-UGCOMSPF-2-1-ST1A,,2023-UGCOMSPF-2-1-ST1A,"Year=0 - Selections: 441104 in T1, 441105 in T1, 441101 in T12, 441102 in T2, 441108 in T2",,,31,T1,Compulsory,4,441105,441105,Algorithms and Data Structures,20,441105T12222,
UGCOMSPF,2,Taught,,,2023,N,US1CMP16,UGCSSE,BSc,Computer Science (Software Engineering) with Industrial Experience,1,2023/24,ST1A,Enrolment Block,2024-UGCOMSPF-2-1-ST1A,,2023-UGCOMSPF-2-1-ST1A,"Year=0 - Selections: 441104 in T1, 441105 in T1, 441101 in T12, 441102 in T2, 441108 in T2",,,41,T2,Compulsory,4,441102,441102,"Architectures, Operating Systems and the Cloud",20,441102T22222,
UGCOMSPF,2,Taught,,,2023,N,US1CMP16,UGCSSE,BSc,Computer Science (Software Engineering) with Industrial Experience,1,2023/24,ST1A,Enrolment Block,2024-UGCOMSPF-2-1-ST1A,,2023-UGCOMSPF-2-1-ST1A,"Year=0 - Selections: 441104 in T1, 441105 in T1, 441101 in T12, 441102 in T2, 441108 in T2",,,61,,Compulsory,4,441108,441108,,20,No matching MAP,
UGCOMSPF,2,Taught,,,2023,N,US1CMP16,UGCSSE,BSc,Computer Science (Software Engineering) with Industrial Experience,2,2023/24,ST1A,Enrolment Block,2024-UGCOMSPF-2-2-ST1A,,2023-UGCOMSPF-2-2-ST1A,"Year=0 - Selections: 500084 in T1, 500087 in T1, 500088 in T1, 500080 in T2, 500081 in T2, 500083 in T2",,,1,,Compulsory,5,500084,500084,,20,No matching MAP,
UGCOMSPF,2,Taught,,,2023,N,US1CMP16,UGCSSE,BSc,Computer Science (Software Engineering) with Industrial Experience,2,2023/24,ST1A,Enrolment Block,2024-UGCOMSPF-2-2-ST1A,,2023-UGCOMSPF-2-2-ST1A,"Year=0 - Selections: 500084 in T1, 500087 in T1, 500088 in T1, 500080 in T2, 500081 in T2, 500083 in T2",,,11,,Compulsory,5,500087,500087,,20,No matching MAP,
UGCOMSPF,2,Taught,,,2023,N,US1CMP16,UGCSSE,BSc,Computer Science (Software Engineering) with Industrial Experience,2,2023/24,ST1A,Enrolment Block,2024-UGCOMSPF-2-2-ST1A,,2023-UGCOMSPF-2-2-ST1A,"Year=0 - Selections: 500084 in T1, 500087 in T1, 500088 in T1, 500080 in T2, 500081 in T2, 500083 in T2",,,21,,Compulsory,5,500088,500088,,20,No matching MAP,
UGCOMSPF,2,Taught,,,2023,N,US1CMP16,UGCSSE,BSc,Computer Science (Software Engineering) with Industrial Experience,2,2023/24,ST1A,Enrolment Block,2024-UGCOMSPF-2-2-ST1A,,2023-UGCOMSPF-2-2-ST1A,"Year=0 - Selections: 500084 in T1, 500087 in T1, 500088 in T1, 500080 in T2, 500081 in T2, 500083 in T2",,,31,,Compulsory,5,500081,500081,,20,No matching MAP,
UGCOMSPF,2,Taught,,,2023,N,US1CMP16,UGCSSE,BSc,Computer Science (Software Engineering) with Industrial Experience,2,2023/24,ST1A,Enrolment Block,2024-UGCOMSPF-2-2-ST1A,,2023-UGCOMSPF-2-2-ST1A,"Year=0 - Selections: 500084 in T1, 500087 in T1, 500088 in T1, 500080 in T2, 500081 in T2, 500083 in T2",,,41,T2,Compulsory,5,500083,500083,Advanced Programming,20,500083T22222,
UGCOMSPF,2,Taught,,,2023,N,US1CMP16,UGCSSE,BSc,Computer Science (Software Engineering) with Industrial Experience,2,2023/24,ST1A,Enrolment Block,2024-UGCOMSPF-2-2-ST1A,,2023-UGCOMSPF-2-2-ST1A,"Year=0 - Selections: 500084 in T1, 500087 in T1, 500088 in T1, 500080 in T2, 500081 in T2, 500083 in T2",,,51,,Compulsory,5,500080,500080,,20,No matching MAP,
UGCOMSPF,2,Taught,,,2023,N,US1CMP16,UGCSSE,BSc,Computer Science (Software Engineering) with Industrial Experience,3,2023/24,ST1A,Enrolment Block,2024-UGCOMSPF-2-3-ST1A,,2023-UGCOMSPF-2-3-ST1A,"Year=0 - Selections: 600091 in T12, 600087 in T1, 600094 in T2 Student Module Electives  [, 600097 in T12, a maximum of 20.00 available credits from 600096 in T1, a maximum of 20.00 available credits from 600086, 600089, 600099 in T2  Subject to an overall minimum of 40 available credits and an overall maximum of 40 available credits ] [, 600096 in T1, 20.00 available credits from 600086, 600089, 600099 in T2  Subject to an overall minimum of 40 available credits and an overall maximum of 40 available credits ]",,,1,T12,Core,6,600091,600091,Honours Stage Project,40,60009112222,
UGCOMSPF,2,Taught,,,2023,N,US1CMP16,UGCSSE,BSc,Computer Science (Software Engineering) with Industrial Experience,3,2023/24,ST1A,Enrolment Block,2024-UGCOMSPF-2-3-ST1A,,2023-UGCOMSPF-2-3-ST1A,"Year=0 - Selections: 600091 in T12, 600087 in T1, 600094 in T2 Student Module Electives  [, 600097 in T12, a maximum of 20.00 available credits from 600096 in T1, a maximum of 20.00 available credits from 600086, 600089, 600099 in T2  Subject to an overall minimum of 40 available credits and an overall maximum of 40 available credits ] [, 600096 in T1, 20.00 available credits from 600086, 600089, 600099 in T2  Subject to an overall minimum of 40 available credits and an overall maximum of 40 available credits ]",,,11,,Optional,6,UGCOMSPF2US1CMP16UGCSSE31819O1,600097,,20,No matching MAP,"This module is limited to 15 students. Students will be required to attend an interview and complete a DBS if taking this module.
"
UGCOMSPF,2,Taught,,,2023,N,US1CMP16,UGCSSE,BSc,Computer Science (Software Engineering) with Industrial Experience,3,2023/24,ST1A,Enrolment Block,2024-UGCOMSPF-2-3-ST1A,,2023-UGCOMSPF-2-3-ST1A,"Year=0 - Selections: 600091 in T12, 600087 in T1, 600094 in T2 Student Module Electives  [, 600097 in T12, a maximum of 20.00 available credits from 600096 in T1, a maximum of 20.00 available credits from 600086, 600089, 600099 in T2  Subject to an overall minimum of 40 available credits and an overall maximum of 40 available credits ] [, 600096 in T1, 20.00 available credits from 600086, 600089, 600099 in T2  Subject to an overall minimum of 40 available credits and an overall maximum of 40 available credits ]",,,21,T1,Compulsory,6,600087,600087,Languages and their Compilers,20,600087T11818,
UGCOMSPF,2,Taught,,,2023,N,US1CMP16,UGCSSE,BSc,Computer Science (Software Engineering) with Industrial Experience,3,2023/24,ST1A,Enrolment Block,2024-UGCOMSPF-2-3-ST1A,,2023-UGCOMSPF-2-3-ST1A,"Year=0 - Selections: 600091 in T12, 600087 in T1, 600094 in T2 Student Module Electives  [, 600097 in T12, a maximum of 20.00 available credits from 600096 in T1, a maximum of 20.00 available credits from 600086, 600089, 600099 in T2  Subject to an overall minimum of 40 available credits and an overall maximum of 40 available credits ] [, 600096 in T1, 20.00 available credits from 600086, 600089, 600099 in T2  Subject to an overall minimum of 40 available credits and an overall maximum of 40 available credits ]",,,31,T1,Optional,6,UGCOMSPF2US1CMP16UGCSSE318S1O1,600096,Mobile Devices and Applications,20,600096T11919,
UGCOMSPF,2,Taught,,,2023,N,US1CMP16,UGCSSE,BSc,Computer Science (Software Engineering) with Industrial Experience,3,2023/24,ST1A,Enrolment Block,2024-UGCOMSPF-2-3-ST1A,,2023-UGCOMSPF-2-3-ST1A,"Year=0 - Selections: 600091 in T12, 600087 in T1, 600094 in T2 Student Module Electives  [, 600097 in T12, a maximum of 20.00 available credits from 600096 in T1, a maximum of 20.00 available credits from 600086, 600089, 600099 in T2  Subject to an overall minimum of 40 available credits and an overall maximum of 40 available credits ] [, 600096 in T1, 20.00 available credits from 600086, 600089, 600099 in T2  Subject to an overall minimum of 40 available credits and an overall maximum of 40 available credits ]",,,41,T2,Compulsory,6,600094,600094,Advanced Software Engineering,20,600094T21818,
UGCOMSPF,2,Taught,,,2023,N,US1CMP16,UGCSSE,BSc,Computer Science (Software Engineering) with Industrial Experience,3,2023/24,ST1A,Enrolment Block,2024-UGCOMSPF-2-3-ST1A,,2023-UGCOMSPF-2-3-ST1A,"Year=0 - Selections: 600091 in T12, 600087 in T1, 600094 in T2 Student Module Electives  [, 600097 in T12, a maximum of 20.00 available credits from 600096 in T1, a maximum of 20.00 available credits from 600086, 600089, 600099 in T2  Subject to an overall minimum of 40 available credits and an overall maximum of 40 available credits ] [, 600096 in T1, 20.00 available credits from 600086, 600089, 600099 in T2  Subject to an overall minimum of 40 available credits and an overall maximum of 40 available credits ]",,,51,,Optional,6,UGCOMSPF2US1CMP16UGCSSE318S2O1,600099,,20,No matching MAP,
UGCOMSPF,2,Taught,,,2023,N,US1CMP16,UGCSSE,BSc,Computer Science (Software Engineering) with Industrial Experience,3,2023/24,ST1A,Enrolment Block,2024-UGCOMSPF-2-3-ST1A,,2023-UGCOMSPF-2-3-ST1A,"Year=0 - Selections: 600091 in T12, 600087 in T1, 600094 in T2 Student Module Electives  [, 600097 in T12, a maximum of 20.00 available credits from 600096 in T1, a maximum of 20.00 available credits from 600086, 600089, 600099 in T2  Subject to an overall minimum of 40 available credits and an overall maximum of 40 available credits ] [, 600096 in T1, 20.00 available credits from 600086, 600089, 600099 in T2  Subject to an overall minimum of 40 available credits and an overall maximum of 40 available credits ]",,,51,T2,Optional,6,UGCOMSPF2US1CMP16UGCSSE318S2O1,600086,Parallel and Concurrent Programming,20,600086T22222,
UGCOMSPF,2,Taught,,,2023,N,US1CMP16,UGCSSE,BSc,Computer Science (Software Engineering) with Industrial Experience,3,2023/24,ST1A,Enrolment Block,2024-UGCOMSPF-2-3-ST1A,,2023-UGCOMSPF-2-3-ST1A,"Year=0 - Selections: 600091 in T12, 600087 in T1, 600094 in T2 Student Module Electives  [, 600097 in T12, a maximum of 20.00 available credits from 600096 in T1, a maximum of 20.00 available credits from 600086, 600089, 600099 in T2  Subject to an overall minimum of 40 available credits and an overall maximum of 40 available credits ] [, 600096 in T1, 20.00 available credits from 600086, 600089, 600099 in T2  Subject to an overall minimum of 40 available credits and an overall maximum of 40 available credits ]",,,51,T2,Optional,6,UGCOMSPF2US1CMP16UGCSSE318S2O1,600089,Distributed Systems Programming,20,600089T22323,
UGCOMSPF,2,Taught,,,2023,N,US1CMP16,UGCSSE,BSc,Computer Science (Software Engineering) with Industrial Experience,3,2023/24,ST1A,Enrolment Block,2024-UGCOMSPF-2-3-ST1A,,2023-UGCOMSPF-2-3-ST1A,"Year=0 - Selections: 600091 in T12, 600087 in T1, 600094 in T2 Student Module Electives  [, 600097 in T12, a maximum of 20.00 available credits from 600096 in T1, a maximum of 20.00 available credits from 600086, 600089, 600099 in T2  Subject to an overall minimum of 40 available credits and an overall maximum of 40 available credits ] [, 600096 in T1, 20.00 available credits from 600086, 600089, 600099 in T2  Subject to an overall minimum of 40 available credits and an overall maximum of 40 available credits ]",,,60,T1,Optional,6,UGCOMSPF2US1CMP16UGCSSE318S1O1,600096,Mobile Devices and Applications,20,600096T11919,
UGCOMSPF,2,Taught,,,2023,N,US1CMP16,UGCSSE,BSc,Computer Science (Software Engineering) with Industrial Experience,3,2023/24,ST1A,Enrolment Block,2024-UGCOMSPF-2-3-ST1A,,2023-UGCOMSPF-2-3-ST1A,"Year=0 - Selections: 600091 in T12, 600087 in T1, 600094 in T2 Student Module Electives  [, 600097 in T12, a maximum of 20.00 available credits from 600096 in T1, a maximum of 20.00 available credits from 600086, 600089, 600099 in T2  Subject to an overall minimum of 40 available credits and an overall maximum of 40 available credits ] [, 600096 in T1, 20.00 available credits from 600086, 600089, 600099 in T2  Subject to an overall minimum of 40 available credits and an overall maximum of 40 available credits ]",,,70,,Optional,6,UGCOMSPF2US1CMP16UGCSSE318S2O1,600099,,20,No matching MAP,
UGCOMSPF,2,Taught,,,2023,N,US1CMP16,UGCSSE,BSc,Computer Science (Software Engineering) with Industrial Experience,3,2023/24,ST1A,Enrolment Block,2024-UGCOMSPF-2-3-ST1A,,2023-UGCOMSPF-2-3-ST1A,"Year=0 - Selections: 600091 in T12, 600087 in T1, 600094 in T2 Student Module Electives  [, 600097 in T12, a maximum of 20.00 available credits from 600096 in T1, a maximum of 20.00 available credits from 600086, 600089, 600099 in T2  Subject to an overall minimum of 40 available credits and an overall maximum of 40 available credits ] [, 600096 in T1, 20.00 available credits from 600086, 600089, 600099 in T2  Subject to an overall minimum of 40 available credits and an overall maximum of 40 available credits ]",,,70,T2,Optional,6,UGCOMSPF2US1CMP16UGCSSE318S2O1,600086,Parallel and Concurrent Programming,20,600086T22222,
UGCOMSPF,2,Taught,,,2023,N,US1CMP16,UGCSSE,BSc,Computer Science (Software Engineering) with Industrial Experience,3,2023/24,ST1A,Enrolment Block,2024-UGCOMSPF-2-3-ST1A,,2023-UGCOMSPF-2-3-ST1A,"Year=0 - Selections: 600091 in T12, 600087 in T1, 600094 in T2 Student Module Electives  [, 600097 in T12, a maximum of 20.00 available credits from 600096 in T1, a maximum of 20.00 available credits from 600086, 600089, 600099 in T2  Subject to an overall minimum of 40 available credits and an overall maximum of 40 available credits ] [, 600096 in T1, 20.00 available credits from 600086, 600089, 600099 in T2  Subject to an overall minimum of 40 available credits and an overall maximum of 40 available credits ]",,,70,T2,Optional,6,UGCOMSPF2US1CMP16UGCSSE318S2O1,600089,Distributed Systems Programming,20,600089T22323,
UGCOMSPF,2,Taught,,,2023,N,US1CMP16,UGCSSE,BSc,Computer Science (Software Engineering) with Industrial Experience,P,2023/24,ST1A,Enrolment Block,2024-UGCOMSPF-2-P-ST1A,,2023-UGCOMSPF-2-P-ST1A,Year=0 - Selections: 500091 in T12,,,1,T12,Core,5B,500091,500091,Year Out in Industry/Commerce,120,5.00E+11,
UGCOMSPF,3,Taught,,,2023,Y,US1CMP16,UGCOMS,BSc,Computer Science with Industrial Experience,1,2023/24,ST1A,Enrolment Block,2024-UGCOMSPF-3-1-ST1A,,2023-UGCOMSPF-3-1-ST1A,"Year=0 - Selections: 441104 in T1, 441105 in T1, 441101 in T12, 441102 in T2, 441108 in T2",,,1,T12,Core,4,441101,441101,Programming Portfolio,40,441101T1&222,
UGCOMSPF,3,Taught,,,2023,Y,US1CMP16,UGCOMS,BSc,Computer Science with Industrial Experience,1,2023/24,ST1A,Enrolment Block,2024-UGCOMSPF-3-1-ST1A,,2023-UGCOMSPF-3-1-ST1A,"Year=0 - Selections: 441104 in T1, 441105 in T1, 441101 in T12, 441102 in T2, 441108 in T2",,,11,,Compulsory,4,441104,441104,,20,No matching MAP,
UGCOMSPF,3,Taught,,,2023,Y,US1CMP16,UGCOMS,BSc,Computer Science with Industrial Experience,1,2023/24,ST1A,Enrolment Block,2024-UGCOMSPF-3-1-ST1A,,2023-UGCOMSPF-3-1-ST1A,"Year=0 - Selections: 441104 in T1, 441105 in T1, 441101 in T12, 441102 in T2, 441108 in T2",,,31,T1,Compulsory,4,441105,441105,Algorithms and Data Structures,20,441105T12222,
UGCOMSPF,3,Taught,,,2023,Y,US1CMP16,UGCOMS,BSc,Computer Science with Industrial Experience,1,2023/24,ST1A,Enrolment Block,2024-UGCOMSPF-3-1-ST1A,,2023-UGCOMSPF-3-1-ST1A,"Year=0 - Selections: 441104 in T1, 441105 in T1, 441101 in T12, 441102 in T2, 441108 in T2",,,41,T2,Compulsory,4,441102,441102,"Architectures, Operating Systems and the Cloud",20,441102T22222,
UGCOMSPF,3,Taught,,,2023,Y,US1CMP16,UGCOMS,BSc,Computer Science with Industrial Experience,1,2023/24,ST1A,Enrolment Block,2024-UGCOMSPF-3-1-ST1A,,2023-UGCOMSPF-3-1-ST1A,"Year=0 - Selections: 441104 in T1, 441105 in T1, 441101 in T12, 441102 in T2, 441108 in T2",,,61,,Compulsory,4,441108,441108,,20,No matching MAP,
UGCOMSPF,3,Taught,,,2023,Y,US1CMP16,UGCOMS,BSc,Computer Science with Industrial Experience,2,2023/24,ST1A,Enrolment Block,2024-UGCOMSPF-3-2-ST1A,,2023-UGCOMSPF-3-2-ST1A,"Year=0 - Selections: 500084 in T1, 500081 in T2 - Electives: 40.00 available credits from 500085, 500086, 500087, 500088 in T1, 40.00 available credits from 500079, 500080, 500083 in T2",,,1,,Compulsory,5,500084,500084,,20,No matching MAP,
UGCOMSPF,3,Taught,,,2023,Y,US1CMP16,UGCOMS,BSc,Computer Science with Industrial Experience,2,2023/24,ST1A,Enrolment Block,2024-UGCOMSPF-3-2-ST1A,,2023-UGCOMSPF-3-2-ST1A,"Year=0 - Selections: 500084 in T1, 500081 in T2 - Electives: 40.00 available credits from 500085, 500086, 500087, 500088 in T1, 40.00 available credits from 500079, 500080, 500083 in T2",,,11,,Optional,5,UGCOMSPF3US1CMP16UGCOMS218S1O1,500085,,20,No matching MAP,
UGCOMSPF,3,Taught,,,2023,Y,US1CMP16,UGCOMS,BSc,Computer Science with Industrial Experience,2,2023/24,ST1A,Enrolment Block,2024-UGCOMSPF-3-2-ST1A,,2023-UGCOMSPF-3-2-ST1A,"Year=0 - Selections: 500084 in T1, 500081 in T2 - Electives: 40.00 available credits from 500085, 500086, 500087, 500088 in T1, 40.00 available credits from 500079, 500080, 500083 in T2",,,11,,Optional,5,UGCOMSPF3US1CMP16UGCOMS218S1O1,500086,,20,No matching MAP,
UGCOMSPF,3,Taught,,,2023,Y,US1CMP16,UGCOMS,BSc,Computer Science with Industrial Experience,2,2023/24,ST1A,Enrolment Block,2024-UGCOMSPF-3-2-ST1A,,2023-UGCOMSPF-3-2-ST1A,"Year=0 - Selections: 500084 in T1, 500081 in T2 - Electives: 40.00 available credits from 500085, 500086, 500087, 500088 in T1, 40.00 available credits from 500079, 500080, 500083 in T2",,,11,,Optional,5,UGCOMSPF3US1CMP16UGCOMS218S1O1,500087,,20,No matching MAP,
UGCOMSPF,3,Taught,,,2023,Y,US1CMP16,UGCOMS,BSc,Computer Science with Industrial Experience,2,2023/24,ST1A,Enrolment Block,2024-UGCOMSPF-3-2-ST1A,,2023-UGCOMSPF-3-2-ST1A,"Year=0 - Selections: 500084 in T1, 500081 in T2 - Electives: 40.00 available credits from 500085, 500086, 500087, 500088 in T1, 40.00 available credits from 500079, 500080, 500083 in T2",,,11,,Optional,5,UGCOMSPF3US1CMP16UGCOMS218S1O1,500088,,20,No matching MAP,
UGCOMSPF,3,Taught,,,2023,Y,US1CMP16,UGCOMS,BSc,Computer Science with Industrial Experience,2,2023/24,ST1A,Enrolment Block,2024-UGCOMSPF-3-2-ST1A,,2023-UGCOMSPF-3-2-ST1A,"Year=0 - Selections: 500084 in T1, 500081 in T2 - Electives: 40.00 available credits from 500085, 500086, 500087, 500088 in T1, 40.00 available credits from 500079, 500080, 500083 in T2",,,21,,Compulsory,5,500081,500081,,20,No matching MAP,
UGCOMSPF,3,Taught,,,2023,Y,US1CMP16,UGCOMS,BSc,Computer Science with Industrial Experience,2,2023/24,ST1A,Enrolment Block,2024-UGCOMSPF-3-2-ST1A,,2023-UGCOMSPF-3-2-ST1A,"Year=0 - Selections: 500084 in T1, 500081 in T2 - Electives: 40.00 available credits from 500085, 500086, 500087, 500088 in T1, 40.00 available credits from 500079, 500080, 500083 in T2",,,31,,Optional,5,UGCOMSPF3US1CMP16UGCOMS218S2O1,500079,,20,No matching MAP,
UGCOMSPF,3,Taught,,,2023,Y,US1CMP16,UGCOMS,BSc,Computer Science with Industrial Experience,2,2023/24,ST1A,Enrolment Block,2024-UGCOMSPF-3-2-ST1A,,2023-UGCOMSPF-3-2-ST1A,"Year=0 - Selections: 500084 in T1, 500081 in T2 - Electives: 40.00 available credits from 500085, 500086, 500087, 500088 in T1, 40.00 available credits from 500079, 500080, 500083 in T2",,,31,,Optional,5,UGCOMSPF3US1CMP16UGCOMS218S2O1,500080,,20,No matching MAP,
UGCOMSPF,3,Taught,,,2023,Y,US1CMP16,UGCOMS,BSc,Computer Science with Industrial Experience,2,2023/24,ST1A,Enrolment Block,2024-UGCOMSPF-3-2-ST1A,,2023-UGCOMSPF-3-2-ST1A,"Year=0 - Selections: 500084 in T1, 500081 in T2 - Electives: 40.00 available credits from 500085, 500086, 500087, 500088 in T1, 40.00 available credits from 500079, 500080, 500083 in T2",,,31,T2,Optional,5,UGCOMSPF3US1CMP16UGCOMS218S2O1,500083,Advanced Programming,20,500083T22222,
UGCOMSPF,3,Taught,,,2023,Y,US1CMP16,UGCOMS,BSc,Computer Science with Industrial Experience,3,2023/24,ST1A,Enrolment Block,2024-UGCOMSPF-3-3-ST1A,,2023-UGCOMSPF-3-3-ST1A,"Year=0 - Selections: 441190 in T12, 600091 in T12 Student Module Electives  ([, 600097 in T12 AND, a minimum of 20.00 available credits and a maximum of 40.00 available credits from 600096, 600088, 600085, 600089, 600086, 600094, 600099, 600100 in any period AND, a minimum of 20.00 available credits and a maximum of 40.00 available credits from 600087, 600092 in any period  Subject to an overall minimum of 80 available credits and an overall maximum of 80 available credits ]) OR ([, a minimum of 40.00 available credits and a maximum of 60.00 available credits from 600096, 600088, 600085, 600089, 600086, 600094, 600099, 600100 in any period AND, a minimum of 20.00 available credits and a maximum of 40.00 available credits from 600087, 600092 in any period  Subject to an overall minimum of 80 available credits and an overall maximum of 80 available credits ])",,,1,T12,Core,6,600091,600091,Honours Stage Project,40,60009112222,
UGCOMSPF,3,Taught,,,2023,Y,US1CMP16,UGCOMS,BSc,Computer Science with Industrial Experience,3,2023/24,ST1A,Enrolment Block,2024-UGCOMSPF-3-3-ST1A,,2023-UGCOMSPF-3-3-ST1A,"Year=0 - Selections: 441190 in T12, 600091 in T12 Student Module Electives  ([, 600097 in T12 AND, a minimum of 20.00 available credits and a maximum of 40.00 available credits from 600096, 600088, 600085, 600089, 600086, 600094, 600099, 600100 in any period AND, a minimum of 20.00 available credits and a maximum of 40.00 available credits from 600087, 600092 in any period  Subject to an overall minimum of 80 available credits and an overall maximum of 80 available credits ]) OR ([, a minimum of 40.00 available credits and a maximum of 60.00 available credits from 600096, 600088, 600085, 600089, 600086, 600094, 600099, 600100 in any period AND, a minimum of 20.00 available credits and a maximum of 40.00 available credits from 600087, 600092 in any period  Subject to an overall minimum of 80 available credits and an overall maximum of 80 available credits ])",,,10,,Optional,6,CSHONS OPT1,600099,,20,No matching MAP,
UGCOMSPF,3,Taught,,,2023,Y,US1CMP16,UGCOMS,BSc,Computer Science with Industrial Experience,3,2023/24,ST1A,Enrolment Block,2024-UGCOMSPF-3-3-ST1A,,2023-UGCOMSPF-3-3-ST1A,"Year=0 - Selections: 441190 in T12, 600091 in T12 Student Module Electives  ([, 600097 in T12 AND, a minimum of 20.00 available credits and a maximum of 40.00 available credits from 600096, 600088, 600085, 600089, 600086, 600094, 600099, 600100 in any period AND, a minimum of 20.00 available credits and a maximum of 40.00 available credits from 600087, 600092 in any period  Subject to an overall minimum of 80 available credits and an overall maximum of 80 available credits ]) OR ([, a minimum of 40.00 available credits and a maximum of 60.00 available credits from 600096, 600088, 600085, 600089, 600086, 600094, 600099, 600100 in any period AND, a minimum of 20.00 available credits and a maximum of 40.00 available credits from 600087, 600092 in any period  Subject to an overall minimum of 80 available credits and an overall maximum of 80 available credits ])",,,10,T1,Optional,6,CSHONS OPT1,600085,Embedded Systems Development,20,600085T12323,
UGCOMSPF,3,Taught,,,2023,Y,US1CMP16,UGCOMS,BSc,Computer Science with Industrial Experience,3,2023/24,ST1A,Enrolment Block,2024-UGCOMSPF-3-3-ST1A,,2023-UGCOMSPF-3-3-ST1A,"Year=0 - Selections: 441190 in T12, 600091 in T12 Student Module Electives  ([, 600097 in T12 AND, a minimum of 20.00 available credits and a maximum of 40.00 available credits from 600096, 600088, 600085, 600089, 600086, 600094, 600099, 600100 in any period AND, a minimum of 20.00 available credits and a maximum of 40.00 available credits from 600087, 600092 in any period  Subject to an overall minimum of 80 available credits and an overall maximum of 80 available credits ]) OR ([, a minimum of 40.00 available credits and a maximum of 60.00 available credits from 600096, 600088, 600085, 600089, 600086, 600094, 600099, 600100 in any period AND, a minimum of 20.00 available credits and a maximum of 40.00 available credits from 600087, 600092 in any period  Subject to an overall minimum of 80 available credits and an overall maximum of 80 available credits ])",,,10,T1,Optional,6,CSHONS OPT1,600088,Virtual Environments,20,600088T12021,
UGCOMSPF,3,Taught,,,2023,Y,US1CMP16,UGCOMS,BSc,Computer Science with Industrial Experience,3,2023/24,ST1A,Enrolment Block,2024-UGCOMSPF-3-3-ST1A,,2023-UGCOMSPF-3-3-ST1A,"Year=0 - Selections: 441190 in T12, 600091 in T12 Student Module Electives  ([, 600097 in T12 AND, a minimum of 20.00 available credits and a maximum of 40.00 available credits from 600096, 600088, 600085, 600089, 600086, 600094, 600099, 600100 in any period AND, a minimum of 20.00 available credits and a maximum of 40.00 available credits from 600087, 600092 in any period  Subject to an overall minimum of 80 available credits and an overall maximum of 80 available credits ]) OR ([, a minimum of 40.00 available credits and a maximum of 60.00 available credits from 600096, 600088, 600085, 600089, 600086, 600094, 600099, 600100 in any period AND, a minimum of 20.00 available credits and a maximum of 40.00 available credits from 600087, 600092 in any period  Subject to an overall minimum of 80 available credits and an overall maximum of 80 available credits ])",,,10,T1,Optional,6,CSHONS OPT1,600096,Mobile Devices and Applications,20,600096T11919,
UGCOMSPF,3,Taught,,,2023,Y,US1CMP16,UGCOMS,BSc,Computer Science with Industrial Experience,3,2023/24,ST1A,Enrolment Block,2024-UGCOMSPF-3-3-ST1A,,2023-UGCOMSPF-3-3-ST1A,"Year=0 - Selections: 441190 in T12, 600091 in T12 Student Module Electives  ([, 600097 in T12 AND, a minimum of 20.00 available credits and a maximum of 40.00 available credits from 600096, 600088, 600085, 600089, 600086, 600094, 600099, 600100 in any period AND, a minimum of 20.00 available credits and a maximum of 40.00 available credits from 600087, 600092 in any period  Subject to an overall minimum of 80 available credits and an overall maximum of 80 available credits ]) OR ([, a minimum of 40.00 available credits and a maximum of 60.00 available credits from 600096, 600088, 600085, 600089, 600086, 600094, 600099, 600100 in any period AND, a minimum of 20.00 available credits and a maximum of 40.00 available credits from 600087, 600092 in any period  Subject to an overall minimum of 80 available credits and an overall maximum of 80 available credits ])",,,10,T2,Optional,6,CSHONS OPT1,600086,Parallel and Concurrent Programming,20,600086T22222,
UGCOMSPF,3,Taught,,,2023,Y,US1CMP16,UGCOMS,BSc,Computer Science with Industrial Experience,3,2023/24,ST1A,Enrolment Block,2024-UGCOMSPF-3-3-ST1A,,2023-UGCOMSPF-3-3-ST1A,"Year=0 - Selections: 441190 in T12, 600091 in T12 Student Module Electives  ([, 600097 in T12 AND, a minimum of 20.00 available credits and a maximum of 40.00 available credits from 600096, 600088, 600085, 600089, 600086, 600094, 600099, 600100 in any period AND, a minimum of 20.00 available credits and a maximum of 40.00 available credits from 600087, 600092 in any period  Subject to an overall minimum of 80 available credits and an overall maximum of 80 available credits ]) OR ([, a minimum of 40.00 available credits and a maximum of 60.00 available credits from 600096, 600088, 600085, 600089, 600086, 600094, 600099, 600100 in any period AND, a minimum of 20.00 available credits and a maximum of 40.00 available credits from 600087, 600092 in any period  Subject to an overall minimum of 80 available credits and an overall maximum of 80 available credits ])",,,10,T2,Optional,6,CSHONS OPT1,600089,Distributed Systems Programming,20,600089T22323,
UGCOMSPF,3,Taught,,,2023,Y,US1CMP16,UGCOMS,BSc,Computer Science with Industrial Experience,3,2023/24,ST1A,Enrolment Block,2024-UGCOMSPF-3-3-ST1A,,2023-UGCOMSPF-3-3-ST1A,"Year=0 - Selections: 441190 in T12, 600091 in T12 Student Module Electives  ([, 600097 in T12 AND, a minimum of 20.00 available credits and a maximum of 40.00 available credits from 600096, 600088, 600085, 600089, 600086, 600094, 600099, 600100 in any period AND, a minimum of 20.00 available credits and a maximum of 40.00 available credits from 600087, 600092 in any period  Subject to an overall minimum of 80 available credits and an overall maximum of 80 available credits ]) OR ([, a minimum of 40.00 available credits and a maximum of 60.00 available credits from 600096, 600088, 600085, 600089, 600086, 600094, 600099, 600100 in any period AND, a minimum of 20.00 available credits and a maximum of 40.00 available credits from 600087, 600092 in any period  Subject to an overall minimum of 80 available credits and an overall maximum of 80 available credits ])",,,10,T2,Optional,6,CSHONS OPT1,600094,Advanced Software Engineering,20,600094T21818,
UGCOMSPF,3,Taught,,,2023,Y,US1CMP16,UGCOMS,BSc,Computer Science with Industrial Experience,3,2023/24,ST1A,Enrolment Block,2024-UGCOMSPF-3-3-ST1A,,2023-UGCOMSPF-3-3-ST1A,"Year=0 - Selections: 441190 in T12, 600091 in T12 Student Module Electives  ([, 600097 in T12 AND, a minimum of 20.00 available credits and a maximum of 40.00 available credits from 600096, 600088, 600085, 600089, 600086, 600094, 600099, 600100 in any period AND, a minimum of 20.00 available credits and a maximum of 40.00 available credits from 600087, 600092 in any period  Subject to an overall minimum of 80 available credits and an overall maximum of 80 available credits ]) OR ([, a minimum of 40.00 available credits and a maximum of 60.00 available credits from 600096, 600088, 600085, 600089, 600086, 600094, 600099, 600100 in any period AND, a minimum of 20.00 available credits and a maximum of 40.00 available credits from 600087, 600092 in any period  Subject to an overall minimum of 80 available credits and an overall maximum of 80 available credits ])",,,10,T2,Optional,6,CSHONS OPT1,600100,Computer Vision,20,600100T2323,
UGCOMSPF,3,Taught,,,2023,Y,US1CMP16,UGCOMS,BSc,Computer Science with Industrial Experience,3,2023/24,ST1A,Enrolment Block,2024-UGCOMSPF-3-3-ST1A,,2023-UGCOMSPF-3-3-ST1A,"Year=0 - Selections: 441190 in T12, 600091 in T12 Student Module Electives  ([, 600097 in T12 AND, a minimum of 20.00 available credits and a maximum of 40.00 available credits from 600096, 600088, 600085, 600089, 600086, 600094, 600099, 600100 in any period AND, a minimum of 20.00 available credits and a maximum of 40.00 available credits from 600087, 600092 in any period  Subject to an overall minimum of 80 available credits and an overall maximum of 80 available credits ]) OR ([, a minimum of 40.00 available credits and a maximum of 60.00 available credits from 600096, 600088, 600085, 600089, 600086, 600094, 600099, 600100 in any period AND, a minimum of 20.00 available credits and a maximum of 40.00 available credits from 600087, 600092 in any period  Subject to an overall minimum of 80 available credits and an overall maximum of 80 available credits ])",,,20,T1,Optional,6,CSHONSOPT 2,600087,Languages and their Compilers,20,600087T11818,
UGCOMSPF,3,Taught,,,2023,Y,US1CMP16,UGCOMS,BSc,Computer Science with Industrial Experience,3,2023/24,ST1A,Enrolment Block,2024-UGCOMSPF-3-3-ST1A,,2023-UGCOMSPF-3-3-ST1A,"Year=0 - Selections: 441190 in T12, 600091 in T12 Student Module Electives  ([, 600097 in T12 AND, a minimum of 20.00 available credits and a maximum of 40.00 available credits from 600096, 600088, 600085, 600089, 600086, 600094, 600099, 600100 in any period AND, a minimum of 20.00 available credits and a maximum of 40.00 available credits from 600087, 600092 in any period  Subject to an overall minimum of 80 available credits and an overall maximum of 80 available credits ]) OR ([, a minimum of 40.00 available credits and a maximum of 60.00 available credits from 600096, 600088, 600085, 600089, 600086, 600094, 600099, 600100 in any period AND, a minimum of 20.00 available credits and a maximum of 40.00 available credits from 600087, 600092 in any period  Subject to an overall minimum of 80 available credits and an overall maximum of 80 available credits ])",,,20,T1,Optional,6,CSHONSOPT 2,600092,Data Mining and Decision Systems,20,600092T12121,
UGCOMSPF,3,Taught,,,2023,Y,US1CMP16,UGCOMS,BSc,Computer Science with Industrial Experience,3,2023/24,ST1A,Enrolment Block,2024-UGCOMSPF-3-3-ST1A,,2023-UGCOMSPF-3-3-ST1A,"Year=0 - Selections: 441190 in T12, 600091 in T12 Student Module Electives  ([, 600097 in T12 AND, a minimum of 20.00 available credits and a maximum of 40.00 available credits from 600096, 600088, 600085, 600089, 600086, 600094, 600099, 600100 in any period AND, a minimum of 20.00 available credits and a maximum of 40.00 available credits from 600087, 600092 in any period  Subject to an overall minimum of 80 available credits and an overall maximum of 80 available credits ]) OR ([, a minimum of 40.00 available credits and a maximum of 60.00 available credits from 600096, 600088, 600085, 600089, 600086, 600094, 600099, 600100 in any period AND, a minimum of 20.00 available credits and a maximum of 40.00 available credits from 600087, 600092 in any period  Subject to an overall minimum of 80 available credits and an overall maximum of 80 available credits ])",,,30,,Optional,6,600097,600097,,20,No matching MAP,This module is limited to 15 students. Students will be required to attend an interview and complete a DBS if taking this module.
UGCOMSPF,3,Taught,,,2023,Y,US1CMP16,UGCOMS,BSc,Computer Science with Industrial Experience,3,2023/24,ST1A,Enrolment Block,2024-UGCOMSPF-3-3-ST1A,,2023-UGCOMSPF-3-3-ST1A,"Year=0 - Selections: 441190 in T12, 600091 in T12 Student Module Electives  ([, 600097 in T12 AND, a minimum of 20.00 available credits and a maximum of 40.00 available credits from 600096, 600088, 600085, 600089, 600086, 600094, 600099, 600100 in any period AND, a minimum of 20.00 available credits and a maximum of 40.00 available credits from 600087, 600092 in any period  Subject to an overall minimum of 80 available credits and an overall maximum of 80 available credits ]) OR ([, a minimum of 40.00 available credits and a maximum of 60.00 available credits from 600096, 600088, 600085, 600089, 600086, 600094, 600099, 600100 in any period AND, a minimum of 20.00 available credits and a maximum of 40.00 available credits from 600087, 600092 in any period  Subject to an overall minimum of 80 available credits and an overall maximum of 80 available credits ])",,,40,,Optional,6,CSHONS OPT1,600099,,20,No matching MAP,
UGCOMSPF,3,Taught,,,2023,Y,US1CMP16,UGCOMS,BSc,Computer Science with Industrial Experience,3,2023/24,ST1A,Enrolment Block,2024-UGCOMSPF-3-3-ST1A,,2023-UGCOMSPF-3-3-ST1A,"Year=0 - Selections: 441190 in T12, 600091 in T12 Student Module Electives  ([, 600097 in T12 AND, a minimum of 20.00 available credits and a maximum of 40.00 available credits from 600096, 600088, 600085, 600089, 600086, 600094, 600099, 600100 in any period AND, a minimum of 20.00 available credits and a maximum of 40.00 available credits from 600087, 600092 in any period  Subject to an overall minimum of 80 available credits and an overall maximum of 80 available credits ]) OR ([, a minimum of 40.00 available credits and a maximum of 60.00 available credits from 600096, 600088, 600085, 600089, 600086, 600094, 600099, 600100 in any period AND, a minimum of 20.00 available credits and a maximum of 40.00 available credits from 600087, 600092 in any period  Subject to an overall minimum of 80 available credits and an overall maximum of 80 available credits ])",,,40,T1,Optional,6,CSHONS OPT1,600085,Embedded Systems Development,20,600085T12323,
UGCOMSPF,3,Taught,,,2023,Y,US1CMP16,UGCOMS,BSc,Computer Science with Industrial Experience,3,2023/24,ST1A,Enrolment Block,2024-UGCOMSPF-3-3-ST1A,,2023-UGCOMSPF-3-3-ST1A,"Year=0 - Selections: 441190 in T12, 600091 in T12 Student Module Electives  ([, 600097 in T12 AND, a minimum of 20.00 available credits and a maximum of 40.00 available credits from 600096, 600088, 600085, 600089, 600086, 600094, 600099, 600100 in any period AND, a minimum of 20.00 available credits and a maximum of 40.00 available credits from 600087, 600092 in any period  Subject to an overall minimum of 80 available credits and an overall maximum of 80 available credits ]) OR ([, a minimum of 40.00 available credits and a maximum of 60.00 available credits from 600096, 600088, 600085, 600089, 600086, 600094, 600099, 600100 in any period AND, a minimum of 20.00 available credits and a maximum of 40.00 available credits from 600087, 600092 in any period  Subject to an overall minimum of 80 available credits and an overall maximum of 80 available credits ])",,,40,T1,Optional,6,CSHONS OPT1,600088,Virtual Environments,20,600088T12021,
UGCOMSPF,3,Taught,,,2023,Y,US1CMP16,UGCOMS,BSc,Computer Science with Industrial Experience,3,2023/24,ST1A,Enrolment Block,2024-UGCOMSPF-3-3-ST1A,,2023-UGCOMSPF-3-3-ST1A,"Year=0 - Selections: 441190 in T12, 600091 in T12 Student Module Electives  ([, 600097 in T12 AND, a minimum of 20.00 available credits and a maximum of 40.00 available credits from 600096, 600088, 600085, 600089, 600086, 600094, 600099, 600100 in any period AND, a minimum of 20.00 available credits and a maximum of 40.00 available credits from 600087, 600092 in any period  Subject to an overall minimum of 80 available credits and an overall maximum of 80 available credits ]) OR ([, a minimum of 40.00 available credits and a maximum of 60.00 available credits from 600096, 600088, 600085, 600089, 600086, 600094, 600099, 600100 in any period AND, a minimum of 20.00 available credits and a maximum of 40.00 available credits from 600087, 600092 in any period  Subject to an overall minimum of 80 available credits and an overall maximum of 80 available credits ])",,,40,T1,Optional,6,CSHONS OPT1,600096,Mobile Devices and Applications,20,600096T11919,
UGCOMSPF,3,Taught,,,2023,Y,US1CMP16,UGCOMS,BSc,Computer Science with Industrial Experience,3,2023/24,ST1A,Enrolment Block,2024-UGCOMSPF-3-3-ST1A,,2023-UGCOMSPF-3-3-ST1A,"Year=0 - Selections: 441190 in T12, 600091 in T12 Student Module Electives  ([, 600097 in T12 AND, a minimum of 20.00 available credits and a maximum of 40.00 available credits from 600096, 600088, 600085, 600089, 600086, 600094, 600099, 600100 in any period AND, a minimum of 20.00 available credits and a maximum of 40.00 available credits from 600087, 600092 in any period  Subject to an overall minimum of 80 available credits and an overall maximum of 80 available credits ]) OR ([, a minimum of 40.00 available credits and a maximum of 60.00 available credits from 600096, 600088, 600085, 600089, 600086, 600094, 600099, 600100 in any period AND, a minimum of 20.00 available credits and a maximum of 40.00 available credits from 600087, 600092 in any period  Subject to an overall minimum of 80 available credits and an overall maximum of 80 available credits ])",,,40,T2,Optional,6,CSHONS OPT1,600086,Parallel and Concurrent Programming,20,600086T22222,
UGCOMSPF,3,Taught,,,2023,Y,US1CMP16,UGCOMS,BSc,Computer Science with Industrial Experience,3,2023/24,ST1A,Enrolment Block,2024-UGCOMSPF-3-3-ST1A,,2023-UGCOMSPF-3-3-ST1A,"Year=0 - Selections: 441190 in T12, 600091 in T12 Student Module Electives  ([, 600097 in T12 AND, a minimum of 20.00 available credits and a maximum of 40.00 available credits from 600096, 600088, 600085, 600089, 600086, 600094, 600099, 600100 in any period AND, a minimum of 20.00 available credits and a maximum of 40.00 available credits from 600087, 600092 in any period  Subject to an overall minimum of 80 available credits and an overall maximum of 80 available credits ]) OR ([, a minimum of 40.00 available credits and a maximum of 60.00 available credits from 600096, 600088, 600085, 600089, 600086, 600094, 600099, 600100 in any period AND, a minimum of 20.00 available credits and a maximum of 40.00 available credits from 600087, 600092 in any period  Subject to an overall minimum of 80 available credits and an overall maximum of 80 available credits ])",,,40,T2,Optional,6,CSHONS OPT1,600089,Distributed Systems Programming,20,600089T22323,
UGCOMSPF,3,Taught,,,2023,Y,US1CMP16,UGCOMS,BSc,Computer Science with Industrial Experience,3,2023/24,ST1A,Enrolment Block,2024-UGCOMSPF-3-3-ST1A,,2023-UGCOMSPF-3-3-ST1A,"Year=0 - Selections: 441190 in T12, 600091 in T12 Student Module Electives  ([, 600097 in T12 AND, a minimum of 20.00 available credits and a maximum of 40.00 available credits from 600096, 600088, 600085, 600089, 600086, 600094, 600099, 600100 in any period AND, a minimum of 20.00 available credits and a maximum of 40.00 available credits from 600087, 600092 in any period  Subject to an overall minimum of 80 available credits and an overall maximum of 80 available credits ]) OR ([, a minimum of 40.00 available credits and a maximum of 60.00 available credits from 600096, 600088, 600085, 600089, 600086, 600094, 600099, 600100 in any period AND, a minimum of 20.00 available credits and a maximum of 40.00 available credits from 600087, 600092 in any period  Subject to an overall minimum of 80 available credits and an overall maximum of 80 available credits ])",,,40,T2,Optional,6,CSHONS OPT1,600094,Advanced Software Engineering,20,600094T21818,
UGCOMSPF,3,Taught,,,2023,Y,US1CMP16,UGCOMS,BSc,Computer Science with Industrial Experience,3,2023/24,ST1A,Enrolment Block,2024-UGCOMSPF-3-3-ST1A,,2023-UGCOMSPF-3-3-ST1A,"Year=0 - Selections: 441190 in T12, 600091 in T12 Student Module Electives  ([, 600097 in T12 AND, a minimum of 20.00 available credits and a maximum of 40.00 available credits from 600096, 600088, 600085, 600089, 600086, 600094, 600099, 600100 in any period AND, a minimum of 20.00 available credits and a maximum of 40.00 available credits from 600087, 600092 in any period  Subject to an overall minimum of 80 available credits and an overall maximum of 80 available credits ]) OR ([, a minimum of 40.00 available credits and a maximum of 60.00 available credits from 600096, 600088, 600085, 600089, 600086, 600094, 600099, 600100 in any period AND, a minimum of 20.00 available credits and a maximum of 40.00 available credits from 600087, 600092 in any period  Subject to an overall minimum of 80 available credits and an overall maximum of 80 available credits ])",,,40,T2,Optional,6,CSHONS OPT1,600100,Computer Vision,20,600100T2323,
UGCOMSPF,3,Taught,,,2023,Y,US1CMP16,UGCOMS,BSc,Computer Science with Industrial Experience,3,2023/24,ST1A,Enrolment Block,2024-UGCOMSPF-3-3-ST1A,,2023-UGCOMSPF-3-3-ST1A,"Year=0 - Selections: 441190 in T12, 600091 in T12 Student Module Electives  ([, 600097 in T12 AND, a minimum of 20.00 available credits and a maximum of 40.00 available credits from 600096, 600088, 600085, 600089, 600086, 600094, 600099, 600100 in any period AND, a minimum of 20.00 available credits and a maximum of 40.00 available credits from 600087, 600092 in any period  Subject to an overall minimum of 80 available credits and an overall maximum of 80 available credits ]) OR ([, a minimum of 40.00 available credits and a maximum of 60.00 available credits from 600096, 600088, 600085, 600089, 600086, 600094, 600099, 600100 in any period AND, a minimum of 20.00 available credits and a maximum of 40.00 available credits from 600087, 600092 in any period  Subject to an overall minimum of 80 available credits and an overall maximum of 80 available credits ])",,,50,T1,Optional,6,CSHONSOPT 2,600087,Languages and their Compilers,20,600087T11818,
UGCOMSPF,3,Taught,,,2023,Y,US1CMP16,UGCOMS,BSc,Computer Science with Industrial Experience,3,2023/24,ST1A,Enrolment Block,2024-UGCOMSPF-3-3-ST1A,,2023-UGCOMSPF-3-3-ST1A,"Year=0 - Selections: 441190 in T12, 600091 in T12 Student Module Electives  ([, 600097 in T12 AND, a minimum of 20.00 available credits and a maximum of 40.00 available credits from 600096, 600088, 600085, 600089, 600086, 600094, 600099, 600100 in any period AND, a minimum of 20.00 available credits and a maximum of 40.00 available credits from 600087, 600092 in any period  Subject to an overall minimum of 80 available credits and an overall maximum of 80 available credits ]) OR ([, a minimum of 40.00 available credits and a maximum of 60.00 available credits from 600096, 600088, 600085, 600089, 600086, 600094, 600099, 600100 in any period AND, a minimum of 20.00 available credits and a maximum of 40.00 available credits from 600087, 600092 in any period  Subject to an overall minimum of 80 available credits and an overall maximum of 80 available credits ])",,,50,T1,Optional,6,CSHONSOPT 2,600092,Data Mining and Decision Systems,20,600092T12121,
UGCOMSPF,3,Taught,,,2023,Y,US1CMP16,UGCOMS,BSc,Computer Science with Industrial Experience,3,2023/24,ST1A,Enrolment Block,2024-UGCOMSPF-3-3-ST1A,,2023-UGCOMSPF-3-3-ST1A,"Year=0 - Selections: 441190 in T12, 600091 in T12 Student Module Electives  ([, 600097 in T12 AND, a minimum of 20.00 available credits and a maximum of 40.00 available credits from 600096, 600088, 600085, 600089, 600086, 600094, 600099, 600100 in any period AND, a minimum of 20.00 available credits and a maximum of 40.00 available credits from 600087, 600092 in any period  Subject to an overall minimum of 80 available credits and an overall maximum of 80 available credits ]) OR ([, a minimum of 40.00 available credits and a maximum of 60.00 available credits from 600096, 600088, 600085, 600089, 600086, 600094, 600099, 600100 in any period AND, a minimum of 20.00 available credits and a maximum of 40.00 available credits from 600087, 600092 in any period  Subject to an overall minimum of 80 available credits and an overall maximum of 80 available credits ])",,,60,,Compulsory,4,441190,441190,,0,No matching MAP,
UGCOMSPF,3,Taught,,,2023,Y,US1CMP16,UGCOMS,BSc,Computer Science with Industrial Experience,P,2023/24,ST1A,Enrolment Block,2024-UGCOMSPF-3-P-ST1A,,2023-UGCOMSPF-3-P-ST1A,Year=0 - Selections: 500091 in T12,,,1,T12,Core,5B,500091,500091,Year Out in Industry/Commerce,120,5.00E+11,
UGCOMSPF,4,Taught,,2022,,Y,US1CMP19,UGCOMS,BSc,Computer Science with Industrial Placement,1,2023/24,ST1A,Enrolment Block,2024-UGCOMSPF-4-1-ST1A,,2023-UGCOMSPF-4-1-ST1A,"Year=0 - Selections: 441101 in T12, 441104 in T2, 441105 in T1, 441102 in T2, 441108 in T1, 441187 in T12, 441190 in any period",,,10,T12,Core,4,441101,441101,Programming Portfolio,40,441101T1&222,
UGCOMSPF,4,Taught,,2022,,Y,US1CMP19,UGCOMS,BSc,Computer Science with Industrial Placement,1,2023/24,ST1A,Enrolment Block,2024-UGCOMSPF-4-1-ST1A,,2023-UGCOMSPF-4-1-ST1A,"Year=0 - Selections: 441101 in T12, 441104 in T2, 441105 in T1, 441102 in T2, 441108 in T1, 441187 in T12, 441190 in any period",,,20,T2,Compulsory,4,441104,441104,Computational Thinking,20,441104T12222,
UGCOMSPF,4,Taught,,2022,,Y,US1CMP19,UGCOMS,BSc,Computer Science with Industrial Placement,1,2023/24,ST1A,Enrolment Block,2024-UGCOMSPF-4-1-ST1A,,2023-UGCOMSPF-4-1-ST1A,"Year=0 - Selections: 441101 in T12, 441104 in T2, 441105 in T1, 441102 in T2, 441108 in T1, 441187 in T12, 441190 in any period",,,30,T1,Compulsory,4,441105,441105,Algorithms and Data Structures,20,441105T12222,
UGCOMSPF,4,Taught,,2022,,Y,US1CMP19,UGCOMS,BSc,Computer Science with Industrial Placement,1,2023/24,ST1A,Enrolment Block,2024-UGCOMSPF-4-1-ST1A,,2023-UGCOMSPF-4-1-ST1A,"Year=0 - Selections: 441101 in T12, 441104 in T2, 441105 in T1, 441102 in T2, 441108 in T1, 441187 in T12, 441190 in any period",,,40,T2,Compulsory,4,441102,441102,"Architectures, Operating Systems and the Cloud",20,441102T22222,
UGCOMSPF,4,Taught,,2022,,Y,US1CMP19,UGCOMS,BSc,Computer Science with Industrial Placement,1,2023/24,ST1A,Enrolment Block,2024-UGCOMSPF-4-1-ST1A,,2023-UGCOMSPF-4-1-ST1A,"Year=0 - Selections: 441101 in T12, 441104 in T2, 441105 in T1, 441102 in T2, 441108 in T1, 441187 in T12, 441190 in any period",,,50,T1,Compulsory,4,441108,441108,Professional Development,20,441108T22222,
UGCOMSPF,4,Taught,,2022,,Y,US1CMP19,UGCOMS,BSc,Computer Science with Industrial Placement,1,2023/24,ST1A,Enrolment Block,2024-UGCOMSPF-4-1-ST1A,,2023-UGCOMSPF-4-1-ST1A,"Year=0 - Selections: 441101 in T12, 441104 in T2, 441105 in T1, 441102 in T2, 441108 in T1, 441187 in T12, 441190 in any period",,,60,T12,Compulsory,4,441187,441187,Computer Science PASS module,0,No matching MAP,
UGCOMSPF,4,Taught,,2022,,Y,US1CMP19,UGCOMS,BSc,Computer Science with Industrial Placement,1,2023/24,ST1A,Enrolment Block,2024-UGCOMSPF-4-1-ST1A,,2023-UGCOMSPF-4-1-ST1A,"Year=0 - Selections: 441101 in T12, 441104 in T2, 441105 in T1, 441102 in T2, 441108 in T1, 441187 in T12, 441190 in any period",,,70,,Compulsory,4,441190,441190,,0,No matching MAP,
UGCOMSPF,4,Taught,,2022,,Y,US1CMP19,UGCOMS,BSc,Computer Science with Industrial Placement,2,2023/24,ST1A,Enrolment Block,2024-UGCOMSPF-4-2-ST1A,,2023-UGCOMSPF-4-2-ST1A,"Year=0 - Selections: 551462 in T12, 551457 in T1, 551458 in T1, 551460 in T2, 441190 in T12 - Electives: 20.00 available credits from 500083, 551461, 551672 in T2",,,10,T12,Core,5,551462,551462,Design Develop Deploy,40,551462T1222,
UGCOMSPF,4,Taught,,2022,,Y,US1CMP19,UGCOMS,BSc,Computer Science with Industrial Placement,2,2023/24,ST1A,Enrolment Block,2024-UGCOMSPF-4-2-ST1A,,2023-UGCOMSPF-4-2-ST1A,"Year=0 - Selections: 551462 in T12, 551457 in T1, 551458 in T1, 551460 in T2, 441190 in T12 - Electives: 20.00 available credits from 500083, 551461, 551672 in T2",,,20,T1,Compulsory,5,551457,551457,Databases and Networks,20,551457T12222,
UGCOMSPF,4,Taught,,2022,,Y,US1CMP19,UGCOMS,BSc,Computer Science with Industrial Placement,2,2023/24,ST1A,Enrolment Block,2024-UGCOMSPF-4-2-ST1A,,2023-UGCOMSPF-4-2-ST1A,"Year=0 - Selections: 551462 in T12, 551457 in T1, 551458 in T1, 551460 in T2, 441190 in T12 - Electives: 20.00 available credits from 500083, 551461, 551672 in T2",,,30,T1,Compulsory,5,551458,551458,Artificial Intelligence,20,551458T12222,
UGCOMSPF,4,Taught,,2022,,Y,US1CMP19,UGCOMS,BSc,Computer Science with Industrial Placement,2,2023/24,ST1A,Enrolment Block,2024-UGCOMSPF-4-2-ST1A,,2023-UGCOMSPF-4-2-ST1A,"Year=0 - Selections: 551462 in T12, 551457 in T1, 551458 in T1, 551460 in T2, 441190 in T12 - Electives: 20.00 available credits from 500083, 551461, 551672 in T2",,,40,T2,Compulsory,5,551460,551460,User Interfaces and Experience,20,551460T22222,
UGCOMSPF,4,Taught,,2022,,Y,US1CMP19,UGCOMS,BSc,Computer Science with Industrial Placement,2,2023/24,ST1A,Enrolment Block,2024-UGCOMSPF-4-2-ST1A,,2023-UGCOMSPF-4-2-ST1A,"Year=0 - Selections: 551462 in T12, 551457 in T1, 551458 in T1, 551460 in T2, 441190 in T12 - Electives: 20.00 available credits from 500083, 551461, 551672 in T2",,,50,,Optional,5,BSC COMP SCI T2 L5 OPTS,551672,,20,No matching MAP,
UGCOMSPF,4,Taught,,2022,,Y,US1CMP19,UGCOMS,BSc,Computer Science with Industrial Placement,2,2023/24,ST1A,Enrolment Block,2024-UGCOMSPF-4-2-ST1A,,2023-UGCOMSPF-4-2-ST1A,"Year=0 - Selections: 551462 in T12, 551457 in T1, 551458 in T1, 551460 in T2, 441190 in T12 - Electives: 20.00 available credits from 500083, 551461, 551672 in T2",,,50,T2,Optional,5,BSC COMP SCI T2 L5 OPTS,500083,Advanced Programming,20,500083T22222,
UGCOMSPF,4,Taught,,2022,,Y,US1CMP19,UGCOMS,BSc,Computer Science with Industrial Placement,2,2023/24,ST1A,Enrolment Block,2024-UGCOMSPF-4-2-ST1A,,2023-UGCOMSPF-4-2-ST1A,"Year=0 - Selections: 551462 in T12, 551457 in T1, 551458 in T1, 551460 in T2, 441190 in T12 - Electives: 20.00 available credits from 500083, 551461, 551672 in T2",,,50,T2,Optional,5,BSC COMP SCI T2 L5 OPTS,551461,Mixed Reality Development,20,551461T22323,
UGCOMSPF,4,Taught,,2022,,Y,US1CMP19,UGCOMS,BSc,Computer Science with Industrial Placement,2,2023/24,ST1A,Enrolment Block,2024-UGCOMSPF-4-2-ST1A,,2023-UGCOMSPF-4-2-ST1A,"Year=0 - Selections: 551462 in T12, 551457 in T1, 551458 in T1, 551460 in T2, 441190 in T12 - Electives: 20.00 available credits from 500083, 551461, 551672 in T2",,,60,,Compulsory,4,441190,441190,,0,No matching MAP,
UGCOMSPF,4,Taught,,2022,,Y,US1CMP19,UGCOMS,BSc,Computer Science with Industrial Placement,3,2023/24,ST1A,Enrolment Block,2024-UGCOMSPF-4-3-ST1A,,2023-UGCOMSPF-4-3-ST1A,"Year=0 - Selections: 661987 in T1, 600093 in T2, 441190 in T12 - Electives: 40.00 available credits from 600091, 662004 in T12, 20.00 available credits from 661982, 661984, 662086 in T1, 20.00 available credits from 600100, 600089, 661985, 600086, 661987, 662253 in T2",,,10,T12,Elective - If chosen cannot condone or compenste,6,COMP SCI L6 T12 OPTS,600091,Honours Stage Project,40,60009112222,
UGCOMSPF,4,Taught,,2022,,Y,US1CMP19,UGCOMS,BSc,Computer Science with Industrial Placement,3,2023/24,ST1A,Enrolment Block,2024-UGCOMSPF-4-3-ST1A,,2023-UGCOMSPF-4-3-ST1A,"Year=0 - Selections: 661987 in T1, 600093 in T2, 441190 in T12 - Electives: 40.00 available credits from 600091, 662004 in T12, 20.00 available credits from 661982, 661984, 662086 in T1, 20.00 available credits from 600100, 600089, 661985, 600086, 661987, 662253 in T2",,,10,T12,Elective - If chosen cannot condone or compenste,6,COMP SCI L6 T12 OPTS,662004,Communicating and Teaching Computing,40,6.62E+11,
UGCOMSPF,4,Taught,,2022,,Y,US1CMP19,UGCOMS,BSc,Computer Science with Industrial Placement,3,2023/24,ST1A,Enrolment Block,2024-UGCOMSPF-4-3-ST1A,,2023-UGCOMSPF-4-3-ST1A,"Year=0 - Selections: 661987 in T1, 600093 in T2, 441190 in T12 - Electives: 40.00 available credits from 600091, 662004 in T12, 20.00 available credits from 661982, 661984, 662086 in T1, 20.00 available credits from 600100, 600089, 661985, 600086, 661987, 662253 in T2",,,20,T1,Compulsory,6,661987,661987,Data Analysis and Visualisation,20,661987T12222,
UGCOMSPF,4,Taught,,2022,,Y,US1CMP19,UGCOMS,BSc,Computer Science with Industrial Placement,3,2023/24,ST1A,Enrolment Block,2024-UGCOMSPF-4-3-ST1A,,2023-UGCOMSPF-4-3-ST1A,"Year=0 - Selections: 661987 in T1, 600093 in T2, 441190 in T12 - Electives: 40.00 available credits from 600091, 662004 in T12, 20.00 available credits from 661982, 661984, 662086 in T1, 20.00 available credits from 600100, 600089, 661985, 600086, 661987, 662253 in T2",,,30,T1,Optional,6,COMP SCI L6 T1 OPTS,661982,Secure Digital Infrastructure,20,661982T12222,
UGCOMSPF,4,Taught,,2022,,Y,US1CMP19,UGCOMS,BSc,Computer Science with Industrial Placement,3,2023/24,ST1A,Enrolment Block,2024-UGCOMSPF-4-3-ST1A,,2023-UGCOMSPF-4-3-ST1A,"Year=0 - Selections: 661987 in T1, 600093 in T2, 441190 in T12 - Electives: 40.00 available credits from 600091, 662004 in T12, 20.00 available credits from 661982, 661984, 662086 in T1, 20.00 available credits from 600100, 600089, 661985, 600086, 661987, 662253 in T2",,,30,T1,Optional,6,COMP SCI L6 T1 OPTS,661984,Digital Disruption and Innovation,20,661984T12222,
UGCOMSPF,4,Taught,,2022,,Y,US1CMP19,UGCOMS,BSc,Computer Science with Industrial Placement,3,2023/24,ST1A,Enrolment Block,2024-UGCOMSPF-4-3-ST1A,,2023-UGCOMSPF-4-3-ST1A,"Year=0 - Selections: 661987 in T1, 600093 in T2, 441190 in T12 - Electives: 40.00 available credits from 600091, 662004 in T12, 20.00 available credits from 661982, 661984, 662086 in T1, 20.00 available credits from 600100, 600089, 661985, 600086, 661987, 662253 in T2",,,30,T1,Optional,6,COMP SCI L6 T1 OPTS,662086,Machine Learning,20,662086T12222,
UGCOMSPF,4,Taught,,2022,,Y,US1CMP19,UGCOMS,BSc,Computer Science with Industrial Placement,3,2023/24,ST1A,Enrolment Block,2024-UGCOMSPF-4-3-ST1A,,2023-UGCOMSPF-4-3-ST1A,"Year=0 - Selections: 661987 in T1, 600093 in T2, 441190 in T12 - Electives: 40.00 available credits from 600091, 662004 in T12, 20.00 available credits from 661982, 661984, 662086 in T1, 20.00 available credits from 600100, 600089, 661985, 600086, 661987, 662253 in T2",,,40,,Optional,6,COMP SCI L6 T2 OPTS,661987,,20,No matching MAP,
UGCOMSPF,4,Taught,,2022,,Y,US1CMP19,UGCOMS,BSc,Computer Science with Industrial Placement,3,2023/24,ST1A,Enrolment Block,2024-UGCOMSPF-4-3-ST1A,,2023-UGCOMSPF-4-3-ST1A,"Year=0 - Selections: 661987 in T1, 600093 in T2, 441190 in T12 - Electives: 40.00 available credits from 600091, 662004 in T12, 20.00 available credits from 661982, 661984, 662086 in T1, 20.00 available credits from 600100, 600089, 661985, 600086, 661987, 662253 in T2",,,40,,Optional,6,COMP SCI L6 T2 OPTS,662253,,20,No matching MAP,
UGCOMSPF,4,Taught,,2022,,Y,US1CMP19,UGCOMS,BSc,Computer Science with Industrial Placement,3,2023/24,ST1A,Enrolment Block,2024-UGCOMSPF-4-3-ST1A,,2023-UGCOMSPF-4-3-ST1A,"Year=0 - Selections: 661987 in T1, 600093 in T2, 441190 in T12 - Electives: 40.00 available credits from 600091, 662004 in T12, 20.00 available credits from 661982, 661984, 662086 in T1, 20.00 available credits from 600100, 600089, 661985, 600086, 661987, 662253 in T2",,,40,T2,Optional,6,COMP SCI L6 T2 OPTS,600086,Parallel and Concurrent Programming,20,600086T22222,
UGCOMSPF,4,Taught,,2022,,Y,US1CMP19,UGCOMS,BSc,Computer Science with Industrial Placement,3,2023/24,ST1A,Enrolment Block,2024-UGCOMSPF-4-3-ST1A,,2023-UGCOMSPF-4-3-ST1A,"Year=0 - Selections: 661987 in T1, 600093 in T2, 441190 in T12 - Electives: 40.00 available credits from 600091, 662004 in T12, 20.00 available credits from 661982, 661984, 662086 in T1, 20.00 available credits from 600100, 600089, 661985, 600086, 661987, 662253 in T2",,,40,T2,Optional,6,COMP SCI L6 T2 OPTS,600089,Distributed Systems Programming,20,600089T22323,
UGCOMSPF,4,Taught,,2022,,Y,US1CMP19,UGCOMS,BSc,Computer Science with Industrial Placement,3,2023/24,ST1A,Enrolment Block,2024-UGCOMSPF-4-3-ST1A,,2023-UGCOMSPF-4-3-ST1A,"Year=0 - Selections: 661987 in T1, 600093 in T2, 441190 in T12 - Electives: 40.00 available credits from 600091, 662004 in T12, 20.00 available credits from 661982, 661984, 662086 in T1, 20.00 available credits from 600100, 600089, 661985, 600086, 661987, 662253 in T2",,,40,T2,Optional,6,COMP SCI L6 T2 OPTS,600100,Computer Vision,20,600100T2323,
UGCOMSPF,4,Taught,,2022,,Y,US1CMP19,UGCOMS,BSc,Computer Science with Industrial Placement,3,2023/24,ST1A,Enrolment Block,2024-UGCOMSPF-4-3-ST1A,,2023-UGCOMSPF-4-3-ST1A,"Year=0 - Selections: 661987 in T1, 600093 in T2, 441190 in T12 - Electives: 40.00 available credits from 600091, 662004 in T12, 20.00 available credits from 661982, 661984, 662086 in T1, 20.00 available credits from 600100, 600089, 661985, 600086, 661987, 662253 in T2",,,40,T2,Optional,6,COMP SCI L6 T2 OPTS,661985,Safety Critical Systems,20,661985T22222,
UGCOMSPF,4,Taught,,2022,,Y,US1CMP19,UGCOMS,BSc,Computer Science with Industrial Placement,3,2023/24,ST1A,Enrolment Block,2024-UGCOMSPF-4-3-ST1A,,2023-UGCOMSPF-4-3-ST1A,"Year=0 - Selections: 661987 in T1, 600093 in T2, 441190 in T12 - Electives: 40.00 available credits from 600091, 662004 in T12, 20.00 available credits from 661982, 661984, 662086 in T1, 20.00 available credits from 600100, 600089, 661985, 600086, 661987, 662253 in T2",,,50,T2,Compulsory,6,600093,600093,Computational Science,20,600093T22222,
UGCOMSPF,4,Taught,,2022,,Y,US1CMP19,UGCOMS,BSc,Computer Science with Industrial Placement,3,2023/24,ST1A,Enrolment Block,2024-UGCOMSPF-4-3-ST1A,,2023-UGCOMSPF-4-3-ST1A,"Year=0 - Selections: 661987 in T1, 600093 in T2, 441190 in T12 - Electives: 40.00 available credits from 600091, 662004 in T12, 20.00 available credits from 661982, 661984, 662086 in T1, 20.00 available credits from 600100, 600089, 661985, 600086, 661987, 662253 in T2",,,60,,Compulsory,4,441190,441190,,0,No matching MAP,
UGCOMSPF,4,Taught,,2022,,Y,US1CMP19,UGCOMS,BSc,Computer Science with Industrial Placement,P,2023/24,ST1A,Enrolment Block,2024-UGCOMSPF-4-P-ST1A,,2023-UGCOMSPF-4-P-ST1A,Year=0 - Selections: 500091 in T123A,,,10,T123A,Core,5B,500091,500091,Year Out in Industry/Commerce,120,50009112322,
UGCOMSPF,5,Taught,,,2022,,US1CMP00,UGCOMS,BSc,Computer Science with Industrial Experience,1,2023/24,ST1A,Enrolment Block,2024-UGCOMSPF-5-1-ST1A,,2023-UGCOMSPF-5-1-ST1A,,,,,,,,,,,,No matching MAP,
UGCOMSPF,5,Taught,,,2022,,US1CMP00,UGCOMS,BSc,Computer Science with Industrial Experience,2,2023/24,ST1A,Enrolment Block,2024-UGCOMSPF-5-2-ST1A,,2023-UGCOMSPF-5-2-ST1A,,,,,,,,,,,,No matching MAP,
UGCOMSPF,5,Taught,,,2022,,US1CMP00,UGCOMS,BSc,Computer Science with Industrial Experience,3,2023/24,ST1A,Enrolment Block,2024-UGCOMSPF-5-3-ST1A,,2023-UGCOMSPF-5-3-ST1A,"Year=0 - Selections: 600091 in T12 Student Module Electives  [, 600097 in T12, a minimum of 20.00 available credits and a maximum of 40.00 available credits from 600096, 600088, 600085, 600089, 600086, 600094, 600099, 600100 in T12, a minimum of 20.00 available credits and a maximum of 40.00 available credits from 600087, 600092 in T1  Subject to an overall minimum of 80 available credits and an overall maximum of 80 available credits ] [, a minimum of 40.00 available credits and a maximum of 60.00 available credits from 600096, 600088, 600085, 600089, 600086, 600094, 600099, 600100 in T2, a minimum of 20.00 available credits and a maximum of 40.00 available credits from 600087, 600092 in any period  Subject to an overall minimum of 80 available credits and an overall maximum of 80 available credits ]",,,1,T12,Core,6,600091,600091,Honours Stage Project,40,60009112222,
UGCOMSPF,5,Taught,,,2022,,US1CMP00,UGCOMS,BSc,Computer Science with Industrial Experience,3,2023/24,ST1A,Enrolment Block,2024-UGCOMSPF-5-3-ST1A,,2023-UGCOMSPF-5-3-ST1A,"Year=0 - Selections: 600091 in T12 Student Module Electives  [, 600097 in T12, a minimum of 20.00 available credits and a maximum of 40.00 available credits from 600096, 600088, 600085, 600089, 600086, 600094, 600099, 600100 in T12, a minimum of 20.00 available credits and a maximum of 40.00 available credits from 600087, 600092 in T1  Subject to an overall minimum of 80 available credits and an overall maximum of 80 available credits ] [, a minimum of 40.00 available credits and a maximum of 60.00 available credits from 600096, 600088, 600085, 600089, 600086, 600094, 600099, 600100 in T2, a minimum of 20.00 available credits and a maximum of 40.00 available credits from 600087, 600092 in any period  Subject to an overall minimum of 80 available credits and an overall maximum of 80 available credits ]",,,11,,Optional,6,CSHONS OPT1,600085,,20,No matching MAP,
UGCOMSPF,5,Taught,,,2022,,US1CMP00,UGCOMS,BSc,Computer Science with Industrial Experience,3,2023/24,ST1A,Enrolment Block,2024-UGCOMSPF-5-3-ST1A,,2023-UGCOMSPF-5-3-ST1A,"Year=0 - Selections: 600091 in T12 Student Module Electives  [, 600097 in T12, a minimum of 20.00 available credits and a maximum of 40.00 available credits from 600096, 600088, 600085, 600089, 600086, 600094, 600099, 600100 in T12, a minimum of 20.00 available credits and a maximum of 40.00 available credits from 600087, 600092 in T1  Subject to an overall minimum of 80 available credits and an overall maximum of 80 available credits ] [, a minimum of 40.00 available credits and a maximum of 60.00 available credits from 600096, 600088, 600085, 600089, 600086, 600094, 600099, 600100 in T2, a minimum of 20.00 available credits and a maximum of 40.00 available credits from 600087, 600092 in any period  Subject to an overall minimum of 80 available credits and an overall maximum of 80 available credits ]",,,11,,Optional,6,CSHONS OPT1,600086,,20,No matching MAP,
UGCOMSPF,5,Taught,,,2022,,US1CMP00,UGCOMS,BSc,Computer Science with Industrial Experience,3,2023/24,ST1A,Enrolment Block,2024-UGCOMSPF-5-3-ST1A,,2023-UGCOMSPF-5-3-ST1A,"Year=0 - Selections: 600091 in T12 Student Module Electives  [, 600097 in T12, a minimum of 20.00 available credits and a maximum of 40.00 available credits from 600096, 600088, 600085, 600089, 600086, 600094, 600099, 600100 in T12, a minimum of 20.00 available credits and a maximum of 40.00 available credits from 600087, 600092 in T1  Subject to an overall minimum of 80 available credits and an overall maximum of 80 available credits ] [, a minimum of 40.00 available credits and a maximum of 60.00 available credits from 600096, 600088, 600085, 600089, 600086, 600094, 600099, 600100 in T2, a minimum of 20.00 available credits and a maximum of 40.00 available credits from 600087, 600092 in any period  Subject to an overall minimum of 80 available credits and an overall maximum of 80 available credits ]",,,11,,Optional,6,CSHONS OPT1,600088,,20,No matching MAP,
UGCOMSPF,5,Taught,,,2022,,US1CMP00,UGCOMS,BSc,Computer Science with Industrial Experience,3,2023/24,ST1A,Enrolment Block,2024-UGCOMSPF-5-3-ST1A,,2023-UGCOMSPF-5-3-ST1A,"Year=0 - Selections: 600091 in T12 Student Module Electives  [, 600097 in T12, a minimum of 20.00 available credits and a maximum of 40.00 available credits from 600096, 600088, 600085, 600089, 600086, 600094, 600099, 600100 in T12, a minimum of 20.00 available credits and a maximum of 40.00 available credits from 600087, 600092 in T1  Subject to an overall minimum of 80 available credits and an overall maximum of 80 available credits ] [, a minimum of 40.00 available credits and a maximum of 60.00 available credits from 600096, 600088, 600085, 600089, 600086, 600094, 600099, 600100 in T2, a minimum of 20.00 available credits and a maximum of 40.00 available credits from 600087, 600092 in any period  Subject to an overall minimum of 80 available credits and an overall maximum of 80 available credits ]",,,11,,Optional,6,CSHONS OPT1,600089,,20,No matching MAP,
UGCOMSPF,5,Taught,,,2022,,US1CMP00,UGCOMS,BSc,Computer Science with Industrial Experience,3,2023/24,ST1A,Enrolment Block,2024-UGCOMSPF-5-3-ST1A,,2023-UGCOMSPF-5-3-ST1A,"Year=0 - Selections: 600091 in T12 Student Module Electives  [, 600097 in T12, a minimum of 20.00 available credits and a maximum of 40.00 available credits from 600096, 600088, 600085, 600089, 600086, 600094, 600099, 600100 in T12, a minimum of 20.00 available credits and a maximum of 40.00 available credits from 600087, 600092 in T1  Subject to an overall minimum of 80 available credits and an overall maximum of 80 available credits ] [, a minimum of 40.00 available credits and a maximum of 60.00 available credits from 600096, 600088, 600085, 600089, 600086, 600094, 600099, 600100 in T2, a minimum of 20.00 available credits and a maximum of 40.00 available credits from 600087, 600092 in any period  Subject to an overall minimum of 80 available credits and an overall maximum of 80 available credits ]",,,11,,Optional,6,CSHONS OPT1,600094,,20,No matching MAP,
UGCOMSPF,5,Taught,,,2022,,US1CMP00,UGCOMS,BSc,Computer Science with Industrial Experience,3,2023/24,ST1A,Enrolment Block,2024-UGCOMSPF-5-3-ST1A,,2023-UGCOMSPF-5-3-ST1A,"Year=0 - Selections: 600091 in T12 Student Module Electives  [, 600097 in T12, a minimum of 20.00 available credits and a maximum of 40.00 available credits from 600096, 600088, 600085, 600089, 600086, 600094, 600099, 600100 in T12, a minimum of 20.00 available credits and a maximum of 40.00 available credits from 600087, 600092 in T1  Subject to an overall minimum of 80 available credits and an overall maximum of 80 available credits ] [, a minimum of 40.00 available credits and a maximum of 60.00 available credits from 600096, 600088, 600085, 600089, 600086, 600094, 600099, 600100 in T2, a minimum of 20.00 available credits and a maximum of 40.00 available credits from 600087, 600092 in any period  Subject to an overall minimum of 80 available credits and an overall maximum of 80 available credits ]",,,11,,Optional,6,CSHONS OPT1,600096,,20,No matching MAP,
UGCOMSPF,5,Taught,,,2022,,US1CMP00,UGCOMS,BSc,Computer Science with Industrial Experience,3,2023/24,ST1A,Enrolment Block,2024-UGCOMSPF-5-3-ST1A,,2023-UGCOMSPF-5-3-ST1A,"Year=0 - Selections: 600091 in T12 Student Module Electives  [, 600097 in T12, a minimum of 20.00 available credits and a maximum of 40.00 available credits from 600096, 600088, 600085, 600089, 600086, 600094, 600099, 600100 in T12, a minimum of 20.00 available credits and a maximum of 40.00 available credits from 600087, 600092 in T1  Subject to an overall minimum of 80 available credits and an overall maximum of 80 available credits ] [, a minimum of 40.00 available credits and a maximum of 60.00 available credits from 600096, 600088, 600085, 600089, 600086, 600094, 600099, 600100 in T2, a minimum of 20.00 available credits and a maximum of 40.00 available credits from 600087, 600092 in any period  Subject to an overall minimum of 80 available credits and an overall maximum of 80 available credits ]",,,11,,Optional,6,CSHONS OPT1,600099,,20,No matching MAP,
UGCOMSPF,5,Taught,,,2022,,US1CMP00,UGCOMS,BSc,Computer Science with Industrial Experience,3,2023/24,ST1A,Enrolment Block,2024-UGCOMSPF-5-3-ST1A,,2023-UGCOMSPF-5-3-ST1A,"Year=0 - Selections: 600091 in T12 Student Module Electives  [, 600097 in T12, a minimum of 20.00 available credits and a maximum of 40.00 available credits from 600096, 600088, 600085, 600089, 600086, 600094, 600099, 600100 in T12, a minimum of 20.00 available credits and a maximum of 40.00 available credits from 600087, 600092 in T1  Subject to an overall minimum of 80 available credits and an overall maximum of 80 available credits ] [, a minimum of 40.00 available credits and a maximum of 60.00 available credits from 600096, 600088, 600085, 600089, 600086, 600094, 600099, 600100 in T2, a minimum of 20.00 available credits and a maximum of 40.00 available credits from 600087, 600092 in any period  Subject to an overall minimum of 80 available credits and an overall maximum of 80 available credits ]",,,11,,Optional,6,CSHONS OPT1,600100,,20,No matching MAP,
UGCOMSPF,5,Taught,,,2022,,US1CMP00,UGCOMS,BSc,Computer Science with Industrial Experience,3,2023/24,ST1A,Enrolment Block,2024-UGCOMSPF-5-3-ST1A,,2023-UGCOMSPF-5-3-ST1A,"Year=0 - Selections: 600091 in T12 Student Module Electives  [, 600097 in T12, a minimum of 20.00 available credits and a maximum of 40.00 available credits from 600096, 600088, 600085, 600089, 600086, 600094, 600099, 600100 in T12, a minimum of 20.00 available credits and a maximum of 40.00 available credits from 600087, 600092 in T1  Subject to an overall minimum of 80 available credits and an overall maximum of 80 available credits ] [, a minimum of 40.00 available credits and a maximum of 60.00 available credits from 600096, 600088, 600085, 600089, 600086, 600094, 600099, 600100 in T2, a minimum of 20.00 available credits and a maximum of 40.00 available credits from 600087, 600092 in any period  Subject to an overall minimum of 80 available credits and an overall maximum of 80 available credits ]",,,21,T1,Optional,6,CSHONSOPT 2,600087,Languages and their Compilers,20,600087T11818,
UGCOMSPF,5,Taught,,,2022,,US1CMP00,UGCOMS,BSc,Computer Science with Industrial Experience,3,2023/24,ST1A,Enrolment Block,2024-UGCOMSPF-5-3-ST1A,,2023-UGCOMSPF-5-3-ST1A,"Year=0 - Selections: 600091 in T12 Student Module Electives  [, 600097 in T12, a minimum of 20.00 available credits and a maximum of 40.00 available credits from 600096, 600088, 600085, 600089, 600086, 600094, 600099, 600100 in T12, a minimum of 20.00 available credits and a maximum of 40.00 available credits from 600087, 600092 in T1  Subject to an overall minimum of 80 available credits and an overall maximum of 80 available credits ] [, a minimum of 40.00 available credits and a maximum of 60.00 available credits from 600096, 600088, 600085, 600089, 600086, 600094, 600099, 600100 in T2, a minimum of 20.00 available credits and a maximum of 40.00 available credits from 600087, 600092 in any period  Subject to an overall minimum of 80 available credits and an overall maximum of 80 available credits ]",,,21,T1,Optional,6,CSHONSOPT 2,600092,Data Mining and Decision Systems,20,600092T12121,
UGCOMSPF,5,Taught,,,2022,,US1CMP00,UGCOMS,BSc,Computer Science with Industrial Experience,3,2023/24,ST1A,Enrolment Block,2024-UGCOMSPF-5-3-ST1A,,2023-UGCOMSPF-5-3-ST1A,"Year=0 - Selections: 600091 in T12 Student Module Electives  [, 600097 in T12, a minimum of 20.00 available credits and a maximum of 40.00 available credits from 600096, 600088, 600085, 600089, 600086, 600094, 600099, 600100 in T12, a minimum of 20.00 available credits and a maximum of 40.00 available credits from 600087, 600092 in T1  Subject to an overall minimum of 80 available credits and an overall maximum of 80 available credits ] [, a minimum of 40.00 available credits and a maximum of 60.00 available credits from 600096, 600088, 600085, 600089, 600086, 600094, 600099, 600100 in T2, a minimum of 20.00 available credits and a maximum of 40.00 available credits from 600087, 600092 in any period  Subject to an overall minimum of 80 available credits and an overall maximum of 80 available credits ]",,,31,,Optional,6,CSHONS OPT1,600085,,20,No matching MAP,
UGCOMSPF,5,Taught,,,2022,,US1CMP00,UGCOMS,BSc,Computer Science with Industrial Experience,3,2023/24,ST1A,Enrolment Block,2024-UGCOMSPF-5-3-ST1A,,2023-UGCOMSPF-5-3-ST1A,"Year=0 - Selections: 600091 in T12 Student Module Electives  [, 600097 in T12, a minimum of 20.00 available credits and a maximum of 40.00 available credits from 600096, 600088, 600085, 600089, 600086, 600094, 600099, 600100 in T12, a minimum of 20.00 available credits and a maximum of 40.00 available credits from 600087, 600092 in T1  Subject to an overall minimum of 80 available credits and an overall maximum of 80 available credits ] [, a minimum of 40.00 available credits and a maximum of 60.00 available credits from 600096, 600088, 600085, 600089, 600086, 600094, 600099, 600100 in T2, a minimum of 20.00 available credits and a maximum of 40.00 available credits from 600087, 600092 in any period  Subject to an overall minimum of 80 available credits and an overall maximum of 80 available credits ]",,,31,,Optional,6,CSHONS OPT1,600088,,20,No matching MAP,
UGCOMSPF,5,Taught,,,2022,,US1CMP00,UGCOMS,BSc,Computer Science with Industrial Experience,3,2023/24,ST1A,Enrolment Block,2024-UGCOMSPF-5-3-ST1A,,2023-UGCOMSPF-5-3-ST1A,"Year=0 - Selections: 600091 in T12 Student Module Electives  [, 600097 in T12, a minimum of 20.00 available credits and a maximum of 40.00 available credits from 600096, 600088, 600085, 600089, 600086, 600094, 600099, 600100 in T12, a minimum of 20.00 available credits and a maximum of 40.00 available credits from 600087, 600092 in T1  Subject to an overall minimum of 80 available credits and an overall maximum of 80 available credits ] [, a minimum of 40.00 available credits and a maximum of 60.00 available credits from 600096, 600088, 600085, 600089, 600086, 600094, 600099, 600100 in T2, a minimum of 20.00 available credits and a maximum of 40.00 available credits from 600087, 600092 in any period  Subject to an overall minimum of 80 available credits and an overall maximum of 80 available credits ]",,,31,,Optional,6,CSHONS OPT1,600096,,20,No matching MAP,
UGCOMSPF,5,Taught,,,2022,,US1CMP00,UGCOMS,BSc,Computer Science with Industrial Experience,3,2023/24,ST1A,Enrolment Block,2024-UGCOMSPF-5-3-ST1A,,2023-UGCOMSPF-5-3-ST1A,"Year=0 - Selections: 600091 in T12 Student Module Electives  [, 600097 in T12, a minimum of 20.00 available credits and a maximum of 40.00 available credits from 600096, 600088, 600085, 600089, 600086, 600094, 600099, 600100 in T12, a minimum of 20.00 available credits and a maximum of 40.00 available credits from 600087, 600092 in T1  Subject to an overall minimum of 80 available credits and an overall maximum of 80 available credits ] [, a minimum of 40.00 available credits and a maximum of 60.00 available credits from 600096, 600088, 600085, 600089, 600086, 600094, 600099, 600100 in T2, a minimum of 20.00 available credits and a maximum of 40.00 available credits from 600087, 600092 in any period  Subject to an overall minimum of 80 available credits and an overall maximum of 80 available credits ]",,,31,,Optional,6,CSHONS OPT1,600099,,20,No matching MAP,
UGCOMSPF,5,Taught,,,2022,,US1CMP00,UGCOMS,BSc,Computer Science with Industrial Experience,3,2023/24,ST1A,Enrolment Block,2024-UGCOMSPF-5-3-ST1A,,2023-UGCOMSPF-5-3-ST1A,"Year=0 - Selections: 600091 in T12 Student Module Electives  [, 600097 in T12, a minimum of 20.00 available credits and a maximum of 40.00 available credits from 600096, 600088, 600085, 600089, 600086, 600094, 600099, 600100 in T12, a minimum of 20.00 available credits and a maximum of 40.00 available credits from 600087, 600092 in T1  Subject to an overall minimum of 80 available credits and an overall maximum of 80 available credits ] [, a minimum of 40.00 available credits and a maximum of 60.00 available credits from 600096, 600088, 600085, 600089, 600086, 600094, 600099, 600100 in T2, a minimum of 20.00 available credits and a maximum of 40.00 available credits from 600087, 600092 in any period  Subject to an overall minimum of 80 available credits and an overall maximum of 80 available credits ]",,,31,T2,Optional,6,CSHONS OPT1,600086,Parallel and Concurrent Programming,20,600086T22222,
UGCOMSPF,5,Taught,,,2022,,US1CMP00,UGCOMS,BSc,Computer Science with Industrial Experience,3,2023/24,ST1A,Enrolment Block,2024-UGCOMSPF-5-3-ST1A,,2023-UGCOMSPF-5-3-ST1A,"Year=0 - Selections: 600091 in T12 Student Module Electives  [, 600097 in T12, a minimum of 20.00 available credits and a maximum of 40.00 available credits from 600096, 600088, 600085, 600089, 600086, 600094, 600099, 600100 in T12, a minimum of 20.00 available credits and a maximum of 40.00 available credits from 600087, 600092 in T1  Subject to an overall minimum of 80 available credits and an overall maximum of 80 available credits ] [, a minimum of 40.00 available credits and a maximum of 60.00 available credits from 600096, 600088, 600085, 600089, 600086, 600094, 600099, 600100 in T2, a minimum of 20.00 available credits and a maximum of 40.00 available credits from 600087, 600092 in any period  Subject to an overall minimum of 80 available credits and an overall maximum of 80 available credits ]",,,31,T2,Optional,6,CSHONS OPT1,600089,Distributed Systems Programming,20,600089T22323,
UGCOMSPF,5,Taught,,,2022,,US1CMP00,UGCOMS,BSc,Computer Science with Industrial Experience,3,2023/24,ST1A,Enrolment Block,2024-UGCOMSPF-5-3-ST1A,,2023-UGCOMSPF-5-3-ST1A,"Year=0 - Selections: 600091 in T12 Student Module Electives  [, 600097 in T12, a minimum of 20.00 available credits and a maximum of 40.00 available credits from 600096, 600088, 600085, 600089, 600086, 600094, 600099, 600100 in T12, a minimum of 20.00 available credits and a maximum of 40.00 available credits from 600087, 600092 in T1  Subject to an overall minimum of 80 available credits and an overall maximum of 80 available credits ] [, a minimum of 40.00 available credits and a maximum of 60.00 available credits from 600096, 600088, 600085, 600089, 600086, 600094, 600099, 600100 in T2, a minimum of 20.00 available credits and a maximum of 40.00 available credits from 600087, 600092 in any period  Subject to an overall minimum of 80 available credits and an overall maximum of 80 available credits ]",,,31,T2,Optional,6,CSHONS OPT1,600094,Advanced Software Engineering,20,600094T21818,
UGCOMSPF,5,Taught,,,2022,,US1CMP00,UGCOMS,BSc,Computer Science with Industrial Experience,3,2023/24,ST1A,Enrolment Block,2024-UGCOMSPF-5-3-ST1A,,2023-UGCOMSPF-5-3-ST1A,"Year=0 - Selections: 600091 in T12 Student Module Electives  [, 600097 in T12, a minimum of 20.00 available credits and a maximum of 40.00 available credits from 600096, 600088, 600085, 600089, 600086, 600094, 600099, 600100 in T12, a minimum of 20.00 available credits and a maximum of 40.00 available credits from 600087, 600092 in T1  Subject to an overall minimum of 80 available credits and an overall maximum of 80 available credits ] [, a minimum of 40.00 available credits and a maximum of 60.00 available credits from 600096, 600088, 600085, 600089, 600086, 600094, 600099, 600100 in T2, a minimum of 20.00 available credits and a maximum of 40.00 available credits from 600087, 600092 in any period  Subject to an overall minimum of 80 available credits and an overall maximum of 80 available credits ]",,,31,T2,Optional,6,CSHONS OPT1,600100,Computer Vision,20,600100T2323,
UGCOMSPF,5,Taught,,,2022,,US1CMP00,UGCOMS,BSc,Computer Science with Industrial Experience,3,2023/24,ST1A,Enrolment Block,2024-UGCOMSPF-5-3-ST1A,,2023-UGCOMSPF-5-3-ST1A,"Year=0 - Selections: 600091 in T12 Student Module Electives  [, 600097 in T12, a minimum of 20.00 available credits and a maximum of 40.00 available credits from 600096, 600088, 600085, 600089, 600086, 600094, 600099, 600100 in T12, a minimum of 20.00 available credits and a maximum of 40.00 available credits from 600087, 600092 in T1  Subject to an overall minimum of 80 available credits and an overall maximum of 80 available credits ] [, a minimum of 40.00 available credits and a maximum of 60.00 available credits from 600096, 600088, 600085, 600089, 600086, 600094, 600099, 600100 in T2, a minimum of 20.00 available credits and a maximum of 40.00 available credits from 600087, 600092 in any period  Subject to an overall minimum of 80 available credits and an overall maximum of 80 available credits ]",,,40,,Optional,6,600097,600097,,20,No matching MAP,This module is limited to 15 students. Students will be required to attend an interview and complete a DBS if taking this module.
UGCOMSPF,5,Taught,,,2022,,US1CMP00,UGCOMS,BSc,Computer Science with Industrial Experience,3,2023/24,ST1A,Enrolment Block,2024-UGCOMSPF-5-3-ST1A,,2023-UGCOMSPF-5-3-ST1A,"Year=0 - Selections: 600091 in T12 Student Module Electives  [, 600097 in T12, a minimum of 20.00 available credits and a maximum of 40.00 available credits from 600096, 600088, 600085, 600089, 600086, 600094, 600099, 600100 in T12, a minimum of 20.00 available credits and a maximum of 40.00 available credits from 600087, 600092 in T1  Subject to an overall minimum of 80 available credits and an overall maximum of 80 available credits ] [, a minimum of 40.00 available credits and a maximum of 60.00 available credits from 600096, 600088, 600085, 600089, 600086, 600094, 600099, 600100 in T2, a minimum of 20.00 available credits and a maximum of 40.00 available credits from 600087, 600092 in any period  Subject to an overall minimum of 80 available credits and an overall maximum of 80 available credits ]",,,50,T1,Optional,6,CSHONSOPT 2,600087,Languages and their Compilers,20,600087T11818,
UGCOMSPF,5,Taught,,,2022,,US1CMP00,UGCOMS,BSc,Computer Science with Industrial Experience,3,2023/24,ST1A,Enrolment Block,2024-UGCOMSPF-5-3-ST1A,,2023-UGCOMSPF-5-3-ST1A,"Year=0 - Selections: 600091 in T12 Student Module Electives  [, 600097 in T12, a minimum of 20.00 available credits and a maximum of 40.00 available credits from 600096, 600088, 600085, 600089, 600086, 600094, 600099, 600100 in T12, a minimum of 20.00 available credits and a maximum of 40.00 available credits from 600087, 600092 in T1  Subject to an overall minimum of 80 available credits and an overall maximum of 80 available credits ] [, a minimum of 40.00 available credits and a maximum of 60.00 available credits from 600096, 600088, 600085, 600089, 600086, 600094, 600099, 600100 in T2, a minimum of 20.00 available credits and a maximum of 40.00 available credits from 600087, 600092 in any period  Subject to an overall minimum of 80 available credits and an overall maximum of 80 available credits ]",,,50,T1,Optional,6,CSHONSOPT 2,600092,Data Mining and Decision Systems,20,600092T12121,
UGCOMSPF,5,Taught,,,2022,,US1CMP00,UGCOMS,BSc,Computer Science with Industrial Experience,P,2023/24,ST1A,Enrolment Block,2024-UGCOMSPF-5-P-ST1A,,2023-UGCOMSPF-5-P-ST1A,,,,,,,,,,,,No matching MAP,
UGCOMSPF,6,Taught,,2022,,Y,US1CMP19,UGCSSE,BSc,Computer Science (Software Engineering) with Industrial Placement,1,2023/24,ST1A,Enrolment Block,2024-UGCOMSPF-6-1-ST1A,,2023-UGCOMSPF-6-1-ST1A,"Year=0 - Selections: 441101 in T12, 441104 in T2, 441105 in T1, 441102 in T2, 441108 in T1, 441187 in T12, 441190 in T12",,,10,T12,Core,4,441101,441101,Programming Portfolio,40,441101T1&222,
UGCOMSPF,6,Taught,,2022,,Y,US1CMP19,UGCSSE,BSc,Computer Science (Software Engineering) with Industrial Placement,1,2023/24,ST1A,Enrolment Block,2024-UGCOMSPF-6-1-ST1A,,2023-UGCOMSPF-6-1-ST1A,"Year=0 - Selections: 441101 in T12, 441104 in T2, 441105 in T1, 441102 in T2, 441108 in T1, 441187 in T12, 441190 in T12",,,20,T2,Compulsory,4,441104,441104,Computational Thinking,20,441104T12222,
UGCOMSPF,6,Taught,,2022,,Y,US1CMP19,UGCSSE,BSc,Computer Science (Software Engineering) with Industrial Placement,1,2023/24,ST1A,Enrolment Block,2024-UGCOMSPF-6-1-ST1A,,2023-UGCOMSPF-6-1-ST1A,"Year=0 - Selections: 441101 in T12, 441104 in T2, 441105 in T1, 441102 in T2, 441108 in T1, 441187 in T12, 441190 in T12",,,30,T1,Compulsory,4,441105,441105,Algorithms and Data Structures,20,441105T12222,
UGCOMSPF,6,Taught,,2022,,Y,US1CMP19,UGCSSE,BSc,Computer Science (Software Engineering) with Industrial Placement,1,2023/24,ST1A,Enrolment Block,2024-UGCOMSPF-6-1-ST1A,,2023-UGCOMSPF-6-1-ST1A,"Year=0 - Selections: 441101 in T12, 441104 in T2, 441105 in T1, 441102 in T2, 441108 in T1, 441187 in T12, 441190 in T12",,,40,T2,Compulsory,4,441102,441102,"Architectures, Operating Systems and the Cloud",20,441102T22222,
UGCOMSPF,6,Taught,,2022,,Y,US1CMP19,UGCSSE,BSc,Computer Science (Software Engineering) with Industrial Placement,1,2023/24,ST1A,Enrolment Block,2024-UGCOMSPF-6-1-ST1A,,2023-UGCOMSPF-6-1-ST1A,"Year=0 - Selections: 441101 in T12, 441104 in T2, 441105 in T1, 441102 in T2, 441108 in T1, 441187 in T12, 441190 in T12",,,50,T1,Compulsory,4,441108,441108,Professional Development,20,441108T22222,
UGCOMSPF,6,Taught,,2022,,Y,US1CMP19,UGCSSE,BSc,Computer Science (Software Engineering) with Industrial Placement,1,2023/24,ST1A,Enrolment Block,2024-UGCOMSPF-6-1-ST1A,,2023-UGCOMSPF-6-1-ST1A,"Year=0 - Selections: 441101 in T12, 441104 in T2, 441105 in T1, 441102 in T2, 441108 in T1, 441187 in T12, 441190 in T12",,,60,T12,Compulsory,4,441187,441187,Computer Science PASS module,0,No matching MAP,
UGCOMSPF,6,Taught,,2022,,Y,US1CMP19,UGCSSE,BSc,Computer Science (Software Engineering) with Industrial Placement,1,2023/24,ST1A,Enrolment Block,2024-UGCOMSPF-6-1-ST1A,,2023-UGCOMSPF-6-1-ST1A,"Year=0 - Selections: 441101 in T12, 441104 in T2, 441105 in T1, 441102 in T2, 441108 in T1, 441187 in T12, 441190 in T12",,,70,,Compulsory,4,441190,441190,,0,No matching MAP,
UGCOMSPF,6,Taught,,2022,,Y,US1CMP19,UGCSSE,BSc,Computer Science (Software Engineering) with Industrial Placement,2,2023/24,ST1A,Enrolment Block,2024-UGCOMSPF-6-2-ST1A,,2023-UGCOMSPF-6-2-ST1A,"Year=0 - Selections: 551462 in T12, 551457 in T1, 551456 in T1, 551460 in T2, 441190 in T12 - Electives: 20.00 available credits from 500083, 551461 in T2",,,10,T12,Core,5,551462,551462,Design Develop Deploy,40,551462T1222,
UGCOMSPF,6,Taught,,2022,,Y,US1CMP19,UGCSSE,BSc,Computer Science (Software Engineering) with Industrial Placement,2,2023/24,ST1A,Enrolment Block,2024-UGCOMSPF-6-2-ST1A,,2023-UGCOMSPF-6-2-ST1A,"Year=0 - Selections: 551462 in T12, 551457 in T1, 551456 in T1, 551460 in T2, 441190 in T12 - Electives: 20.00 available credits from 500083, 551461 in T2",,,20,T1,Compulsory,5,551457,551457,Databases and Networks,20,551457T12222,
UGCOMSPF,6,Taught,,2022,,Y,US1CMP19,UGCSSE,BSc,Computer Science (Software Engineering) with Industrial Placement,2,2023/24,ST1A,Enrolment Block,2024-UGCOMSPF-6-2-ST1A,,2023-UGCOMSPF-6-2-ST1A,"Year=0 - Selections: 551462 in T12, 551457 in T1, 551456 in T1, 551460 in T2, 441190 in T12 - Electives: 20.00 available credits from 500083, 551461 in T2",,,30,T1,Compulsory,5,551456,551456,Software Engineering Design Patterns,20,551456T12323,
UGCOMSPF,6,Taught,,2022,,Y,US1CMP19,UGCSSE,BSc,Computer Science (Software Engineering) with Industrial Placement,2,2023/24,ST1A,Enrolment Block,2024-UGCOMSPF-6-2-ST1A,,2023-UGCOMSPF-6-2-ST1A,"Year=0 - Selections: 551462 in T12, 551457 in T1, 551456 in T1, 551460 in T2, 441190 in T12 - Electives: 20.00 available credits from 500083, 551461 in T2",,,40,T2,Compulsory,5,551460,551460,User Interfaces and Experience,20,551460T22222,
UGCOMSPF,6,Taught,,2022,,Y,US1CMP19,UGCSSE,BSc,Computer Science (Software Engineering) with Industrial Placement,2,2023/24,ST1A,Enrolment Block,2024-UGCOMSPF-6-2-ST1A,,2023-UGCOMSPF-6-2-ST1A,"Year=0 - Selections: 551462 in T12, 551457 in T1, 551456 in T1, 551460 in T2, 441190 in T12 - Electives: 20.00 available credits from 500083, 551461 in T2",,,50,T2,Optional,5,SOFTENG T2 L5 OPS,500083,Advanced Programming,20,500083T22222,
UGCOMSPF,6,Taught,,2022,,Y,US1CMP19,UGCSSE,BSc,Computer Science (Software Engineering) with Industrial Placement,2,2023/24,ST1A,Enrolment Block,2024-UGCOMSPF-6-2-ST1A,,2023-UGCOMSPF-6-2-ST1A,"Year=0 - Selections: 551462 in T12, 551457 in T1, 551456 in T1, 551460 in T2, 441190 in T12 - Electives: 20.00 available credits from 500083, 551461 in T2",,,50,T2,Optional,5,SOFTENG T2 L5 OPS,551461,Mixed Reality Development,20,551461T22323,
UGCOMSPF,6,Taught,,2022,,Y,US1CMP19,UGCSSE,BSc,Computer Science (Software Engineering) with Industrial Placement,2,2023/24,ST1A,Enrolment Block,2024-UGCOMSPF-6-2-ST1A,,2023-UGCOMSPF-6-2-ST1A,"Year=0 - Selections: 551462 in T12, 551457 in T1, 551456 in T1, 551460 in T2, 441190 in T12 - Electives: 20.00 available credits from 500083, 551461 in T2",,,60,,Compulsory,4,441190,441190,,0,No matching MAP,
UGCOMSPF,6,Taught,,2022,,Y,US1CMP19,UGCSSE,BSc,Computer Science (Software Engineering) with Industrial Placement,3,2023/24,ST1A,Enrolment Block,2024-UGCOMSPF-6-3-ST1A,,2023-UGCOMSPF-6-3-ST1A,"Year=0 - Selections: 661982 in T1, 661984 in T1, 600089 in T2, 661985 in T2, 441190 in T12 - Electives: 40.00 available credits from 600091, 662004 in T12",,,10,T12,Elective - If chosen cannot condone or compenste,6,SOFTENG T12 L6 OPS,600091,Honours Stage Project,40,60009112222,
UGCOMSPF,6,Taught,,2022,,Y,US1CMP19,UGCSSE,BSc,Computer Science (Software Engineering) with Industrial Placement,3,2023/24,ST1A,Enrolment Block,2024-UGCOMSPF-6-3-ST1A,,2023-UGCOMSPF-6-3-ST1A,"Year=0 - Selections: 661982 in T1, 661984 in T1, 600089 in T2, 661985 in T2, 441190 in T12 - Electives: 40.00 available credits from 600091, 662004 in T12",,,10,T12,Elective - If chosen cannot condone or compenste,6,SOFTENG T12 L6 OPS,662004,Communicating and Teaching Computing,40,6.62E+11,
UGCOMSPF,6,Taught,,2022,,Y,US1CMP19,UGCSSE,BSc,Computer Science (Software Engineering) with Industrial Placement,3,2023/24,ST1A,Enrolment Block,2024-UGCOMSPF-6-3-ST1A,,2023-UGCOMSPF-6-3-ST1A,"Year=0 - Selections: 661982 in T1, 661984 in T1, 600089 in T2, 661985 in T2, 441190 in T12 - Electives: 40.00 available credits from 600091, 662004 in T12",,,20,T1,Compulsory,6,661982,661982,Secure Digital Infrastructure,20,661982T12222,
UGCOMSPF,6,Taught,,2022,,Y,US1CMP19,UGCSSE,BSc,Computer Science (Software Engineering) with Industrial Placement,3,2023/24,ST1A,Enrolment Block,2024-UGCOMSPF-6-3-ST1A,,2023-UGCOMSPF-6-3-ST1A,"Year=0 - Selections: 661982 in T1, 661984 in T1, 600089 in T2, 661985 in T2, 441190 in T12 - Electives: 40.00 available credits from 600091, 662004 in T12",,,30,T1,Compulsory,6,661984,661984,Digital Disruption and Innovation,20,661984T12222,
UGCOMSPF,6,Taught,,2022,,Y,US1CMP19,UGCSSE,BSc,Computer Science (Software Engineering) with Industrial Placement,3,2023/24,ST1A,Enrolment Block,2024-UGCOMSPF-6-3-ST1A,,2023-UGCOMSPF-6-3-ST1A,"Year=0 - Selections: 661982 in T1, 661984 in T1, 600089 in T2, 661985 in T2, 441190 in T12 - Electives: 40.00 available credits from 600091, 662004 in T12",,,40,T2,Compulsory,6,600089,600089,Distributed Systems Programming,20,600089T22323,
UGCOMSPF,6,Taught,,2022,,Y,US1CMP19,UGCSSE,BSc,Computer Science (Software Engineering) with Industrial Placement,3,2023/24,ST1A,Enrolment Block,2024-UGCOMSPF-6-3-ST1A,,2023-UGCOMSPF-6-3-ST1A,"Year=0 - Selections: 661982 in T1, 661984 in T1, 600089 in T2, 661985 in T2, 441190 in T12 - Electives: 40.00 available credits from 600091, 662004 in T12",,,50,T2,Compulsory,6,661985,661985,Safety Critical Systems,20,661985T22222,
UGCOMSPF,6,Taught,,2022,,Y,US1CMP19,UGCSSE,BSc,Computer Science (Software Engineering) with Industrial Placement,3,2023/24,ST1A,Enrolment Block,2024-UGCOMSPF-6-3-ST1A,,2023-UGCOMSPF-6-3-ST1A,"Year=0 - Selections: 661982 in T1, 661984 in T1, 600089 in T2, 661985 in T2, 441190 in T12 - Electives: 40.00 available credits from 600091, 662004 in T12",,,60,,Compulsory,4,441190,441190,,0,No matching MAP,
UGCOMSPF,6,Taught,,2022,,Y,US1CMP19,UGCSSE,BSc,Computer Science (Software Engineering) with Industrial Placement,P,2023/24,ST1A,Enrolment Block,2024-UGCOMSPF-6-P-ST1A,,2023-UGCOMSPF-6-P-ST1A,Year=0 - Selections: 500091 in T123A,,,10,T123A,Core,5B,500091,500091,Year Out in Industry/Commerce,120,50009112322,
UGCOMSPF,8,Taught,,2022,,Y,US2CMP19,UGCOCS,BSc,Computing (Computer Science) with Industrial Placement,1,2023/24,ST1A,Enrolment Block,2024-UGCOMSPF-8-1-ST1A,,2023-UGCOMSPF-8-1-ST1A,,,,10,T12,Core,4,441101,441101,Programming Portfolio,40,441101T1&222,
UGCOMSPF,8,Taught,,2022,,Y,US2CMP19,UGCOCS,BSc,Computing (Computer Science) with Industrial Placement,1,2023/24,ST1A,Enrolment Block,2024-UGCOMSPF-8-1-ST1A,,2023-UGCOMSPF-8-1-ST1A,,,,20,T2,Compulsory,4,441104,441104,Computational Thinking,20,441104T12222,
UGCOMSPF,8,Taught,,2022,,Y,US2CMP19,UGCOCS,BSc,Computing (Computer Science) with Industrial Placement,1,2023/24,ST1A,Enrolment Block,2024-UGCOMSPF-8-1-ST1A,,2023-UGCOMSPF-8-1-ST1A,,,,30,T1,Compulsory,4,441105,441105,Algorithms and Data Structures,20,441105T12222,
UGCOMSPF,8,Taught,,2022,,Y,US2CMP19,UGCOCS,BSc,Computing (Computer Science) with Industrial Placement,1,2023/24,ST1A,Enrolment Block,2024-UGCOMSPF-8-1-ST1A,,2023-UGCOMSPF-8-1-ST1A,,,,40,T2,Compulsory,4,441102,441102,"Architectures, Operating Systems and the Cloud",20,441102T22222,
UGCOMSPF,8,Taught,,2022,,Y,US2CMP19,UGCOCS,BSc,Computing (Computer Science) with Industrial Placement,1,2023/24,ST1A,Enrolment Block,2024-UGCOMSPF-8-1-ST1A,,2023-UGCOMSPF-8-1-ST1A,,,,50,T1,Compulsory,4,441108,441108,Professional Development,20,441108T22222,
UGCOMSPF,8,Taught,,2022,,Y,US2CMP19,UGCOCS,BSc,Computing (Computer Science) with Industrial Placement,2,2023/24,ST1A,Enrolment Block,2024-UGCOMSPF-8-2-ST1A,,2023-UGCOMSPF-8-2-ST1A,"Year=0 - Selections: 551462 in T12, 551457 in T1, 551458 in T1, 551460 in T2, 441190 in T12 - Electives: 20.00 available credits from 500083, 551461, 551672 in T2",,,10,T12,Core,5,551462,551462,Design Develop Deploy,40,551462T1222,
UGCOMSPF,8,Taught,,2022,,Y,US2CMP19,UGCOCS,BSc,Computing (Computer Science) with Industrial Placement,2,2023/24,ST1A,Enrolment Block,2024-UGCOMSPF-8-2-ST1A,,2023-UGCOMSPF-8-2-ST1A,"Year=0 - Selections: 551462 in T12, 551457 in T1, 551458 in T1, 551460 in T2, 441190 in T12 - Electives: 20.00 available credits from 500083, 551461, 551672 in T2",,,20,T1,Compulsory,5,551457,551457,Databases and Networks,20,551457T12222,
UGCOMSPF,8,Taught,,2022,,Y,US2CMP19,UGCOCS,BSc,Computing (Computer Science) with Industrial Placement,2,2023/24,ST1A,Enrolment Block,2024-UGCOMSPF-8-2-ST1A,,2023-UGCOMSPF-8-2-ST1A,"Year=0 - Selections: 551462 in T12, 551457 in T1, 551458 in T1, 551460 in T2, 441190 in T12 - Electives: 20.00 available credits from 500083, 551461, 551672 in T2",,,30,T1,Compulsory,5,551458,551458,Artificial Intelligence,20,551458T12222,
UGCOMSPF,8,Taught,,2022,,Y,US2CMP19,UGCOCS,BSc,Computing (Computer Science) with Industrial Placement,2,2023/24,ST1A,Enrolment Block,2024-UGCOMSPF-8-2-ST1A,,2023-UGCOMSPF-8-2-ST1A,"Year=0 - Selections: 551462 in T12, 551457 in T1, 551458 in T1, 551460 in T2, 441190 in T12 - Electives: 20.00 available credits from 500083, 551461, 551672 in T2",,,40,T2,Compulsory,5,551460,551460,User Interfaces and Experience,20,551460T22222,
UGCOMSPF,8,Taught,,2022,,Y,US2CMP19,UGCOCS,BSc,Computing (Computer Science) with Industrial Placement,2,2023/24,ST1A,Enrolment Block,2024-UGCOMSPF-8-2-ST1A,,2023-UGCOMSPF-8-2-ST1A,"Year=0 - Selections: 551462 in T12, 551457 in T1, 551458 in T1, 551460 in T2, 441190 in T12 - Electives: 20.00 available credits from 500083, 551461, 551672 in T2",,,50,,Optional,5,BSC COMP SCI T2 L5 OPTS,551672,,20,No matching MAP,
UGCOMSPF,8,Taught,,2022,,Y,US2CMP19,UGCOCS,BSc,Computing (Computer Science) with Industrial Placement,2,2023/24,ST1A,Enrolment Block,2024-UGCOMSPF-8-2-ST1A,,2023-UGCOMSPF-8-2-ST1A,"Year=0 - Selections: 551462 in T12, 551457 in T1, 551458 in T1, 551460 in T2, 441190 in T12 - Electives: 20.00 available credits from 500083, 551461, 551672 in T2",,,50,T2,Optional,5,BSC COMP SCI T2 L5 OPTS,500083,Advanced Programming,20,500083T22222,
UGCOMSPF,8,Taught,,2022,,Y,US2CMP19,UGCOCS,BSc,Computing (Computer Science) with Industrial Placement,2,2023/24,ST1A,Enrolment Block,2024-UGCOMSPF-8-2-ST1A,,2023-UGCOMSPF-8-2-ST1A,"Year=0 - Selections: 551462 in T12, 551457 in T1, 551458 in T1, 551460 in T2, 441190 in T12 - Electives: 20.00 available credits from 500083, 551461, 551672 in T2",,,50,T2,Optional,5,BSC COMP SCI T2 L5 OPTS,551461,Mixed Reality Development,20,551461T22323,
UGCOMSPF,8,Taught,,2022,,Y,US2CMP19,UGCOCS,BSc,Computing (Computer Science) with Industrial Placement,2,2023/24,ST1A,Enrolment Block,2024-UGCOMSPF-8-2-ST1A,,2023-UGCOMSPF-8-2-ST1A,"Year=0 - Selections: 551462 in T12, 551457 in T1, 551458 in T1, 551460 in T2, 441190 in T12 - Electives: 20.00 available credits from 500083, 551461, 551672 in T2",,,60,,Compulsory,4,441190,441190,,0,No matching MAP,
UGCOMSPF,8,Taught,,2022,,Y,US2CMP19,UGCOCS,BSc,Computing (Computer Science) with Industrial Placement,3,2023/24,ST1A,Enrolment Block,2024-UGCOMSPF-8-3-ST1A,,2023-UGCOMSPF-8-3-ST1A,"Year=0 - Selections: 661987 in T1, 600093 in T2, 441190 in T12 - Electives: 40.00 available credits from 600091, 662004 in T12, 20.00 available credits from 661982, 661984, 662086 in T1, 20.00 available credits from 600100, 600089, 661985, 600086, 661987, 662253 in T2",,,10,T12,Elective - If chosen cannot condone or compenste,6,COMP SCI L6 T12 OPTS,600091,Honours Stage Project,40,60009112222,
UGCOMSPF,8,Taught,,2022,,Y,US2CMP19,UGCOCS,BSc,Computing (Computer Science) with Industrial Placement,3,2023/24,ST1A,Enrolment Block,2024-UGCOMSPF-8-3-ST1A,,2023-UGCOMSPF-8-3-ST1A,"Year=0 - Selections: 661987 in T1, 600093 in T2, 441190 in T12 - Electives: 40.00 available credits from 600091, 662004 in T12, 20.00 available credits from 661982, 661984, 662086 in T1, 20.00 available credits from 600100, 600089, 661985, 600086, 661987, 662253 in T2",,,10,T12,Elective - If chosen cannot condone or compenste,6,COMP SCI L6 T12 OPTS,662004,Communicating and Teaching Computing,40,6.62E+11,
UGCOMSPF,8,Taught,,2022,,Y,US2CMP19,UGCOCS,BSc,Computing (Computer Science) with Industrial Placement,3,2023/24,ST1A,Enrolment Block,2024-UGCOMSPF-8-3-ST1A,,2023-UGCOMSPF-8-3-ST1A,"Year=0 - Selections: 661987 in T1, 600093 in T2, 441190 in T12 - Electives: 40.00 available credits from 600091, 662004 in T12, 20.00 available credits from 661982, 661984, 662086 in T1, 20.00 available credits from 600100, 600089, 661985, 600086, 661987, 662253 in T2",,,20,T1,Compulsory,6,661987,661987,Data Analysis and Visualisation,20,661987T12222,
UGCOMSPF,8,Taught,,2022,,Y,US2CMP19,UGCOCS,BSc,Computing (Computer Science) with Industrial Placement,3,2023/24,ST1A,Enrolment Block,2024-UGCOMSPF-8-3-ST1A,,2023-UGCOMSPF-8-3-ST1A,"Year=0 - Selections: 661987 in T1, 600093 in T2, 441190 in T12 - Electives: 40.00 available credits from 600091, 662004 in T12, 20.00 available credits from 661982, 661984, 662086 in T1, 20.00 available credits from 600100, 600089, 661985, 600086, 661987, 662253 in T2",,,30,T1,Optional,6,COMP SCI L6 T1 OPTS,661982,Secure Digital Infrastructure,20,661982T12222,
UGCOMSPF,8,Taught,,2022,,Y,US2CMP19,UGCOCS,BSc,Computing (Computer Science) with Industrial Placement,3,2023/24,ST1A,Enrolment Block,2024-UGCOMSPF-8-3-ST1A,,2023-UGCOMSPF-8-3-ST1A,"Year=0 - Selections: 661987 in T1, 600093 in T2, 441190 in T12 - Electives: 40.00 available credits from 600091, 662004 in T12, 20.00 available credits from 661982, 661984, 662086 in T1, 20.00 available credits from 600100, 600089, 661985, 600086, 661987, 662253 in T2",,,30,T1,Optional,6,COMP SCI L6 T1 OPTS,661984,Digital Disruption and Innovation,20,661984T12222,
UGCOMSPF,8,Taught,,2022,,Y,US2CMP19,UGCOCS,BSc,Computing (Computer Science) with Industrial Placement,3,2023/24,ST1A,Enrolment Block,2024-UGCOMSPF-8-3-ST1A,,2023-UGCOMSPF-8-3-ST1A,"Year=0 - Selections: 661987 in T1, 600093 in T2, 441190 in T12 - Electives: 40.00 available credits from 600091, 662004 in T12, 20.00 available credits from 661982, 661984, 662086 in T1, 20.00 available credits from 600100, 600089, 661985, 600086, 661987, 662253 in T2",,,30,T1,Optional,6,COMP SCI L6 T1 OPTS,662086,Machine Learning,20,662086T12222,
UGCOMSPF,8,Taught,,2022,,Y,US2CMP19,UGCOCS,BSc,Computing (Computer Science) with Industrial Placement,3,2023/24,ST1A,Enrolment Block,2024-UGCOMSPF-8-3-ST1A,,2023-UGCOMSPF-8-3-ST1A,"Year=0 - Selections: 661987 in T1, 600093 in T2, 441190 in T12 - Electives: 40.00 available credits from 600091, 662004 in T12, 20.00 available credits from 661982, 661984, 662086 in T1, 20.00 available credits from 600100, 600089, 661985, 600086, 661987, 662253 in T2",,,40,,Optional,6,COMP SCI L6 T2 OPTS,661987,,20,No matching MAP,
UGCOMSPF,8,Taught,,2022,,Y,US2CMP19,UGCOCS,BSc,Computing (Computer Science) with Industrial Placement,3,2023/24,ST1A,Enrolment Block,2024-UGCOMSPF-8-3-ST1A,,2023-UGCOMSPF-8-3-ST1A,"Year=0 - Selections: 661987 in T1, 600093 in T2, 441190 in T12 - Electives: 40.00 available credits from 600091, 662004 in T12, 20.00 available credits from 661982, 661984, 662086 in T1, 20.00 available credits from 600100, 600089, 661985, 600086, 661987, 662253 in T2",,,40,,Optional,6,COMP SCI L6 T2 OPTS,662253,,20,No matching MAP,
UGCOMSPF,8,Taught,,2022,,Y,US2CMP19,UGCOCS,BSc,Computing (Computer Science) with Industrial Placement,3,2023/24,ST1A,Enrolment Block,2024-UGCOMSPF-8-3-ST1A,,2023-UGCOMSPF-8-3-ST1A,"Year=0 - Selections: 661987 in T1, 600093 in T2, 441190 in T12 - Electives: 40.00 available credits from 600091, 662004 in T12, 20.00 available credits from 661982, 661984, 662086 in T1, 20.00 available credits from 600100, 600089, 661985, 600086, 661987, 662253 in T2",,,40,T2,Optional,6,COMP SCI L6 T2 OPTS,600086,Parallel and Concurrent Programming,20,600086T22222,
UGCOMSPF,8,Taught,,2022,,Y,US2CMP19,UGCOCS,BSc,Computing (Computer Science) with Industrial Placement,3,2023/24,ST1A,Enrolment Block,2024-UGCOMSPF-8-3-ST1A,,2023-UGCOMSPF-8-3-ST1A,"Year=0 - Selections: 661987 in T1, 600093 in T2, 441190 in T12 - Electives: 40.00 available credits from 600091, 662004 in T12, 20.00 available credits from 661982, 661984, 662086 in T1, 20.00 available credits from 600100, 600089, 661985, 600086, 661987, 662253 in T2",,,40,T2,Optional,6,COMP SCI L6 T2 OPTS,600089,Distributed Systems Programming,20,600089T22323,
UGCOMSPF,8,Taught,,2022,,Y,US2CMP19,UGCOCS,BSc,Computing (Computer Science) with Industrial Placement,3,2023/24,ST1A,Enrolment Block,2024-UGCOMSPF-8-3-ST1A,,2023-UGCOMSPF-8-3-ST1A,"Year=0 - Selections: 661987 in T1, 600093 in T2, 441190 in T12 - Electives: 40.00 available credits from 600091, 662004 in T12, 20.00 available credits from 661982, 661984, 662086 in T1, 20.00 available credits from 600100, 600089, 661985, 600086, 661987, 662253 in T2",,,40,T2,Optional,6,COMP SCI L6 T2 OPTS,600100,Computer Vision,20,600100T2323,
UGCOMSPF,8,Taught,,2022,,Y,US2CMP19,UGCOCS,BSc,Computing (Computer Science) with Industrial Placement,3,2023/24,ST1A,Enrolment Block,2024-UGCOMSPF-8-3-ST1A,,2023-UGCOMSPF-8-3-ST1A,"Year=0 - Selections: 661987 in T1, 600093 in T2, 441190 in T12 - Electives: 40.00 available credits from 600091, 662004 in T12, 20.00 available credits from 661982, 661984, 662086 in T1, 20.00 available credits from 600100, 600089, 661985, 600086, 661987, 662253 in T2",,,40,T2,Optional,6,COMP SCI L6 T2 OPTS,661985,Safety Critical Systems,20,661985T22222,
UGCOMSPF,8,Taught,,2022,,Y,US2CMP19,UGCOCS,BSc,Computing (Computer Science) with Industrial Placement,3,2023/24,ST1A,Enrolment Block,2024-UGCOMSPF-8-3-ST1A,,2023-UGCOMSPF-8-3-ST1A,"Year=0 - Selections: 661987 in T1, 600093 in T2, 441190 in T12 - Electives: 40.00 available credits from 600091, 662004 in T12, 20.00 available credits from 661982, 661984, 662086 in T1, 20.00 available credits from 600100, 600089, 661985, 600086, 661987, 662253 in T2",,,50,T2,Compulsory,6,600093,600093,Computational Science,20,600093T22222,
UGCOMSPF,8,Taught,,2022,,Y,US2CMP19,UGCOCS,BSc,Computing (Computer Science) with Industrial Placement,3,2023/24,ST1A,Enrolment Block,2024-UGCOMSPF-8-3-ST1A,,2023-UGCOMSPF-8-3-ST1A,"Year=0 - Selections: 661987 in T1, 600093 in T2, 441190 in T12 - Electives: 40.00 available credits from 600091, 662004 in T12, 20.00 available credits from 661982, 661984, 662086 in T1, 20.00 available credits from 600100, 600089, 661985, 600086, 661987, 662253 in T2",,,60,,Compulsory,4,441190,441190,,0,No matching MAP,
UGCOMSPF,8,Taught,,2022,,Y,US2CMP19,UGCOCS,BSc,Computing (Computer Science) with Industrial Placement,P,2023/24,ST1A,Enrolment Block,2024-UGCOMSPF-8-P-ST1A,,2023-UGCOMSPF-8-P-ST1A,Year=0 - Selections: 500091 in T123A,,,10,T123A,Core,5B,500091,500091,Year Out in Industry/Commerce,120,50009112322,
UGCOMSPF,9,Taught,,2022,,Y,US2CMP19,UGCOSE,BSc,Computing (Software Engineering) with Industrial Placement,1,2023/24,ST1A,Enrolment Block,2024-UGCOMSPF-9-1-ST1A,,2023-UGCOMSPF-9-1-ST1A,,,,10,T12,Core,4,441101,441101,Programming Portfolio,40,441101T1&222,
UGCOMSPF,9,Taught,,2022,,Y,US2CMP19,UGCOSE,BSc,Computing (Software Engineering) with Industrial Placement,1,2023/24,ST1A,Enrolment Block,2024-UGCOMSPF-9-1-ST1A,,2023-UGCOMSPF-9-1-ST1A,,,,20,T2,Compulsory,4,441104,441104,Computational Thinking,20,441104T12222,
UGCOMSPF,9,Taught,,2022,,Y,US2CMP19,UGCOSE,BSc,Computing (Software Engineering) with Industrial Placement,1,2023/24,ST1A,Enrolment Block,2024-UGCOMSPF-9-1-ST1A,,2023-UGCOMSPF-9-1-ST1A,,,,30,T1,Compulsory,4,441105,441105,Algorithms and Data Structures,20,441105T12222,
UGCOMSPF,9,Taught,,2022,,Y,US2CMP19,UGCOSE,BSc,Computing (Software Engineering) with Industrial Placement,1,2023/24,ST1A,Enrolment Block,2024-UGCOMSPF-9-1-ST1A,,2023-UGCOMSPF-9-1-ST1A,,,,40,T2,Compulsory,4,441102,441102,"Architectures, Operating Systems and the Cloud",20,441102T22222,
UGCOMSPF,9,Taught,,2022,,Y,US2CMP19,UGCOSE,BSc,Computing (Software Engineering) with Industrial Placement,1,2023/24,ST1A,Enrolment Block,2024-UGCOMSPF-9-1-ST1A,,2023-UGCOMSPF-9-1-ST1A,,,,50,T1,Compulsory,4,441108,441108,Professional Development,20,441108T22222,
UGCOMSPF,9,Taught,,2022,,Y,US2CMP19,UGCOSE,BSc,Computing (Software Engineering) with Industrial Placement,2,2023/24,ST1A,Enrolment Block,2024-UGCOMSPF-9-2-ST1A,,2023-UGCOMSPF-9-2-ST1A,"Year=0 - Selections: 551462 in T12, 551457 in T1, 551456 in T1, 551460 in T2, 441190 in T12 - Electives: 20.00 available credits from 500083, 551461 in T2",,,10,T12,Core,5,551462,551462,Design Develop Deploy,40,551462T1222,
UGCOMSPF,9,Taught,,2022,,Y,US2CMP19,UGCOSE,BSc,Computing (Software Engineering) with Industrial Placement,2,2023/24,ST1A,Enrolment Block,2024-UGCOMSPF-9-2-ST1A,,2023-UGCOMSPF-9-2-ST1A,"Year=0 - Selections: 551462 in T12, 551457 in T1, 551456 in T1, 551460 in T2, 441190 in T12 - Electives: 20.00 available credits from 500083, 551461 in T2",,,20,T1,Compulsory,5,551457,551457,Databases and Networks,20,551457T12222,
UGCOMSPF,9,Taught,,2022,,Y,US2CMP19,UGCOSE,BSc,Computing (Software Engineering) with Industrial Placement,2,2023/24,ST1A,Enrolment Block,2024-UGCOMSPF-9-2-ST1A,,2023-UGCOMSPF-9-2-ST1A,"Year=0 - Selections: 551462 in T12, 551457 in T1, 551456 in T1, 551460 in T2, 441190 in T12 - Electives: 20.00 available credits from 500083, 551461 in T2",,,30,T1,Compulsory,5,551456,551456,Software Engineering Design Patterns,20,551456T12323,
UGCOMSPF,9,Taught,,2022,,Y,US2CMP19,UGCOSE,BSc,Computing (Software Engineering) with Industrial Placement,2,2023/24,ST1A,Enrolment Block,2024-UGCOMSPF-9-2-ST1A,,2023-UGCOMSPF-9-2-ST1A,"Year=0 - Selections: 551462 in T12, 551457 in T1, 551456 in T1, 551460 in T2, 441190 in T12 - Electives: 20.00 available credits from 500083, 551461 in T2",,,40,T2,Compulsory,5,551460,551460,User Interfaces and Experience,20,551460T22222,
UGCOMSPF,9,Taught,,2022,,Y,US2CMP19,UGCOSE,BSc,Computing (Software Engineering) with Industrial Placement,2,2023/24,ST1A,Enrolment Block,2024-UGCOMSPF-9-2-ST1A,,2023-UGCOMSPF-9-2-ST1A,"Year=0 - Selections: 551462 in T12, 551457 in T1, 551456 in T1, 551460 in T2, 441190 in T12 - Electives: 20.00 available credits from 500083, 551461 in T2",,,50,T2,Optional,5,SOFTENG T2 L5 OPS,500083,Advanced Programming,20,500083T22222,
UGCOMSPF,9,Taught,,2022,,Y,US2CMP19,UGCOSE,BSc,Computing (Software Engineering) with Industrial Placement,2,2023/24,ST1A,Enrolment Block,2024-UGCOMSPF-9-2-ST1A,,2023-UGCOMSPF-9-2-ST1A,"Year=0 - Selections: 551462 in T12, 551457 in T1, 551456 in T1, 551460 in T2, 441190 in T12 - Electives: 20.00 available credits from 500083, 551461 in T2",,,50,T2,Optional,5,SOFTENG T2 L5 OPS,551461,Mixed Reality Development,20,551461T22323,
UGCOMSPF,9,Taught,,2022,,Y,US2CMP19,UGCOSE,BSc,Computing (Software Engineering) with Industrial Placement,2,2023/24,ST1A,Enrolment Block,2024-UGCOMSPF-9-2-ST1A,,2023-UGCOMSPF-9-2-ST1A,"Year=0 - Selections: 551462 in T12, 551457 in T1, 551456 in T1, 551460 in T2, 441190 in T12 - Electives: 20.00 available credits from 500083, 551461 in T2",,,60,,Compulsory,4,441190,441190,,0,No matching MAP,
UGCOMSPF,9,Taught,,2022,,Y,US2CMP19,UGCOSE,BSc,Computing (Software Engineering) with Industrial Placement,3,2023/24,ST1A,Enrolment Block,2024-UGCOMSPF-9-3-ST1A,,2023-UGCOMSPF-9-3-ST1A,"Year=0 - Selections: 661982 in T1, 661984 in T1, 600089 in T2, 661985 in T2, 441190 in T12 - Electives: 40.00 available credits from 600091, 662004 in T12",,,10,T12,Elective - If chosen cannot condone or compenste,6,SOFTENG T12 L6 OPS,600091,Honours Stage Project,40,60009112222,
UGCOMSPF,9,Taught,,2022,,Y,US2CMP19,UGCOSE,BSc,Computing (Software Engineering) with Industrial Placement,3,2023/24,ST1A,Enrolment Block,2024-UGCOMSPF-9-3-ST1A,,2023-UGCOMSPF-9-3-ST1A,"Year=0 - Selections: 661982 in T1, 661984 in T1, 600089 in T2, 661985 in T2, 441190 in T12 - Electives: 40.00 available credits from 600091, 662004 in T12",,,10,T12,Elective - If chosen cannot condone or compenste,6,SOFTENG T12 L6 OPS,662004,Communicating and Teaching Computing,40,6.62E+11,
UGCOMSPF,9,Taught,,2022,,Y,US2CMP19,UGCOSE,BSc,Computing (Software Engineering) with Industrial Placement,3,2023/24,ST1A,Enrolment Block,2024-UGCOMSPF-9-3-ST1A,,2023-UGCOMSPF-9-3-ST1A,"Year=0 - Selections: 661982 in T1, 661984 in T1, 600089 in T2, 661985 in T2, 441190 in T12 - Electives: 40.00 available credits from 600091, 662004 in T12",,,20,T1,Compulsory,6,661982,661982,Secure Digital Infrastructure,20,661982T12222,
UGCOMSPF,9,Taught,,2022,,Y,US2CMP19,UGCOSE,BSc,Computing (Software Engineering) with Industrial Placement,3,2023/24,ST1A,Enrolment Block,2024-UGCOMSPF-9-3-ST1A,,2023-UGCOMSPF-9-3-ST1A,"Year=0 - Selections: 661982 in T1, 661984 in T1, 600089 in T2, 661985 in T2, 441190 in T12 - Electives: 40.00 available credits from 600091, 662004 in T12",,,30,T1,Compulsory,6,661984,661984,Digital Disruption and Innovation,20,661984T12222,
UGCOMSPF,9,Taught,,2022,,Y,US2CMP19,UGCOSE,BSc,Computing (Software Engineering) with Industrial Placement,3,2023/24,ST1A,Enrolment Block,2024-UGCOMSPF-9-3-ST1A,,2023-UGCOMSPF-9-3-ST1A,"Year=0 - Selections: 661982 in T1, 661984 in T1, 600089 in T2, 661985 in T2, 441190 in T12 - Electives: 40.00 available credits from 600091, 662004 in T12",,,40,T2,Compulsory,6,600089,600089,Distributed Systems Programming,20,600089T22323,
UGCOMSPF,9,Taught,,2022,,Y,US2CMP19,UGCOSE,BSc,Computing (Software Engineering) with Industrial Placement,3,2023/24,ST1A,Enrolment Block,2024-UGCOMSPF-9-3-ST1A,,2023-UGCOMSPF-9-3-ST1A,"Year=0 - Selections: 661982 in T1, 661984 in T1, 600089 in T2, 661985 in T2, 441190 in T12 - Electives: 40.00 available credits from 600091, 662004 in T12",,,50,T2,Compulsory,6,661985,661985,Safety Critical Systems,20,661985T22222,
UGCOMSPF,9,Taught,,2022,,Y,US2CMP19,UGCOSE,BSc,Computing (Software Engineering) with Industrial Placement,3,2023/24,ST1A,Enrolment Block,2024-UGCOMSPF-9-3-ST1A,,2023-UGCOMSPF-9-3-ST1A,"Year=0 - Selections: 661982 in T1, 661984 in T1, 600089 in T2, 661985 in T2, 441190 in T12 - Electives: 40.00 available credits from 600091, 662004 in T12",,,60,,Compulsory,4,441190,441190,,0,No matching MAP,
UGCOMSPF,9,Taught,,2022,,Y,US2CMP19,UGCOSE,BSc,Computing (Software Engineering) with Industrial Placement,P,2023/24,ST1A,Enrolment Block,2024-UGCOMSPF-9-P-ST1A,,2023-UGCOMSPF-9-P-ST1A,Year=0 - Selections: 500091 in T123A,,,10,T123A,Core,5B,500091,500091,Year Out in Industry/Commerce,120,50009112322,
UGCOMSXF,1,Taught,,,2025,Y,US1CMP16,UGCOMS,BSc,Computer Science,1,2023/24,ST1A,Enrolment Block,2024-UGCOMSXF-1-1-ST1A,,2023-UGCOMSXF-1-1-ST1A,"Year=0 - Selections: 441104 in T1, 441105 in T1, 441101 in T12, 441102 in T2, 441108 in T2",,,1,T12,Core,4,441101,441101,Programming Portfolio,40,441101T1&222,
UGCOMSXF,1,Taught,,,2025,Y,US1CMP16,UGCOMS,BSc,Computer Science,1,2023/24,ST1A,Enrolment Block,2024-UGCOMSXF-1-1-ST1A,,2023-UGCOMSXF-1-1-ST1A,"Year=0 - Selections: 441104 in T1, 441105 in T1, 441101 in T12, 441102 in T2, 441108 in T2",,,11,,Compulsory,4,441104,441104,,20,No matching MAP,
UGCOMSXF,1,Taught,,,2025,Y,US1CMP16,UGCOMS,BSc,Computer Science,1,2023/24,ST1A,Enrolment Block,2024-UGCOMSXF-1-1-ST1A,,2023-UGCOMSXF-1-1-ST1A,"Year=0 - Selections: 441104 in T1, 441105 in T1, 441101 in T12, 441102 in T2, 441108 in T2",,,31,T1,Compulsory,4,441105,441105,Algorithms and Data Structures,20,441105T12222,
UGCOMSXF,1,Taught,,,2025,Y,US1CMP16,UGCOMS,BSc,Computer Science,1,2023/24,ST1A,Enrolment Block,2024-UGCOMSXF-1-1-ST1A,,2023-UGCOMSXF-1-1-ST1A,"Year=0 - Selections: 441104 in T1, 441105 in T1, 441101 in T12, 441102 in T2, 441108 in T2",,,41,T2,Compulsory,4,441102,441102,"Architectures, Operating Systems and the Cloud",20,441102T22222,
UGCOMSXF,1,Taught,,,2025,Y,US1CMP16,UGCOMS,BSc,Computer Science,1,2023/24,ST1A,Enrolment Block,2024-UGCOMSXF-1-1-ST1A,,2023-UGCOMSXF-1-1-ST1A,"Year=0 - Selections: 441104 in T1, 441105 in T1, 441101 in T12, 441102 in T2, 441108 in T2",,,61,,Compulsory,4,441108,441108,,20,No matching MAP,
UGCOMSXF,1,Taught,,,2025,Y,US1CMP16,UGCOMS,BSc,Computer Science,2,2023/24,ST1A,Enrolment Block,2024-UGCOMSXF-1-2-ST1A,,2023-UGCOMSXF-1-2-ST1A,"Year=0 - Selections: 500084 in T1, 500081 in T2 Student Module Electives  [, 40.00 available credits from 500085, 500086, 500087, 500088 in T1, 40.00 available credits from 500079, 500080, 500083 in T2",,,1,,Compulsory,5,500084,500084,,20,No matching MAP,
UGCOMSXF,1,Taught,,,2025,Y,US1CMP16,UGCOMS,BSc,Computer Science,2,2023/24,ST1A,Enrolment Block,2024-UGCOMSXF-1-2-ST1A,,2023-UGCOMSXF-1-2-ST1A,"Year=0 - Selections: 500084 in T1, 500081 in T2 Student Module Electives  [, 40.00 available credits from 500085, 500086, 500087, 500088 in T1, 40.00 available credits from 500079, 500080, 500083 in T2",,,11,,Optional,5,UGCOMSXF1US1CMP16UGCOMS218S1O1,500085,,20,No matching MAP,
UGCOMSXF,1,Taught,,,2025,Y,US1CMP16,UGCOMS,BSc,Computer Science,2,2023/24,ST1A,Enrolment Block,2024-UGCOMSXF-1-2-ST1A,,2023-UGCOMSXF-1-2-ST1A,"Year=0 - Selections: 500084 in T1, 500081 in T2 Student Module Electives  [, 40.00 available credits from 500085, 500086, 500087, 500088 in T1, 40.00 available credits from 500079, 500080, 500083 in T2",,,11,,Optional,5,UGCOMSXF1US1CMP16UGCOMS218S1O1,500086,,20,No matching MAP,
UGCOMSXF,1,Taught,,,2025,Y,US1CMP16,UGCOMS,BSc,Computer Science,2,2023/24,ST1A,Enrolment Block,2024-UGCOMSXF-1-2-ST1A,,2023-UGCOMSXF-1-2-ST1A,"Year=0 - Selections: 500084 in T1, 500081 in T2 Student Module Electives  [, 40.00 available credits from 500085, 500086, 500087, 500088 in T1, 40.00 available credits from 500079, 500080, 500083 in T2",,,11,,Optional,5,UGCOMSXF1US1CMP16UGCOMS218S1O1,500087,,20,No matching MAP,
UGCOMSXF,1,Taught,,,2025,Y,US1CMP16,UGCOMS,BSc,Computer Science,2,2023/24,ST1A,Enrolment Block,2024-UGCOMSXF-1-2-ST1A,,2023-UGCOMSXF-1-2-ST1A,"Year=0 - Selections: 500084 in T1, 500081 in T2 Student Module Electives  [, 40.00 available credits from 500085, 500086, 500087, 500088 in T1, 40.00 available credits from 500079, 500080, 500083 in T2",,,11,,Optional,5,UGCOMSXF1US1CMP16UGCOMS218S1O1,500088,,20,No matching MAP,
UGCOMSXF,1,Taught,,,2025,Y,US1CMP16,UGCOMS,BSc,Computer Science,2,2023/24,ST1A,Enrolment Block,2024-UGCOMSXF-1-2-ST1A,,2023-UGCOMSXF-1-2-ST1A,"Year=0 - Selections: 500084 in T1, 500081 in T2 Student Module Electives  [, 40.00 available credits from 500085, 500086, 500087, 500088 in T1, 40.00 available credits from 500079, 500080, 500083 in T2",,,21,,Compulsory,5,500081,500081,,20,No matching MAP,
UGCOMSXF,1,Taught,,,2025,Y,US1CMP16,UGCOMS,BSc,Computer Science,2,2023/24,ST1A,Enrolment Block,2024-UGCOMSXF-1-2-ST1A,,2023-UGCOMSXF-1-2-ST1A,"Year=0 - Selections: 500084 in T1, 500081 in T2 Student Module Electives  [, 40.00 available credits from 500085, 500086, 500087, 500088 in T1, 40.00 available credits from 500079, 500080, 500083 in T2",,,31,,Optional,5,UGCOMSXF1US1CMP16UGCOMS218S2O1,500079,,20,No matching MAP,
UGCOMSXF,1,Taught,,,2025,Y,US1CMP16,UGCOMS,BSc,Computer Science,2,2023/24,ST1A,Enrolment Block,2024-UGCOMSXF-1-2-ST1A,,2023-UGCOMSXF-1-2-ST1A,"Year=0 - Selections: 500084 in T1, 500081 in T2 Student Module Electives  [, 40.00 available credits from 500085, 500086, 500087, 500088 in T1, 40.00 available credits from 500079, 500080, 500083 in T2",,,31,,Optional,5,UGCOMSXF1US1CMP16UGCOMS218S2O1,500080,,20,No matching MAP,
UGCOMSXF,1,Taught,,,2025,Y,US1CMP16,UGCOMS,BSc,Computer Science,2,2023/24,ST1A,Enrolment Block,2024-UGCOMSXF-1-2-ST1A,,2023-UGCOMSXF-1-2-ST1A,"Year=0 - Selections: 500084 in T1, 500081 in T2 Student Module Electives  [, 40.00 available credits from 500085, 500086, 500087, 500088 in T1, 40.00 available credits from 500079, 500080, 500083 in T2",,,31,T2,Optional,5,UGCOMSXF1US1CMP16UGCOMS218S2O1,500083,Advanced Programming,20,500083T22222,
UGCOMSXF,1,Taught,,,2025,Y,US1CMP16,UGCOMS,BSc,Computer Science,3,2023/24,ST1A,Enrolment Block,2024-UGCOMSXF-1-3-ST1A,,2023-UGCOMSXF-1-3-ST1A,"Year=0 - Selections: 600091 in T12 Student Module Electives  [, 600097 in T12, a minimum of 20.00 available credits and a maximum of 40.00 available credits from 600096, 600088, 600085, 600089, 600086, 600094, 600099, 600100 in any period, a minimum of 20.00 available credits and a maximum of 40.00 available credits from 600087, 600092 in any period  Subject to an overall minimum of 80 available credits and an overall maximum of 80 available credits ] [, a minimum of 40.00 available credits and a maximum of 60.00 available credits from 600096, 600088, 600085, 600089, 600086, 600094, 600099, 600100 in any period, a minimum of 20.00 available credits and a maximum of 40.00 available credits from 600087, 600092 in any period  Subject to an overall minimum of 80 available credits and an overall maximum of 80 available credits ]",,,1,T12,Core,6,600091,600091,Honours Stage Project,40,60009112222,
UGCOMSXF,1,Taught,,,2025,Y,US1CMP16,UGCOMS,BSc,Computer Science,3,2023/24,ST1A,Enrolment Block,2024-UGCOMSXF-1-3-ST1A,,2023-UGCOMSXF-1-3-ST1A,"Year=0 - Selections: 600091 in T12 Student Module Electives  [, 600097 in T12, a minimum of 20.00 available credits and a maximum of 40.00 available credits from 600096, 600088, 600085, 600089, 600086, 600094, 600099, 600100 in any period, a minimum of 20.00 available credits and a maximum of 40.00 available credits from 600087, 600092 in any period  Subject to an overall minimum of 80 available credits and an overall maximum of 80 available credits ] [, a minimum of 40.00 available credits and a maximum of 60.00 available credits from 600096, 600088, 600085, 600089, 600086, 600094, 600099, 600100 in any period, a minimum of 20.00 available credits and a maximum of 40.00 available credits from 600087, 600092 in any period  Subject to an overall minimum of 80 available credits and an overall maximum of 80 available credits ]",,,10,,Optional,6,CSHONS OPT1,600099,,20,No matching MAP,
UGCOMSXF,1,Taught,,,2025,Y,US1CMP16,UGCOMS,BSc,Computer Science,3,2023/24,ST1A,Enrolment Block,2024-UGCOMSXF-1-3-ST1A,,2023-UGCOMSXF-1-3-ST1A,"Year=0 - Selections: 600091 in T12 Student Module Electives  [, 600097 in T12, a minimum of 20.00 available credits and a maximum of 40.00 available credits from 600096, 600088, 600085, 600089, 600086, 600094, 600099, 600100 in any period, a minimum of 20.00 available credits and a maximum of 40.00 available credits from 600087, 600092 in any period  Subject to an overall minimum of 80 available credits and an overall maximum of 80 available credits ] [, a minimum of 40.00 available credits and a maximum of 60.00 available credits from 600096, 600088, 600085, 600089, 600086, 600094, 600099, 600100 in any period, a minimum of 20.00 available credits and a maximum of 40.00 available credits from 600087, 600092 in any period  Subject to an overall minimum of 80 available credits and an overall maximum of 80 available credits ]",,,10,T1,Optional,6,CSHONS OPT1,600085,Embedded Systems Development,20,600085T12323,
UGCOMSXF,1,Taught,,,2025,Y,US1CMP16,UGCOMS,BSc,Computer Science,3,2023/24,ST1A,Enrolment Block,2024-UGCOMSXF-1-3-ST1A,,2023-UGCOMSXF-1-3-ST1A,"Year=0 - Selections: 600091 in T12 Student Module Electives  [, 600097 in T12, a minimum of 20.00 available credits and a maximum of 40.00 available credits from 600096, 600088, 600085, 600089, 600086, 600094, 600099, 600100 in any period, a minimum of 20.00 available credits and a maximum of 40.00 available credits from 600087, 600092 in any period  Subject to an overall minimum of 80 available credits and an overall maximum of 80 available credits ] [, a minimum of 40.00 available credits and a maximum of 60.00 available credits from 600096, 600088, 600085, 600089, 600086, 600094, 600099, 600100 in any period, a minimum of 20.00 available credits and a maximum of 40.00 available credits from 600087, 600092 in any period  Subject to an overall minimum of 80 available credits and an overall maximum of 80 available credits ]",,,10,T1,Optional,6,CSHONS OPT1,600088,Virtual Environments,20,600088T12021,
UGCOMSXF,1,Taught,,,2025,Y,US1CMP16,UGCOMS,BSc,Computer Science,3,2023/24,ST1A,Enrolment Block,2024-UGCOMSXF-1-3-ST1A,,2023-UGCOMSXF-1-3-ST1A,"Year=0 - Selections: 600091 in T12 Student Module Electives  [, 600097 in T12, a minimum of 20.00 available credits and a maximum of 40.00 available credits from 600096, 600088, 600085, 600089, 600086, 600094, 600099, 600100 in any period, a minimum of 20.00 available credits and a maximum of 40.00 available credits from 600087, 600092 in any period  Subject to an overall minimum of 80 available credits and an overall maximum of 80 available credits ] [, a minimum of 40.00 available credits and a maximum of 60.00 available credits from 600096, 600088, 600085, 600089, 600086, 600094, 600099, 600100 in any period, a minimum of 20.00 available credits and a maximum of 40.00 available credits from 600087, 600092 in any period  Subject to an overall minimum of 80 available credits and an overall maximum of 80 available credits ]",,,10,T1,Optional,6,CSHONS OPT1,600096,Mobile Devices and Applications,20,600096T11919,
UGCOMSXF,1,Taught,,,2025,Y,US1CMP16,UGCOMS,BSc,Computer Science,3,2023/24,ST1A,Enrolment Block,2024-UGCOMSXF-1-3-ST1A,,2023-UGCOMSXF-1-3-ST1A,"Year=0 - Selections: 600091 in T12 Student Module Electives  [, 600097 in T12, a minimum of 20.00 available credits and a maximum of 40.00 available credits from 600096, 600088, 600085, 600089, 600086, 600094, 600099, 600100 in any period, a minimum of 20.00 available credits and a maximum of 40.00 available credits from 600087, 600092 in any period  Subject to an overall minimum of 80 available credits and an overall maximum of 80 available credits ] [, a minimum of 40.00 available credits and a maximum of 60.00 available credits from 600096, 600088, 600085, 600089, 600086, 600094, 600099, 600100 in any period, a minimum of 20.00 available credits and a maximum of 40.00 available credits from 600087, 600092 in any period  Subject to an overall minimum of 80 available credits and an overall maximum of 80 available credits ]",,,10,T2,Optional,6,CSHONS OPT1,600086,Parallel and Concurrent Programming,20,600086T22222,
UGCOMSXF,1,Taught,,,2025,Y,US1CMP16,UGCOMS,BSc,Computer Science,3,2023/24,ST1A,Enrolment Block,2024-UGCOMSXF-1-3-ST1A,,2023-UGCOMSXF-1-3-ST1A,"Year=0 - Selections: 600091 in T12 Student Module Electives  [, 600097 in T12, a minimum of 20.00 available credits and a maximum of 40.00 available credits from 600096, 600088, 600085, 600089, 600086, 600094, 600099, 600100 in any period, a minimum of 20.00 available credits and a maximum of 40.00 available credits from 600087, 600092 in any period  Subject to an overall minimum of 80 available credits and an overall maximum of 80 available credits ] [, a minimum of 40.00 available credits and a maximum of 60.00 available credits from 600096, 600088, 600085, 600089, 600086, 600094, 600099, 600100 in any period, a minimum of 20.00 available credits and a maximum of 40.00 available credits from 600087, 600092 in any period  Subject to an overall minimum of 80 available credits and an overall maximum of 80 available credits ]",,,10,T2,Optional,6,CSHONS OPT1,600089,Distributed Systems Programming,20,600089T22323,
UGCOMSXF,1,Taught,,,2025,Y,US1CMP16,UGCOMS,BSc,Computer Science,3,2023/24,ST1A,Enrolment Block,2024-UGCOMSXF-1-3-ST1A,,2023-UGCOMSXF-1-3-ST1A,"Year=0 - Selections: 600091 in T12 Student Module Electives  [, 600097 in T12, a minimum of 20.00 available credits and a maximum of 40.00 available credits from 600096, 600088, 600085, 600089, 600086, 600094, 600099, 600100 in any period, a minimum of 20.00 available credits and a maximum of 40.00 available credits from 600087, 600092 in any period  Subject to an overall minimum of 80 available credits and an overall maximum of 80 available credits ] [, a minimum of 40.00 available credits and a maximum of 60.00 available credits from 600096, 600088, 600085, 600089, 600086, 600094, 600099, 600100 in any period, a minimum of 20.00 available credits and a maximum of 40.00 available credits from 600087, 600092 in any period  Subject to an overall minimum of 80 available credits and an overall maximum of 80 available credits ]",,,10,T2,Optional,6,CSHONS OPT1,600094,Advanced Software Engineering,20,600094T21818,
UGCOMSXF,1,Taught,,,2025,Y,US1CMP16,UGCOMS,BSc,Computer Science,3,2023/24,ST1A,Enrolment Block,2024-UGCOMSXF-1-3-ST1A,,2023-UGCOMSXF-1-3-ST1A,"Year=0 - Selections: 600091 in T12 Student Module Electives  [, 600097 in T12, a minimum of 20.00 available credits and a maximum of 40.00 available credits from 600096, 600088, 600085, 600089, 600086, 600094, 600099, 600100 in any period, a minimum of 20.00 available credits and a maximum of 40.00 available credits from 600087, 600092 in any period  Subject to an overall minimum of 80 available credits and an overall maximum of 80 available credits ] [, a minimum of 40.00 available credits and a maximum of 60.00 available credits from 600096, 600088, 600085, 600089, 600086, 600094, 600099, 600100 in any period, a minimum of 20.00 available credits and a maximum of 40.00 available credits from 600087, 600092 in any period  Subject to an overall minimum of 80 available credits and an overall maximum of 80 available credits ]",,,10,T2,Optional,6,CSHONS OPT1,600100,Computer Vision,20,600100T2323,
UGCOMSXF,1,Taught,,,2025,Y,US1CMP16,UGCOMS,BSc,Computer Science,3,2023/24,ST1A,Enrolment Block,2024-UGCOMSXF-1-3-ST1A,,2023-UGCOMSXF-1-3-ST1A,"Year=0 - Selections: 600091 in T12 Student Module Electives  [, 600097 in T12, a minimum of 20.00 available credits and a maximum of 40.00 available credits from 600096, 600088, 600085, 600089, 600086, 600094, 600099, 600100 in any period, a minimum of 20.00 available credits and a maximum of 40.00 available credits from 600087, 600092 in any period  Subject to an overall minimum of 80 available credits and an overall maximum of 80 available credits ] [, a minimum of 40.00 available credits and a maximum of 60.00 available credits from 600096, 600088, 600085, 600089, 600086, 600094, 600099, 600100 in any period, a minimum of 20.00 available credits and a maximum of 40.00 available credits from 600087, 600092 in any period  Subject to an overall minimum of 80 available credits and an overall maximum of 80 available credits ]",,,20,T1,Optional,6,CSHONSOPT 2,600087,Languages and their Compilers,20,600087T11818,
UGCOMSXF,1,Taught,,,2025,Y,US1CMP16,UGCOMS,BSc,Computer Science,3,2023/24,ST1A,Enrolment Block,2024-UGCOMSXF-1-3-ST1A,,2023-UGCOMSXF-1-3-ST1A,"Year=0 - Selections: 600091 in T12 Student Module Electives  [, 600097 in T12, a minimum of 20.00 available credits and a maximum of 40.00 available credits from 600096, 600088, 600085, 600089, 600086, 600094, 600099, 600100 in any period, a minimum of 20.00 available credits and a maximum of 40.00 available credits from 600087, 600092 in any period  Subject to an overall minimum of 80 available credits and an overall maximum of 80 available credits ] [, a minimum of 40.00 available credits and a maximum of 60.00 available credits from 600096, 600088, 600085, 600089, 600086, 600094, 600099, 600100 in any period, a minimum of 20.00 available credits and a maximum of 40.00 available credits from 600087, 600092 in any period  Subject to an overall minimum of 80 available credits and an overall maximum of 80 available credits ]",,,20,T1,Optional,6,CSHONSOPT 2,600092,Data Mining and Decision Systems,20,600092T12121,
UGCOMSXF,1,Taught,,,2025,Y,US1CMP16,UGCOMS,BSc,Computer Science,3,2023/24,ST1A,Enrolment Block,2024-UGCOMSXF-1-3-ST1A,,2023-UGCOMSXF-1-3-ST1A,"Year=0 - Selections: 600091 in T12 Student Module Electives  [, 600097 in T12, a minimum of 20.00 available credits and a maximum of 40.00 available credits from 600096, 600088, 600085, 600089, 600086, 600094, 600099, 600100 in any period, a minimum of 20.00 available credits and a maximum of 40.00 available credits from 600087, 600092 in any period  Subject to an overall minimum of 80 available credits and an overall maximum of 80 available credits ] [, a minimum of 40.00 available credits and a maximum of 60.00 available credits from 600096, 600088, 600085, 600089, 600086, 600094, 600099, 600100 in any period, a minimum of 20.00 available credits and a maximum of 40.00 available credits from 600087, 600092 in any period  Subject to an overall minimum of 80 available credits and an overall maximum of 80 available credits ]",,,30,,Optional,6,UGCOMSMF3MS1MNG16UGCSSE31819O1,600097,,20,No matching MAP,"This module is limited to 15 students. Students will be required to attend an interview and complete a DBS if taking this module.
"
UGCOMSXF,1,Taught,,,2025,Y,US1CMP16,UGCOMS,BSc,Computer Science,3,2023/24,ST1A,Enrolment Block,2024-UGCOMSXF-1-3-ST1A,,2023-UGCOMSXF-1-3-ST1A,"Year=0 - Selections: 600091 in T12 Student Module Electives  [, 600097 in T12, a minimum of 20.00 available credits and a maximum of 40.00 available credits from 600096, 600088, 600085, 600089, 600086, 600094, 600099, 600100 in any period, a minimum of 20.00 available credits and a maximum of 40.00 available credits from 600087, 600092 in any period  Subject to an overall minimum of 80 available credits and an overall maximum of 80 available credits ] [, a minimum of 40.00 available credits and a maximum of 60.00 available credits from 600096, 600088, 600085, 600089, 600086, 600094, 600099, 600100 in any period, a minimum of 20.00 available credits and a maximum of 40.00 available credits from 600087, 600092 in any period  Subject to an overall minimum of 80 available credits and an overall maximum of 80 available credits ]",,,40,,Optional,6,CSOPT1OF2,600099,,20,No matching MAP,
UGCOMSXF,1,Taught,,,2025,Y,US1CMP16,UGCOMS,BSc,Computer Science,3,2023/24,ST1A,Enrolment Block,2024-UGCOMSXF-1-3-ST1A,,2023-UGCOMSXF-1-3-ST1A,"Year=0 - Selections: 600091 in T12 Student Module Electives  [, 600097 in T12, a minimum of 20.00 available credits and a maximum of 40.00 available credits from 600096, 600088, 600085, 600089, 600086, 600094, 600099, 600100 in any period, a minimum of 20.00 available credits and a maximum of 40.00 available credits from 600087, 600092 in any period  Subject to an overall minimum of 80 available credits and an overall maximum of 80 available credits ] [, a minimum of 40.00 available credits and a maximum of 60.00 available credits from 600096, 600088, 600085, 600089, 600086, 600094, 600099, 600100 in any period, a minimum of 20.00 available credits and a maximum of 40.00 available credits from 600087, 600092 in any period  Subject to an overall minimum of 80 available credits and an overall maximum of 80 available credits ]",,,40,T1,Optional,6,CSOPT1OF2,600085,Embedded Systems Development,20,600085T12323,
UGCOMSXF,1,Taught,,,2025,Y,US1CMP16,UGCOMS,BSc,Computer Science,3,2023/24,ST1A,Enrolment Block,2024-UGCOMSXF-1-3-ST1A,,2023-UGCOMSXF-1-3-ST1A,"Year=0 - Selections: 600091 in T12 Student Module Electives  [, 600097 in T12, a minimum of 20.00 available credits and a maximum of 40.00 available credits from 600096, 600088, 600085, 600089, 600086, 600094, 600099, 600100 in any period, a minimum of 20.00 available credits and a maximum of 40.00 available credits from 600087, 600092 in any period  Subject to an overall minimum of 80 available credits and an overall maximum of 80 available credits ] [, a minimum of 40.00 available credits and a maximum of 60.00 available credits from 600096, 600088, 600085, 600089, 600086, 600094, 600099, 600100 in any period, a minimum of 20.00 available credits and a maximum of 40.00 available credits from 600087, 600092 in any period  Subject to an overall minimum of 80 available credits and an overall maximum of 80 available credits ]",,,40,T1,Optional,6,CSOPT1OF2,600088,Virtual Environments,20,600088T12021,
UGCOMSXF,1,Taught,,,2025,Y,US1CMP16,UGCOMS,BSc,Computer Science,3,2023/24,ST1A,Enrolment Block,2024-UGCOMSXF-1-3-ST1A,,2023-UGCOMSXF-1-3-ST1A,"Year=0 - Selections: 600091 in T12 Student Module Electives  [, 600097 in T12, a minimum of 20.00 available credits and a maximum of 40.00 available credits from 600096, 600088, 600085, 600089, 600086, 600094, 600099, 600100 in any period, a minimum of 20.00 available credits and a maximum of 40.00 available credits from 600087, 600092 in any period  Subject to an overall minimum of 80 available credits and an overall maximum of 80 available credits ] [, a minimum of 40.00 available credits and a maximum of 60.00 available credits from 600096, 600088, 600085, 600089, 600086, 600094, 600099, 600100 in any period, a minimum of 20.00 available credits and a maximum of 40.00 available credits from 600087, 600092 in any period  Subject to an overall minimum of 80 available credits and an overall maximum of 80 available credits ]",,,40,T1,Optional,6,CSOPT1OF2,600096,Mobile Devices and Applications,20,600096T11919,
UGCOMSXF,1,Taught,,,2025,Y,US1CMP16,UGCOMS,BSc,Computer Science,3,2023/24,ST1A,Enrolment Block,2024-UGCOMSXF-1-3-ST1A,,2023-UGCOMSXF-1-3-ST1A,"Year=0 - Selections: 600091 in T12 Student Module Electives  [, 600097 in T12, a minimum of 20.00 available credits and a maximum of 40.00 available credits from 600096, 600088, 600085, 600089, 600086, 600094, 600099, 600100 in any period, a minimum of 20.00 available credits and a maximum of 40.00 available credits from 600087, 600092 in any period  Subject to an overall minimum of 80 available credits and an overall maximum of 80 available credits ] [, a minimum of 40.00 available credits and a maximum of 60.00 available credits from 600096, 600088, 600085, 600089, 600086, 600094, 600099, 600100 in any period, a minimum of 20.00 available credits and a maximum of 40.00 available credits from 600087, 600092 in any period  Subject to an overall minimum of 80 available credits and an overall maximum of 80 available credits ]",,,40,T2,Optional,6,CSOPT1OF2,600086,Parallel and Concurrent Programming,20,600086T22222,
UGCOMSXF,1,Taught,,,2025,Y,US1CMP16,UGCOMS,BSc,Computer Science,3,2023/24,ST1A,Enrolment Block,2024-UGCOMSXF-1-3-ST1A,,2023-UGCOMSXF-1-3-ST1A,"Year=0 - Selections: 600091 in T12 Student Module Electives  [, 600097 in T12, a minimum of 20.00 available credits and a maximum of 40.00 available credits from 600096, 600088, 600085, 600089, 600086, 600094, 600099, 600100 in any period, a minimum of 20.00 available credits and a maximum of 40.00 available credits from 600087, 600092 in any period  Subject to an overall minimum of 80 available credits and an overall maximum of 80 available credits ] [, a minimum of 40.00 available credits and a maximum of 60.00 available credits from 600096, 600088, 600085, 600089, 600086, 600094, 600099, 600100 in any period, a minimum of 20.00 available credits and a maximum of 40.00 available credits from 600087, 600092 in any period  Subject to an overall minimum of 80 available credits and an overall maximum of 80 available credits ]",,,40,T2,Optional,6,CSOPT1OF2,600089,Distributed Systems Programming,20,600089T22323,
UGCOMSXF,1,Taught,,,2025,Y,US1CMP16,UGCOMS,BSc,Computer Science,3,2023/24,ST1A,Enrolment Block,2024-UGCOMSXF-1-3-ST1A,,2023-UGCOMSXF-1-3-ST1A,"Year=0 - Selections: 600091 in T12 Student Module Electives  [, 600097 in T12, a minimum of 20.00 available credits and a maximum of 40.00 available credits from 600096, 600088, 600085, 600089, 600086, 600094, 600099, 600100 in any period, a minimum of 20.00 available credits and a maximum of 40.00 available credits from 600087, 600092 in any period  Subject to an overall minimum of 80 available credits and an overall maximum of 80 available credits ] [, a minimum of 40.00 available credits and a maximum of 60.00 available credits from 600096, 600088, 600085, 600089, 600086, 600094, 600099, 600100 in any period, a minimum of 20.00 available credits and a maximum of 40.00 available credits from 600087, 600092 in any period  Subject to an overall minimum of 80 available credits and an overall maximum of 80 available credits ]",,,40,T2,Optional,6,CSOPT1OF2,600094,Advanced Software Engineering,20,600094T21818,
UGCOMSXF,1,Taught,,,2025,Y,US1CMP16,UGCOMS,BSc,Computer Science,3,2023/24,ST1A,Enrolment Block,2024-UGCOMSXF-1-3-ST1A,,2023-UGCOMSXF-1-3-ST1A,"Year=0 - Selections: 600091 in T12 Student Module Electives  [, 600097 in T12, a minimum of 20.00 available credits and a maximum of 40.00 available credits from 600096, 600088, 600085, 600089, 600086, 600094, 600099, 600100 in any period, a minimum of 20.00 available credits and a maximum of 40.00 available credits from 600087, 600092 in any period  Subject to an overall minimum of 80 available credits and an overall maximum of 80 available credits ] [, a minimum of 40.00 available credits and a maximum of 60.00 available credits from 600096, 600088, 600085, 600089, 600086, 600094, 600099, 600100 in any period, a minimum of 20.00 available credits and a maximum of 40.00 available credits from 600087, 600092 in any period  Subject to an overall minimum of 80 available credits and an overall maximum of 80 available credits ]",,,40,T2,Optional,6,CSOPT1OF2,600100,Computer Vision,20,600100T2323,
UGCOMSXF,1,Taught,,,2025,Y,US1CMP16,UGCOMS,BSc,Computer Science,3,2023/24,ST1A,Enrolment Block,2024-UGCOMSXF-1-3-ST1A,,2023-UGCOMSXF-1-3-ST1A,"Year=0 - Selections: 600091 in T12 Student Module Electives  [, 600097 in T12, a minimum of 20.00 available credits and a maximum of 40.00 available credits from 600096, 600088, 600085, 600089, 600086, 600094, 600099, 600100 in any period, a minimum of 20.00 available credits and a maximum of 40.00 available credits from 600087, 600092 in any period  Subject to an overall minimum of 80 available credits and an overall maximum of 80 available credits ] [, a minimum of 40.00 available credits and a maximum of 60.00 available credits from 600096, 600088, 600085, 600089, 600086, 600094, 600099, 600100 in any period, a minimum of 20.00 available credits and a maximum of 40.00 available credits from 600087, 600092 in any period  Subject to an overall minimum of 80 available credits and an overall maximum of 80 available credits ]",,,50,T1,Optional,6,CSOPT2OF2,600087,Languages and their Compilers,20,600087T11818,
UGCOMSXF,1,Taught,,,2025,Y,US1CMP16,UGCOMS,BSc,Computer Science,3,2023/24,ST1A,Enrolment Block,2024-UGCOMSXF-1-3-ST1A,,2023-UGCOMSXF-1-3-ST1A,"Year=0 - Selections: 600091 in T12 Student Module Electives  [, 600097 in T12, a minimum of 20.00 available credits and a maximum of 40.00 available credits from 600096, 600088, 600085, 600089, 600086, 600094, 600099, 600100 in any period, a minimum of 20.00 available credits and a maximum of 40.00 available credits from 600087, 600092 in any period  Subject to an overall minimum of 80 available credits and an overall maximum of 80 available credits ] [, a minimum of 40.00 available credits and a maximum of 60.00 available credits from 600096, 600088, 600085, 600089, 600086, 600094, 600099, 600100 in any period, a minimum of 20.00 available credits and a maximum of 40.00 available credits from 600087, 600092 in any period  Subject to an overall minimum of 80 available credits and an overall maximum of 80 available credits ]",,,50,T1,Optional,6,CSOPT2OF2,600092,Data Mining and Decision Systems,20,600092T12121,
UGCOMSXF,10,Taught,,,2021,,US1CMP16,UGCSWG,BSc,Computer Science with Games Development,1,2023/24,ST1A,Enrolment Block,,No Online diet for this VCO/CBO,,,No 2023* diet for this VCO/CBO,,,,,,,,,,No matching MAP,
UGCOMSXF,10,Taught,,,2021,,US1CMP16,UGCSWG,BSc,Computer Science with Games Development,2,2023/24,ST1A,Enrolment Block,,No Online diet for this VCO/CBO,,,No 2023* diet for this VCO/CBO,,,,,,,,,,No matching MAP,
UGCOMSXF,10,Taught,,,2021,,US1CMP16,UGCSWG,BSc,Computer Science with Games Development,3,2023/24,ST1A,Enrolment Block,,No Online diet for this VCO/CBO,,,No 2023* diet for this VCO/CBO,,,,,,,,,,No matching MAP,
UGCOMSXF,11,Taught,,2019,2024,,US1CMO16,UGCOMS,BSc (Ordinary),Computer Science,1,2023/24,ST1A,Enrolment Block,,No Online diet for this VCO/CBO,,,No 2023* diet for this VCO/CBO,,,,,,,,,,No matching MAP,
UGCOMSXF,11,Taught,,2019,2024,,US1CMO16,UGCOMS,BSc (Ordinary),Computer Science,2,2023/24,ST1A,Enrolment Block,2024-UGCOMSXF-11-2-ST1A,,2023-UGCOMSXF-11-2-ST1A,,,,10,,Compulsory,4,441190,441190,,0,No matching MAP,
UGCOMSXF,11,Taught,,2019,2024,,US1CMO16,UGCOMS,BSc (Ordinary),Computer Science,3,2023/24,ST1A,Enrolment Block,2024-UGCOMSXF-11-3-ST1A,,2023-UGCOMSXF-11-3-ST1A,,,,10,,Compulsory,4,441190,441190,,0,No matching MAP,
UGCOMSXF,12,Taught,,2022,,N,US2CMO19,UGCOSE,BSc (Ordinary),Computing (Software Engineering),1,2023/24,ST1A,Enrolment Block,,No Online diet for this VCO/CBO,,,No 2023* diet for this VCO/CBO,,,,,,,,,,No matching MAP,
UGCOMSXF,12,Taught,,2022,,N,US2CMO19,UGCOSE,BSc (Ordinary),Computing (Software Engineering),2,2023/24,ST1A,Enrolment Block,2024-UGCOMSXF-12-2-ST1A,,2023-UGCOMSXF-12-2-ST1A,,,,10,,Compulsory,4,441190,441190,,0,No matching MAP,
UGCOMSXF,12,Taught,,2022,,N,US2CMO19,UGCOSE,BSc (Ordinary),Computing (Software Engineering),3,2023/24,ST1A,Enrolment Block,2024-UGCOMSXF-12-3-ST1A,,2023-UGCOMSXF-12-3-ST1A,,,,10,,Compulsory,4,441190,441190,,0,No matching MAP,
UGCOMSXF,13,Taught,,2021,2022,N,US1CMO16,UGCSSE,BSc (Ordinary),Computer Science (Software Engineering),1,2023/24,ST1A,Enrolment Block,,No Online diet for this VCO/CBO,,,No 2023* diet for this VCO/CBO,,,,,,,,,,No matching MAP,
UGCOMSXF,13,Taught,,2021,2022,N,US1CMO16,UGCSSE,BSc (Ordinary),Computer Science (Software Engineering),2,2023/24,ST1A,Enrolment Block,2024-UGCOMSXF-13-2-ST1A,,2023-UGCOMSXF-13-2-ST1A,,,,10,,Compulsory,4,441190,441190,,0,No matching MAP,
UGCOMSXF,13,Taught,,2021,2022,N,US1CMO16,UGCSSE,BSc (Ordinary),Computer Science (Software Engineering),3,2023/24,ST1A,Enrolment Block,2024-UGCOMSXF-13-3-ST1A,,2023-UGCOMSXF-13-3-ST1A,,,,10,,Compulsory,4,441190,441190,,0,No matching MAP,
UGCOMSXF,14,Taught,,2022,,Y,US2CMP19,UGCOCS,BSc,Computing (Computer Science),1,2023/24,ST1A,Enrolment Block,2024-UGCOMSXF-14-1-ST1A,,2023-UGCOMSXF-14-1-ST1A,,,,10,T12,Core,4,441101,441101,Programming Portfolio,40,441101T1&222,
UGCOMSXF,14,Taught,,2022,,Y,US2CMP19,UGCOCS,BSc,Computing (Computer Science),1,2023/24,ST1A,Enrolment Block,2024-UGCOMSXF-14-1-ST1A,,2023-UGCOMSXF-14-1-ST1A,,,,20,T2,Compulsory,4,441104,441104,Computational Thinking,20,441104T12222,
UGCOMSXF,14,Taught,,2022,,Y,US2CMP19,UGCOCS,BSc,Computing (Computer Science),1,2023/24,ST1A,Enrolment Block,2024-UGCOMSXF-14-1-ST1A,,2023-UGCOMSXF-14-1-ST1A,,,,30,T1,Compulsory,4,441105,441105,Algorithms and Data Structures,20,441105T12222,
UGCOMSXF,14,Taught,,2022,,Y,US2CMP19,UGCOCS,BSc,Computing (Computer Science),1,2023/24,ST1A,Enrolment Block,2024-UGCOMSXF-14-1-ST1A,,2023-UGCOMSXF-14-1-ST1A,,,,40,T2,Compulsory,4,441102,441102,"Architectures, Operating Systems and the Cloud",20,441102T22222,
UGCOMSXF,14,Taught,,2022,,Y,US2CMP19,UGCOCS,BSc,Computing (Computer Science),1,2023/24,ST1A,Enrolment Block,2024-UGCOMSXF-14-1-ST1A,,2023-UGCOMSXF-14-1-ST1A,,,,50,T1,Compulsory,4,441108,441108,Professional Development,20,441108T22222,
UGCOMSXF,14,Taught,,2022,,Y,US2CMP19,UGCOCS,BSc,Computing (Computer Science),2,2023/24,ST1A,Enrolment Block,2024-UGCOMSXF-14-2-ST1A,,2023-UGCOMSXF-14-2-ST1A,"Year=0 - Selections: 551462 in T12, 551457 in T1, 551458 in T1, 551460 in T2, 441190 in T12 - Electives: 20.00 available credits from 500083, 551461, 551672 in T2",,,10,T12,Core,5,551462,551462,Design Develop Deploy,40,551462T1222,
UGCOMSXF,14,Taught,,2022,,Y,US2CMP19,UGCOCS,BSc,Computing (Computer Science),2,2023/24,ST1A,Enrolment Block,2024-UGCOMSXF-14-2-ST1A,,2023-UGCOMSXF-14-2-ST1A,"Year=0 - Selections: 551462 in T12, 551457 in T1, 551458 in T1, 551460 in T2, 441190 in T12 - Electives: 20.00 available credits from 500083, 551461, 551672 in T2",,,20,T1,Compulsory,5,551457,551457,Databases and Networks,20,551457T12222,
UGCOMSXF,14,Taught,,2022,,Y,US2CMP19,UGCOCS,BSc,Computing (Computer Science),2,2023/24,ST1A,Enrolment Block,2024-UGCOMSXF-14-2-ST1A,,2023-UGCOMSXF-14-2-ST1A,"Year=0 - Selections: 551462 in T12, 551457 in T1, 551458 in T1, 551460 in T2, 441190 in T12 - Electives: 20.00 available credits from 500083, 551461, 551672 in T2",,,30,T1,Compulsory,5,551458,551458,Artificial Intelligence,20,551458T12222,
UGCOMSXF,14,Taught,,2022,,Y,US2CMP19,UGCOCS,BSc,Computing (Computer Science),2,2023/24,ST1A,Enrolment Block,2024-UGCOMSXF-14-2-ST1A,,2023-UGCOMSXF-14-2-ST1A,"Year=0 - Selections: 551462 in T12, 551457 in T1, 551458 in T1, 551460 in T2, 441190 in T12 - Electives: 20.00 available credits from 500083, 551461, 551672 in T2",,,40,T2,Compulsory,5,551460,551460,User Interfaces and Experience,20,551460T22222,
UGCOMSXF,14,Taught,,2022,,Y,US2CMP19,UGCOCS,BSc,Computing (Computer Science),2,2023/24,ST1A,Enrolment Block,2024-UGCOMSXF-14-2-ST1A,,2023-UGCOMSXF-14-2-ST1A,"Year=0 - Selections: 551462 in T12, 551457 in T1, 551458 in T1, 551460 in T2, 441190 in T12 - Electives: 20.00 available credits from 500083, 551461, 551672 in T2",,,50,,Optional,5,BSC COMP SCI T2 L5 OPTS,551672,,20,No matching MAP,
UGCOMSXF,14,Taught,,2022,,Y,US2CMP19,UGCOCS,BSc,Computing (Computer Science),2,2023/24,ST1A,Enrolment Block,2024-UGCOMSXF-14-2-ST1A,,2023-UGCOMSXF-14-2-ST1A,"Year=0 - Selections: 551462 in T12, 551457 in T1, 551458 in T1, 551460 in T2, 441190 in T12 - Electives: 20.00 available credits from 500083, 551461, 551672 in T2",,,50,T2,Optional,5,BSC COMP SCI T2 L5 OPTS,500083,Advanced Programming,20,500083T22222,
UGCOMSXF,14,Taught,,2022,,Y,US2CMP19,UGCOCS,BSc,Computing (Computer Science),2,2023/24,ST1A,Enrolment Block,2024-UGCOMSXF-14-2-ST1A,,2023-UGCOMSXF-14-2-ST1A,"Year=0 - Selections: 551462 in T12, 551457 in T1, 551458 in T1, 551460 in T2, 441190 in T12 - Electives: 20.00 available credits from 500083, 551461, 551672 in T2",,,50,T2,Optional,5,BSC COMP SCI T2 L5 OPTS,551461,Mixed Reality Development,20,551461T22323,
UGCOMSXF,14,Taught,,2022,,Y,US2CMP19,UGCOCS,BSc,Computing (Computer Science),2,2023/24,ST1A,Enrolment Block,2024-UGCOMSXF-14-2-ST1A,,2023-UGCOMSXF-14-2-ST1A,"Year=0 - Selections: 551462 in T12, 551457 in T1, 551458 in T1, 551460 in T2, 441190 in T12 - Electives: 20.00 available credits from 500083, 551461, 551672 in T2",,,60,,Compulsory,4,441190,441190,,0,No matching MAP,
UGCOMSXF,14,Taught,,2022,,Y,US2CMP19,UGCOCS,BSc,Computing (Computer Science),3,2023/24,ST1A,Enrolment Block,2024-UGCOMSXF-14-3-ST1A,,2023-UGCOMSXF-14-3-ST1A,"Year=0 - Selections: 661987 in T1, 600093 in T2, 441190 in T12 - Electives: 40.00 available credits from 600091, 662004 in T12, 20.00 available credits from 661982, 661984, 662086 in T1, 20.00 available credits from 600100, 600089, 661985, 600086, 661987, 662253 in T2",,,10,T12,Elective - If chosen cannot condone or compenste,6,COMP SCI L6 T12 OPTS,600091,Honours Stage Project,40,60009112222,
UGCOMSXF,14,Taught,,2022,,Y,US2CMP19,UGCOCS,BSc,Computing (Computer Science),3,2023/24,ST1A,Enrolment Block,2024-UGCOMSXF-14-3-ST1A,,2023-UGCOMSXF-14-3-ST1A,"Year=0 - Selections: 661987 in T1, 600093 in T2, 441190 in T12 - Electives: 40.00 available credits from 600091, 662004 in T12, 20.00 available credits from 661982, 661984, 662086 in T1, 20.00 available credits from 600100, 600089, 661985, 600086, 661987, 662253 in T2",,,10,T12,Elective - If chosen cannot condone or compenste,6,COMP SCI L6 T12 OPTS,662004,Communicating and Teaching Computing,40,6.62E+11,
UGCOMSXF,14,Taught,,2022,,Y,US2CMP19,UGCOCS,BSc,Computing (Computer Science),3,2023/24,ST1A,Enrolment Block,2024-UGCOMSXF-14-3-ST1A,,2023-UGCOMSXF-14-3-ST1A,"Year=0 - Selections: 661987 in T1, 600093 in T2, 441190 in T12 - Electives: 40.00 available credits from 600091, 662004 in T12, 20.00 available credits from 661982, 661984, 662086 in T1, 20.00 available credits from 600100, 600089, 661985, 600086, 661987, 662253 in T2",,,20,T1,Compulsory,6,661987,661987,Data Analysis and Visualisation,20,661987T12222,
UGCOMSXF,14,Taught,,2022,,Y,US2CMP19,UGCOCS,BSc,Computing (Computer Science),3,2023/24,ST1A,Enrolment Block,2024-UGCOMSXF-14-3-ST1A,,2023-UGCOMSXF-14-3-ST1A,"Year=0 - Selections: 661987 in T1, 600093 in T2, 441190 in T12 - Electives: 40.00 available credits from 600091, 662004 in T12, 20.00 available credits from 661982, 661984, 662086 in T1, 20.00 available credits from 600100, 600089, 661985, 600086, 661987, 662253 in T2",,,30,T1,Optional,6,COMP SCI L6 T1 OPTS,661982,Secure Digital Infrastructure,20,661982T12222,
UGCOMSXF,14,Taught,,2022,,Y,US2CMP19,UGCOCS,BSc,Computing (Computer Science),3,2023/24,ST1A,Enrolment Block,2024-UGCOMSXF-14-3-ST1A,,2023-UGCOMSXF-14-3-ST1A,"Year=0 - Selections: 661987 in T1, 600093 in T2, 441190 in T12 - Electives: 40.00 available credits from 600091, 662004 in T12, 20.00 available credits from 661982, 661984, 662086 in T1, 20.00 available credits from 600100, 600089, 661985, 600086, 661987, 662253 in T2",,,30,T1,Optional,6,COMP SCI L6 T1 OPTS,661984,Digital Disruption and Innovation,20,661984T12222,
UGCOMSXF,14,Taught,,2022,,Y,US2CMP19,UGCOCS,BSc,Computing (Computer Science),3,2023/24,ST1A,Enrolment Block,2024-UGCOMSXF-14-3-ST1A,,2023-UGCOMSXF-14-3-ST1A,"Year=0 - Selections: 661987 in T1, 600093 in T2, 441190 in T12 - Electives: 40.00 available credits from 600091, 662004 in T12, 20.00 available credits from 661982, 661984, 662086 in T1, 20.00 available credits from 600100, 600089, 661985, 600086, 661987, 662253 in T2",,,30,T1,Optional,6,COMP SCI L6 T1 OPTS,662086,Machine Learning,20,662086T12222,
UGCOMSXF,14,Taught,,2022,,Y,US2CMP19,UGCOCS,BSc,Computing (Computer Science),3,2023/24,ST1A,Enrolment Block,2024-UGCOMSXF-14-3-ST1A,,2023-UGCOMSXF-14-3-ST1A,"Year=0 - Selections: 661987 in T1, 600093 in T2, 441190 in T12 - Electives: 40.00 available credits from 600091, 662004 in T12, 20.00 available credits from 661982, 661984, 662086 in T1, 20.00 available credits from 600100, 600089, 661985, 600086, 661987, 662253 in T2",,,40,,Optional,6,COMP SCI L6 T2 OPTS,661987,,20,No matching MAP,
UGCOMSXF,14,Taught,,2022,,Y,US2CMP19,UGCOCS,BSc,Computing (Computer Science),3,2023/24,ST1A,Enrolment Block,2024-UGCOMSXF-14-3-ST1A,,2023-UGCOMSXF-14-3-ST1A,"Year=0 - Selections: 661987 in T1, 600093 in T2, 441190 in T12 - Electives: 40.00 available credits from 600091, 662004 in T12, 20.00 available credits from 661982, 661984, 662086 in T1, 20.00 available credits from 600100, 600089, 661985, 600086, 661987, 662253 in T2",,,40,,Optional,6,COMP SCI L6 T2 OPTS,662253,,20,No matching MAP,
UGCOMSXF,14,Taught,,2022,,Y,US2CMP19,UGCOCS,BSc,Computing (Computer Science),3,2023/24,ST1A,Enrolment Block,2024-UGCOMSXF-14-3-ST1A,,2023-UGCOMSXF-14-3-ST1A,"Year=0 - Selections: 661987 in T1, 600093 in T2, 441190 in T12 - Electives: 40.00 available credits from 600091, 662004 in T12, 20.00 available credits from 661982, 661984, 662086 in T1, 20.00 available credits from 600100, 600089, 661985, 600086, 661987, 662253 in T2",,,40,T2,Optional,6,COMP SCI L6 T2 OPTS,600086,Parallel and Concurrent Programming,20,600086T22222,
UGCOMSXF,14,Taught,,2022,,Y,US2CMP19,UGCOCS,BSc,Computing (Computer Science),3,2023/24,ST1A,Enrolment Block,2024-UGCOMSXF-14-3-ST1A,,2023-UGCOMSXF-14-3-ST1A,"Year=0 - Selections: 661987 in T1, 600093 in T2, 441190 in T12 - Electives: 40.00 available credits from 600091, 662004 in T12, 20.00 available credits from 661982, 661984, 662086 in T1, 20.00 available credits from 600100, 600089, 661985, 600086, 661987, 662253 in T2",,,40,T2,Optional,6,COMP SCI L6 T2 OPTS,600089,Distributed Systems Programming,20,600089T22323,
UGCOMSXF,14,Taught,,2022,,Y,US2CMP19,UGCOCS,BSc,Computing (Computer Science),3,2023/24,ST1A,Enrolment Block,2024-UGCOMSXF-14-3-ST1A,,2023-UGCOMSXF-14-3-ST1A,"Year=0 - Selections: 661987 in T1, 600093 in T2, 441190 in T12 - Electives: 40.00 available credits from 600091, 662004 in T12, 20.00 available credits from 661982, 661984, 662086 in T1, 20.00 available credits from 600100, 600089, 661985, 600086, 661987, 662253 in T2",,,40,T2,Optional,6,COMP SCI L6 T2 OPTS,600100,Computer Vision,20,600100T2323,
UGCOMSXF,14,Taught,,2022,,Y,US2CMP19,UGCOCS,BSc,Computing (Computer Science),3,2023/24,ST1A,Enrolment Block,2024-UGCOMSXF-14-3-ST1A,,2023-UGCOMSXF-14-3-ST1A,"Year=0 - Selections: 661987 in T1, 600093 in T2, 441190 in T12 - Electives: 40.00 available credits from 600091, 662004 in T12, 20.00 available credits from 661982, 661984, 662086 in T1, 20.00 available credits from 600100, 600089, 661985, 600086, 661987, 662253 in T2",,,40,T2,Optional,6,COMP SCI L6 T2 OPTS,661985,Safety Critical Systems,20,661985T22222,
UGCOMSXF,14,Taught,,2022,,Y,US2CMP19,UGCOCS,BSc,Computing (Computer Science),3,2023/24,ST1A,Enrolment Block,2024-UGCOMSXF-14-3-ST1A,,2023-UGCOMSXF-14-3-ST1A,"Year=0 - Selections: 661987 in T1, 600093 in T2, 441190 in T12 - Electives: 40.00 available credits from 600091, 662004 in T12, 20.00 available credits from 661982, 661984, 662086 in T1, 20.00 available credits from 600100, 600089, 661985, 600086, 661987, 662253 in T2",,,50,T2,Compulsory,6,600093,600093,Computational Science,20,600093T22222,
UGCOMSXF,14,Taught,,2022,,Y,US2CMP19,UGCOCS,BSc,Computing (Computer Science),3,2023/24,ST1A,Enrolment Block,2024-UGCOMSXF-14-3-ST1A,,2023-UGCOMSXF-14-3-ST1A,"Year=0 - Selections: 661987 in T1, 600093 in T2, 441190 in T12 - Electives: 40.00 available credits from 600091, 662004 in T12, 20.00 available credits from 661982, 661984, 662086 in T1, 20.00 available credits from 600100, 600089, 661985, 600086, 661987, 662253 in T2",,,60,,Compulsory,4,441190,441190,,0,No matching MAP,
UGCOMSXF,15,Taught,,2022,,Y,US2CMP19,UGCOSE,BSc,Computing (Software Engineering),1,2023/24,ST1A,Enrolment Block,2024-UGCOMSXF-15-1-ST1A,,2023-UGCOMSXF-15-1-ST1A,,,,10,T12,Core,4,441101,441101,Programming Portfolio,40,441101T1&222,
UGCOMSXF,15,Taught,,2022,,Y,US2CMP19,UGCOSE,BSc,Computing (Software Engineering),1,2023/24,ST1A,Enrolment Block,2024-UGCOMSXF-15-1-ST1A,,2023-UGCOMSXF-15-1-ST1A,,,,20,T2,Compulsory,4,441104,441104,Computational Thinking,20,441104T12222,
UGCOMSXF,15,Taught,,2022,,Y,US2CMP19,UGCOSE,BSc,Computing (Software Engineering),1,2023/24,ST1A,Enrolment Block,2024-UGCOMSXF-15-1-ST1A,,2023-UGCOMSXF-15-1-ST1A,,,,30,T1,Compulsory,4,441105,441105,Algorithms and Data Structures,20,441105T12222,
UGCOMSXF,15,Taught,,2022,,Y,US2CMP19,UGCOSE,BSc,Computing (Software Engineering),1,2023/24,ST1A,Enrolment Block,2024-UGCOMSXF-15-1-ST1A,,2023-UGCOMSXF-15-1-ST1A,,,,40,T2,Compulsory,4,441102,441102,"Architectures, Operating Systems and the Cloud",20,441102T22222,
UGCOMSXF,15,Taught,,2022,,Y,US2CMP19,UGCOSE,BSc,Computing (Software Engineering),1,2023/24,ST1A,Enrolment Block,2024-UGCOMSXF-15-1-ST1A,,2023-UGCOMSXF-15-1-ST1A,,,,50,T1,Compulsory,4,441108,441108,Professional Development,20,441108T22222,
UGCOMSXF,15,Taught,,2022,,Y,US2CMP19,UGCOSE,BSc,Computing (Software Engineering),2,2023/24,ST1A,Enrolment Block,2024-UGCOMSXF-15-2-ST1A,,2023-UGCOMSXF-15-2-ST1A,"Year=0 - Selections: 551462 in T12, 551457 in T1, 551456 in T1, 551460 in T2, 441190 in T12 - Electives: 20.00 available credits from 500083, 551461 in T2",,,10,T12,Core,5,551462,551462,Design Develop Deploy,40,551462T1222,
UGCOMSXF,15,Taught,,2022,,Y,US2CMP19,UGCOSE,BSc,Computing (Software Engineering),2,2023/24,ST1A,Enrolment Block,2024-UGCOMSXF-15-2-ST1A,,2023-UGCOMSXF-15-2-ST1A,"Year=0 - Selections: 551462 in T12, 551457 in T1, 551456 in T1, 551460 in T2, 441190 in T12 - Electives: 20.00 available credits from 500083, 551461 in T2",,,20,T1,Compulsory,5,551457,551457,Databases and Networks,20,551457T12222,
UGCOMSXF,15,Taught,,2022,,Y,US2CMP19,UGCOSE,BSc,Computing (Software Engineering),2,2023/24,ST1A,Enrolment Block,2024-UGCOMSXF-15-2-ST1A,,2023-UGCOMSXF-15-2-ST1A,"Year=0 - Selections: 551462 in T12, 551457 in T1, 551456 in T1, 551460 in T2, 441190 in T12 - Electives: 20.00 available credits from 500083, 551461 in T2",,,30,T1,Compulsory,5,551456,551456,Software Engineering Design Patterns,20,551456T12323,
UGCOMSXF,15,Taught,,2022,,Y,US2CMP19,UGCOSE,BSc,Computing (Software Engineering),2,2023/24,ST1A,Enrolment Block,2024-UGCOMSXF-15-2-ST1A,,2023-UGCOMSXF-15-2-ST1A,"Year=0 - Selections: 551462 in T12, 551457 in T1, 551456 in T1, 551460 in T2, 441190 in T12 - Electives: 20.00 available credits from 500083, 551461 in T2",,,40,T2,Compulsory,5,551460,551460,User Interfaces and Experience,20,551460T22222,
UGCOMSXF,15,Taught,,2022,,Y,US2CMP19,UGCOSE,BSc,Computing (Software Engineering),2,2023/24,ST1A,Enrolment Block,2024-UGCOMSXF-15-2-ST1A,,2023-UGCOMSXF-15-2-ST1A,"Year=0 - Selections: 551462 in T12, 551457 in T1, 551456 in T1, 551460 in T2, 441190 in T12 - Electives: 20.00 available credits from 500083, 551461 in T2",,,50,T2,Optional,5,SOFTENG T2 L5 OPS,500083,Advanced Programming,20,500083T22222,
UGCOMSXF,15,Taught,,2022,,Y,US2CMP19,UGCOSE,BSc,Computing (Software Engineering),2,2023/24,ST1A,Enrolment Block,2024-UGCOMSXF-15-2-ST1A,,2023-UGCOMSXF-15-2-ST1A,"Year=0 - Selections: 551462 in T12, 551457 in T1, 551456 in T1, 551460 in T2, 441190 in T12 - Electives: 20.00 available credits from 500083, 551461 in T2",,,50,T2,Optional,5,SOFTENG T2 L5 OPS,551461,Mixed Reality Development,20,551461T22323,
UGCOMSXF,15,Taught,,2022,,Y,US2CMP19,UGCOSE,BSc,Computing (Software Engineering),2,2023/24,ST1A,Enrolment Block,2024-UGCOMSXF-15-2-ST1A,,2023-UGCOMSXF-15-2-ST1A,"Year=0 - Selections: 551462 in T12, 551457 in T1, 551456 in T1, 551460 in T2, 441190 in T12 - Electives: 20.00 available credits from 500083, 551461 in T2",,,60,,Compulsory,4,441190,441190,,0,No matching MAP,
UGCOMSXF,15,Taught,,2022,,Y,US2CMP19,UGCOSE,BSc,Computing (Software Engineering),3,2023/24,ST1A,Enrolment Block,2024-UGCOMSXF-15-3-ST1A,,2023-UGCOMSXF-15-3-ST1A,"Year=0 - Selections: 661982 in T1, 661984 in T1, 600089 in T2, 661985 in T2, 441190 in T12 - Electives: 40.00 available credits from 600091, 662004 in T12",,,10,T12,Elective - If chosen cannot condone or compenste,6,SOFTENG T12 L6 OPS,600091,Honours Stage Project,40,60009112222,
UGCOMSXF,15,Taught,,2022,,Y,US2CMP19,UGCOSE,BSc,Computing (Software Engineering),3,2023/24,ST1A,Enrolment Block,2024-UGCOMSXF-15-3-ST1A,,2023-UGCOMSXF-15-3-ST1A,"Year=0 - Selections: 661982 in T1, 661984 in T1, 600089 in T2, 661985 in T2, 441190 in T12 - Electives: 40.00 available credits from 600091, 662004 in T12",,,10,T12,Elective - If chosen cannot condone or compenste,6,SOFTENG T12 L6 OPS,662004,Communicating and Teaching Computing,40,6.62E+11,
UGCOMSXF,15,Taught,,2022,,Y,US2CMP19,UGCOSE,BSc,Computing (Software Engineering),3,2023/24,ST1A,Enrolment Block,2024-UGCOMSXF-15-3-ST1A,,2023-UGCOMSXF-15-3-ST1A,"Year=0 - Selections: 661982 in T1, 661984 in T1, 600089 in T2, 661985 in T2, 441190 in T12 - Electives: 40.00 available credits from 600091, 662004 in T12",,,20,T1,Compulsory,6,661982,661982,Secure Digital Infrastructure,20,661982T12222,
UGCOMSXF,15,Taught,,2022,,Y,US2CMP19,UGCOSE,BSc,Computing (Software Engineering),3,2023/24,ST1A,Enrolment Block,2024-UGCOMSXF-15-3-ST1A,,2023-UGCOMSXF-15-3-ST1A,"Year=0 - Selections: 661982 in T1, 661984 in T1, 600089 in T2, 661985 in T2, 441190 in T12 - Electives: 40.00 available credits from 600091, 662004 in T12",,,30,T1,Compulsory,6,661984,661984,Digital Disruption and Innovation,20,661984T12222,
UGCOMSXF,15,Taught,,2022,,Y,US2CMP19,UGCOSE,BSc,Computing (Software Engineering),3,2023/24,ST1A,Enrolment Block,2024-UGCOMSXF-15-3-ST1A,,2023-UGCOMSXF-15-3-ST1A,"Year=0 - Selections: 661982 in T1, 661984 in T1, 600089 in T2, 661985 in T2, 441190 in T12 - Electives: 40.00 available credits from 600091, 662004 in T12",,,40,T2,Compulsory,6,600089,600089,Distributed Systems Programming,20,600089T22323,
UGCOMSXF,15,Taught,,2022,,Y,US2CMP19,UGCOSE,BSc,Computing (Software Engineering),3,2023/24,ST1A,Enrolment Block,2024-UGCOMSXF-15-3-ST1A,,2023-UGCOMSXF-15-3-ST1A,"Year=0 - Selections: 661982 in T1, 661984 in T1, 600089 in T2, 661985 in T2, 441190 in T12 - Electives: 40.00 available credits from 600091, 662004 in T12",,,50,T2,Compulsory,6,661985,661985,Safety Critical Systems,20,661985T22222,
UGCOMSXF,15,Taught,,2022,,Y,US2CMP19,UGCOSE,BSc,Computing (Software Engineering),3,2023/24,ST1A,Enrolment Block,2024-UGCOMSXF-15-3-ST1A,,2023-UGCOMSXF-15-3-ST1A,"Year=0 - Selections: 661982 in T1, 661984 in T1, 600089 in T2, 661985 in T2, 441190 in T12 - Electives: 40.00 available credits from 600091, 662004 in T12",,,60,,Compulsory,4,441190,441190,,0,No matching MAP,
UGCOMSXF,16,Taught,,2023,,Y,US1CMP19,UGCSAI,BSc,Computer Science (Artificial Intelligence),1,2023/24,ST1A,Enrolment Block,2024-UGCOMSXF-16-1-ST1A,,2023-UGCOMSXF-16-1-ST1A,"Year=0 - Selections: 441101 in T12, 441104 in T2, 441105 in T1, 441102 in T2, 441108 in T1, 441187 in T12, 441190 in T12",,,10,T12,Core,4,441101,441101,Programming Portfolio,40,441101T1&222,
UGCOMSXF,16,Taught,,2023,,Y,US1CMP19,UGCSAI,BSc,Computer Science (Artificial Intelligence),1,2023/24,ST1A,Enrolment Block,2024-UGCOMSXF-16-1-ST1A,,2023-UGCOMSXF-16-1-ST1A,"Year=0 - Selections: 441101 in T12, 441104 in T2, 441105 in T1, 441102 in T2, 441108 in T1, 441187 in T12, 441190 in T12",,,20,T2,Compulsory,4,441104,441104,Computational Thinking,20,441104T12222,
UGCOMSXF,16,Taught,,2023,,Y,US1CMP19,UGCSAI,BSc,Computer Science (Artificial Intelligence),1,2023/24,ST1A,Enrolment Block,2024-UGCOMSXF-16-1-ST1A,,2023-UGCOMSXF-16-1-ST1A,"Year=0 - Selections: 441101 in T12, 441104 in T2, 441105 in T1, 441102 in T2, 441108 in T1, 441187 in T12, 441190 in T12",,,30,T1,Compulsory,4,441105,441105,Algorithms and Data Structures,20,441105T12222,
UGCOMSXF,16,Taught,,2023,,Y,US1CMP19,UGCSAI,BSc,Computer Science (Artificial Intelligence),1,2023/24,ST1A,Enrolment Block,2024-UGCOMSXF-16-1-ST1A,,2023-UGCOMSXF-16-1-ST1A,"Year=0 - Selections: 441101 in T12, 441104 in T2, 441105 in T1, 441102 in T2, 441108 in T1, 441187 in T12, 441190 in T12",,,40,T2,Compulsory,4,441102,441102,"Architectures, Operating Systems and the Cloud",20,441102T22222,
UGCOMSXF,16,Taught,,2023,,Y,US1CMP19,UGCSAI,BSc,Computer Science (Artificial Intelligence),1,2023/24,ST1A,Enrolment Block,2024-UGCOMSXF-16-1-ST1A,,2023-UGCOMSXF-16-1-ST1A,"Year=0 - Selections: 441101 in T12, 441104 in T2, 441105 in T1, 441102 in T2, 441108 in T1, 441187 in T12, 441190 in T12",,,50,T1,Compulsory,4,441108,441108,Professional Development,20,441108T22222,
UGCOMSXF,16,Taught,,2023,,Y,US1CMP19,UGCSAI,BSc,Computer Science (Artificial Intelligence),1,2023/24,ST1A,Enrolment Block,2024-UGCOMSXF-16-1-ST1A,,2023-UGCOMSXF-16-1-ST1A,"Year=0 - Selections: 441101 in T12, 441104 in T2, 441105 in T1, 441102 in T2, 441108 in T1, 441187 in T12, 441190 in T12",,,60,T12,Compulsory,4,441187,441187,Computer Science PASS module,0,No matching MAP,
UGCOMSXF,16,Taught,,2023,,Y,US1CMP19,UGCSAI,BSc,Computer Science (Artificial Intelligence),1,2023/24,ST1A,Enrolment Block,2024-UGCOMSXF-16-1-ST1A,,2023-UGCOMSXF-16-1-ST1A,"Year=0 - Selections: 441101 in T12, 441104 in T2, 441105 in T1, 441102 in T2, 441108 in T1, 441187 in T12, 441190 in T12",,,70,,Compulsory,4,441190,441190,,0,No matching MAP,
UGCOMSXF,16,Taught,,2023,,Y,US1CMP19,UGCSAI,BSc,Computer Science (Artificial Intelligence),2,2023/24,ST1A,Enrolment Block,2024-UGCOMSXF-16-2-ST1A,,,,No 2023* diet for this VCO/CBO,,,,,,,,,,No matching MAP,
UGCOMSXF,16,Taught,,2023,,Y,US1CMP19,UGCSAI,BSc,Computer Science (Artificial Intelligence),3,2023/24,ST1A,Enrolment Block,,No Online diet for this VCO/CBO,,,No 2023* diet for this VCO/CBO,,,,,,,,,,No matching MAP,
UGCOMSXF,17,Taught,,2023,,Y,US2CMP19,UGCOAI,BSc,Computing (Artificial Intelligence),1,2023/24,ST1A,Enrolment Block,2024-UGCOMSXF-17-1-ST1A,,2023-UGCOMSXF-17-1-ST1A,,,,10,T12,Core,4,441101,441101,Programming Portfolio,40,441101T1&222,
UGCOMSXF,17,Taught,,2023,,Y,US2CMP19,UGCOAI,BSc,Computing (Artificial Intelligence),1,2023/24,ST1A,Enrolment Block,2024-UGCOMSXF-17-1-ST1A,,2023-UGCOMSXF-17-1-ST1A,,,,20,T2,Compulsory,4,441104,441104,Computational Thinking,20,441104T12222,
UGCOMSXF,17,Taught,,2023,,Y,US2CMP19,UGCOAI,BSc,Computing (Artificial Intelligence),1,2023/24,ST1A,Enrolment Block,2024-UGCOMSXF-17-1-ST1A,,2023-UGCOMSXF-17-1-ST1A,,,,30,T1,Compulsory,4,441105,441105,Algorithms and Data Structures,20,441105T12222,
UGCOMSXF,17,Taught,,2023,,Y,US2CMP19,UGCOAI,BSc,Computing (Artificial Intelligence),1,2023/24,ST1A,Enrolment Block,2024-UGCOMSXF-17-1-ST1A,,2023-UGCOMSXF-17-1-ST1A,,,,40,T2,Compulsory,4,441102,441102,"Architectures, Operating Systems and the Cloud",20,441102T22222,
UGCOMSXF,17,Taught,,2023,,Y,US2CMP19,UGCOAI,BSc,Computing (Artificial Intelligence),1,2023/24,ST1A,Enrolment Block,2024-UGCOMSXF-17-1-ST1A,,2023-UGCOMSXF-17-1-ST1A,,,,50,T1,Compulsory,4,441108,441108,Professional Development,20,441108T22222,
UGCOMSXF,17,Taught,,2023,,Y,US2CMP19,UGCOAI,BSc,Computing (Artificial Intelligence),2,2023/24,ST1A,Enrolment Block,2024-UGCOMSXF-17-2-ST1A,,,,No 2023* diet for this VCO/CBO,,,,,,,,,,No matching MAP,
UGCOMSXF,17,Taught,,2023,,Y,US2CMP19,UGCOAI,BSc,Computing (Artificial Intelligence),3,2023/24,ST1A,Enrolment Block,,No Online diet for this VCO/CBO,,,No 2023* diet for this VCO/CBO,,,,,,,,,,No matching MAP,
UGCOMSXF,18,Taught,,2022,,N,US2CMO19,UGCOCS,BSc (Ordinary),Computing (Computer Science),1,2023/24,ST1A,Enrolment Block,,No Online diet for this VCO/CBO,,,No 2023* diet for this VCO/CBO,,,,,,,,,,No matching MAP,
UGCOMSXF,18,Taught,,2022,,N,US2CMO19,UGCOCS,BSc (Ordinary),Computing (Computer Science),2,2023/24,ST1A,Enrolment Block,,No Online diet for this VCO/CBO,,,No 2023* diet for this VCO/CBO,,,,,,,,,,No matching MAP,
UGCOMSXF,18,Taught,,2022,,N,US2CMO19,UGCOCS,BSc (Ordinary),Computing (Computer Science),3,2023/24,ST1A,Enrolment Block,,No Online diet for this VCO/CBO,,,No 2023* diet for this VCO/CBO,,,,,,,,,,No matching MAP,
UGCOMSXF,19,Taught,,2022,,,US1CMO19,UGCSSE,BSc (Ordinary),Computer Science (Software Engineering),1,2023/24,ST1A,Enrolment Block,,No Online diet for this VCO/CBO,,,No 2023* diet for this VCO/CBO,,,,,,,,,,No matching MAP,
UGCOMSXF,19,Taught,,2022,,,US1CMO19,UGCSSE,BSc (Ordinary),Computer Science (Software Engineering),2,2023/24,ST1A,Enrolment Block,2024-UGCOMSXF-19-2-ST1A,,2023-UGCOMSXF-19-2-ST1A,,,,10,,Compulsory,4,441190,441190,,0,No matching MAP,
UGCOMSXF,19,Taught,,2022,,,US1CMO19,UGCSSE,BSc (Ordinary),Computer Science (Software Engineering),3,2023/24,ST1A,Enrolment Block,2024-UGCOMSXF-19-3-ST1A,,2023-UGCOMSXF-19-3-ST1A,,,,10,,Compulsory,4,441190,441190,,0,No matching MAP,
UGCOMSXF,2,Taught,,,2020,N,US1CMP16,UGCSES,BSc,Computer Science (Embedded Systems),1,2023/24,ST1A,Enrolment Block,,No Online diet for this VCO/CBO,,,No 2023* diet for this VCO/CBO,,,,,,,,,,No matching MAP,
UGCOMSXF,2,Taught,,,2020,N,US1CMP16,UGCSES,BSc,Computer Science (Embedded Systems),2,2023/24,ST1A,Enrolment Block,2024-UGCOMSXF--2-ST1A,,2023-UGCOMSXF--2-ST1A,,,,,,,,,,,,No matching MAP,
UGCOMSXF,2,Taught,,,2020,N,US1CMP16,UGCSES,BSc,Computer Science (Embedded Systems),3,2023/24,ST1A,Enrolment Block,2024-UGCOMSXF--3-ST1A,,2023-UGCOMSXF--3-ST1A,"Year=0 - Selections: 600091 in T12, 600096 in T1, 600085 in T1, 600100 in T2 - Electives: a maximum of 20.00 available credits from 600097 in T12, a maximum of 20.00 available credits from 600086, 600089 in T2",,,1,T12,Core,6,600091,600091,Honours Stage Project,40,60009112222,
UGCOMSXF,2,Taught,,,2020,N,US1CMP16,UGCSES,BSc,Computer Science (Embedded Systems),3,2023/24,ST1A,Enrolment Block,2024-UGCOMSXF--3-ST1A,,2023-UGCOMSXF--3-ST1A,"Year=0 - Selections: 600091 in T12, 600096 in T1, 600085 in T1, 600100 in T2 - Electives: a maximum of 20.00 available credits from 600097 in T12, a maximum of 20.00 available credits from 600086, 600089 in T2",,,11,,Optional,6,UGCOMSXF2US1CMP16UGCSES31819O1,600097,,20,No matching MAP,This module is limited to 15 students. Students will be required to attend an interview and complete a DBS if taking this module.
UGCOMSXF,2,Taught,,,2020,N,US1CMP16,UGCSES,BSc,Computer Science (Embedded Systems),3,2023/24,ST1A,Enrolment Block,2024-UGCOMSXF--3-ST1A,,2023-UGCOMSXF--3-ST1A,"Year=0 - Selections: 600091 in T12, 600096 in T1, 600085 in T1, 600100 in T2 - Electives: a maximum of 20.00 available credits from 600097 in T12, a maximum of 20.00 available credits from 600086, 600089 in T2",,,21,T1,Compulsory,6,600085,600085,Embedded Systems Development,20,600085T12323,
UGCOMSXF,2,Taught,,,2020,N,US1CMP16,UGCSES,BSc,Computer Science (Embedded Systems),3,2023/24,ST1A,Enrolment Block,2024-UGCOMSXF--3-ST1A,,2023-UGCOMSXF--3-ST1A,"Year=0 - Selections: 600091 in T12, 600096 in T1, 600085 in T1, 600100 in T2 - Electives: a maximum of 20.00 available credits from 600097 in T12, a maximum of 20.00 available credits from 600086, 600089 in T2",,,31,T1,Compulsory,6,600096,600096,Mobile Devices and Applications,20,600096T11919,
UGCOMSXF,2,Taught,,,2020,N,US1CMP16,UGCSES,BSc,Computer Science (Embedded Systems),3,2023/24,ST1A,Enrolment Block,2024-UGCOMSXF--3-ST1A,,2023-UGCOMSXF--3-ST1A,"Year=0 - Selections: 600091 in T12, 600096 in T1, 600085 in T1, 600100 in T2 - Electives: a maximum of 20.00 available credits from 600097 in T12, a maximum of 20.00 available credits from 600086, 600089 in T2",,,41,T2,Compulsory,6,600100,600100,Computer Vision,20,600100T2323,
UGCOMSXF,2,Taught,,,2020,N,US1CMP16,UGCSES,BSc,Computer Science (Embedded Systems),3,2023/24,ST1A,Enrolment Block,2024-UGCOMSXF--3-ST1A,,2023-UGCOMSXF--3-ST1A,"Year=0 - Selections: 600091 in T12, 600096 in T1, 600085 in T1, 600100 in T2 - Electives: a maximum of 20.00 available credits from 600097 in T12, a maximum of 20.00 available credits from 600086, 600089 in T2",,,51,T2,Optional,6,UGCOMSXF2US1CMP16UGCSES318S2O1,600086,Parallel and Concurrent Programming,20,600086T22222,
UGCOMSXF,2,Taught,,,2020,N,US1CMP16,UGCSES,BSc,Computer Science (Embedded Systems),3,2023/24,ST1A,Enrolment Block,2024-UGCOMSXF--3-ST1A,,2023-UGCOMSXF--3-ST1A,"Year=0 - Selections: 600091 in T12, 600096 in T1, 600085 in T1, 600100 in T2 - Electives: a maximum of 20.00 available credits from 600097 in T12, a maximum of 20.00 available credits from 600086, 600089 in T2",,,51,T2,Optional,6,UGCOMSXF2US1CMP16UGCSES318S2O1,600089,Distributed Systems Programming,20,600089T22323,
UGCOMSXF,20,Taught,,2023,,,US2CMO19,UGCOMS,BSc (Ordinary),Computer Science,1,2023/24,ST1A,Enrolment Block,,No Online diet for this VCO/CBO,,,No 2023* diet for this VCO/CBO,,,,,,,,,,No matching MAP,
UGCOMSXF,20,Taught,,2023,,,US2CMO19,UGCOMS,BSc (Ordinary),Computer Science,2,2023/24,ST1A,Enrolment Block,2024-UGCOMSXF-20-2-ST1A,,2023-UGCOMSXF-18-2-ST1A,,More than one 2023* diet for this VCO/CBO,,10,,Compulsory,4,441190,441190,,0,No matching MAP,
UGCOMSXF,20,Taught,,2023,,,US2CMO19,UGCOMS,BSc (Ordinary),Computer Science,2,2023/24,ST1A,Enrolment Block,2024-UGCOMSXF-20-2-ST1A,,2023-UGCOMSXF-20-2-ST1A,,More than one 2023* diet for this VCO/CBO,,10,,Compulsory,4,441190,441190,,0,No matching MAP,
UGCOMSXF,20,Taught,,2023,,,US2CMO19,UGCOMS,BSc (Ordinary),Computer Science,3,2023/24,ST1A,Enrolment Block,2024-UGCOMSXF-20-3-ST1A,,2023-UGCOMSXF-18-3-ST1A,,More than one 2023* diet for this VCO/CBO,,10,,Compulsory,4,441190,441190,,0,No matching MAP,
UGCOMSXF,20,Taught,,2023,,,US2CMO19,UGCOMS,BSc (Ordinary),Computer Science,3,2023/24,ST1A,Enrolment Block,2024-UGCOMSXF-20-3-ST1A,,2023-UGCOMSXF-20-3-ST1A,,More than one 2023* diet for this VCO/CBO,,10,,Compulsory,4,441190,441190,,0,No matching MAP,
UGCOMSXF,21,Taught,,,,,US2CMO19,UGCSSE,BSc (Ordinary),Computer Science (Software Engineering),1,2023/24,ST1A,Enrolment Block,,No Online diet for this VCO/CBO,,,No 2023* diet for this VCO/CBO,,,,,,,,,,No matching MAP,
UGCOMSXF,21,Taught,,,,,US2CMO19,UGCSSE,BSc (Ordinary),Computer Science (Software Engineering),2,2023/24,ST1A,Enrolment Block,,No Online diet for this VCO/CBO,,,No 2023* diet for this VCO/CBO,,,,,,,,,,No matching MAP,
UGCOMSXF,21,Taught,,,,,US2CMO19,UGCSSE,BSc (Ordinary),Computer Science (Software Engineering),3,2023/24,ST1A,Enrolment Block,,No Online diet for this VCO/CBO,,,No 2023* diet for this VCO/CBO,,,,,,,,,,No matching MAP,
UGCOMSXF,22,Taught,,,,N,US2CMO19,UGCSSE,BSc (Ordinary),Computer Science (Software Engineering),1,2023/24,ST1A,Enrolment Block,,No Online diet for this VCO/CBO,,,No 2023* diet for this VCO/CBO,,,,,,,,,,No matching MAP,
UGCOMSXF,22,Taught,,,,N,US2CMO19,UGCSSE,BSc (Ordinary),Computer Science (Software Engineering),2,2023/24,ST1A,Enrolment Block,,No Online diet for this VCO/CBO,,,No 2023* diet for this VCO/CBO,,,,,,,,,,No matching MAP,
UGCOMSXF,22,Taught,,,,N,US2CMO19,UGCSSE,BSc (Ordinary),Computer Science (Software Engineering),3,2023/24,ST1A,Enrolment Block,,No Online diet for this VCO/CBO,,,No 2023* diet for this VCO/CBO,,,,,,,,,,No matching MAP,
UGCOMSXF,23,Taught,,,,,US2CMP19,UGCSSE,BSc,Computer Science (Software Engineering),1,2023/24,ST1A,Enrolment Block,,No Online diet for this VCO/CBO,,,No 2023* diet for this VCO/CBO,,,,,,,,,,No matching MAP,
UGCOMSXF,23,Taught,,,,,US2CMP19,UGCSSE,BSc,Computer Science (Software Engineering),2,2023/24,ST1A,Enrolment Block,,No Online diet for this VCO/CBO,,,No 2023* diet for this VCO/CBO,,,,,,,,,,No matching MAP,
UGCOMSXF,23,Taught,,,,,US2CMP19,UGCSSE,BSc,Computer Science (Software Engineering),3,2023/24,ST1A,Enrolment Block,,No Online diet for this VCO/CBO,,,No 2023* diet for this VCO/CBO,,,,,,,,,,No matching MAP,
UGCOMSXF,3,Taught,,,2024,N,US1CMP16,UGCSSE,BSc,Computer Science (Software Engineering),1,2023/24,ST1A,Enrolment Block,2024-UGCOMSXF-3-1-ST1A,,2023-UGCOMSXF-3-1-ST1A,"Year=0 - Selections: 441104 in T1, 441105 in T1, 441101 in T12, 441102 in T2, 441108 in T2",,,1,T12,Core,4,441101,441101,Programming Portfolio,40,441101T1&222,
UGCOMSXF,3,Taught,,,2024,N,US1CMP16,UGCSSE,BSc,Computer Science (Software Engineering),1,2023/24,ST1A,Enrolment Block,2024-UGCOMSXF-3-1-ST1A,,2023-UGCOMSXF-3-1-ST1A,"Year=0 - Selections: 441104 in T1, 441105 in T1, 441101 in T12, 441102 in T2, 441108 in T2",,,11,,Compulsory,4,441104,441104,,20,No matching MAP,
UGCOMSXF,3,Taught,,,2024,N,US1CMP16,UGCSSE,BSc,Computer Science (Software Engineering),1,2023/24,ST1A,Enrolment Block,2024-UGCOMSXF-3-1-ST1A,,2023-UGCOMSXF-3-1-ST1A,"Year=0 - Selections: 441104 in T1, 441105 in T1, 441101 in T12, 441102 in T2, 441108 in T2",,,31,T1,Compulsory,4,441105,441105,Algorithms and Data Structures,20,441105T12222,
UGCOMSXF,3,Taught,,,2024,N,US1CMP16,UGCSSE,BSc,Computer Science (Software Engineering),1,2023/24,ST1A,Enrolment Block,2024-UGCOMSXF-3-1-ST1A,,2023-UGCOMSXF-3-1-ST1A,"Year=0 - Selections: 441104 in T1, 441105 in T1, 441101 in T12, 441102 in T2, 441108 in T2",,,41,T2,Compulsory,4,441102,441102,"Architectures, Operating Systems and the Cloud",20,441102T22222,
UGCOMSXF,3,Taught,,,2024,N,US1CMP16,UGCSSE,BSc,Computer Science (Software Engineering),1,2023/24,ST1A,Enrolment Block,2024-UGCOMSXF-3-1-ST1A,,2023-UGCOMSXF-3-1-ST1A,"Year=0 - Selections: 441104 in T1, 441105 in T1, 441101 in T12, 441102 in T2, 441108 in T2",,,61,,Compulsory,4,441108,441108,,20,No matching MAP,
UGCOMSXF,3,Taught,,,2024,N,US1CMP16,UGCSSE,BSc,Computer Science (Software Engineering),2,2023/24,ST1A,Enrolment Block,2024-UGCOMSXF-3-2-ST1A,,2023-UGCOMSXF-3-2-ST1A,"Year=0 - Selections: 500084 in T1, 500087 in T1, 500088 in T1, 500080 in T2, 500081 in T2, 500083 in T2",,,1,,Compulsory,5,500084,500084,,20,No matching MAP,
UGCOMSXF,3,Taught,,,2024,N,US1CMP16,UGCSSE,BSc,Computer Science (Software Engineering),2,2023/24,ST1A,Enrolment Block,2024-UGCOMSXF-3-2-ST1A,,2023-UGCOMSXF-3-2-ST1A,"Year=0 - Selections: 500084 in T1, 500087 in T1, 500088 in T1, 500080 in T2, 500081 in T2, 500083 in T2",,,11,,Compulsory,5,500087,500087,,20,No matching MAP,
UGCOMSXF,3,Taught,,,2024,N,US1CMP16,UGCSSE,BSc,Computer Science (Software Engineering),2,2023/24,ST1A,Enrolment Block,2024-UGCOMSXF-3-2-ST1A,,2023-UGCOMSXF-3-2-ST1A,"Year=0 - Selections: 500084 in T1, 500087 in T1, 500088 in T1, 500080 in T2, 500081 in T2, 500083 in T2",,,21,,Compulsory,5,500088,500088,,20,No matching MAP,
UGCOMSXF,3,Taught,,,2024,N,US1CMP16,UGCSSE,BSc,Computer Science (Software Engineering),2,2023/24,ST1A,Enrolment Block,2024-UGCOMSXF-3-2-ST1A,,2023-UGCOMSXF-3-2-ST1A,"Year=0 - Selections: 500084 in T1, 500087 in T1, 500088 in T1, 500080 in T2, 500081 in T2, 500083 in T2",,,31,,Compulsory,5,500081,500081,,20,No matching MAP,
UGCOMSXF,3,Taught,,,2024,N,US1CMP16,UGCSSE,BSc,Computer Science (Software Engineering),2,2023/24,ST1A,Enrolment Block,2024-UGCOMSXF-3-2-ST1A,,2023-UGCOMSXF-3-2-ST1A,"Year=0 - Selections: 500084 in T1, 500087 in T1, 500088 in T1, 500080 in T2, 500081 in T2, 500083 in T2",,,41,T2,Compulsory,5,500083,500083,Advanced Programming,20,500083T22222,
UGCOMSXF,3,Taught,,,2024,N,US1CMP16,UGCSSE,BSc,Computer Science (Software Engineering),2,2023/24,ST1A,Enrolment Block,2024-UGCOMSXF-3-2-ST1A,,2023-UGCOMSXF-3-2-ST1A,"Year=0 - Selections: 500084 in T1, 500087 in T1, 500088 in T1, 500080 in T2, 500081 in T2, 500083 in T2",,,51,,Compulsory,5,500080,500080,,20,No matching MAP,
UGCOMSXF,3,Taught,,,2024,N,US1CMP16,UGCSSE,BSc,Computer Science (Software Engineering),3,2023/24,ST1A,Enrolment Block,2024-UGCOMSXF-3-3-ST1A,,2023-UGCOMSXF-3-3-ST1A,"Year=0 - Selections: 600091 in T12, 600087 in T1, 600094 in T2 Student Module Electives  [, 600097 in T12, a maximum of 20.00 available credits from 600096 in T1, a maximum of 20.00 available credits from 600086, 600089, 600099 in T2  Subject to an overall minimum of 40 available credits and an overall maximum of 40 available credits ] [, 600096 in T1, 20.00 available credits from 600086, 600089, 600099 in T2  Subject to an overall minimum of 40 available credits and an overall maximum of 40 available credits ]",,,1,T12,Core,6,600091,600091,Honours Stage Project,40,60009112222,
UGCOMSXF,3,Taught,,,2024,N,US1CMP16,UGCSSE,BSc,Computer Science (Software Engineering),3,2023/24,ST1A,Enrolment Block,2024-UGCOMSXF-3-3-ST1A,,2023-UGCOMSXF-3-3-ST1A,"Year=0 - Selections: 600091 in T12, 600087 in T1, 600094 in T2 Student Module Electives  [, 600097 in T12, a maximum of 20.00 available credits from 600096 in T1, a maximum of 20.00 available credits from 600086, 600089, 600099 in T2  Subject to an overall minimum of 40 available credits and an overall maximum of 40 available credits ] [, 600096 in T1, 20.00 available credits from 600086, 600089, 600099 in T2  Subject to an overall minimum of 40 available credits and an overall maximum of 40 available credits ]",,,11,,Optional,6,UGCOMSXF3US1CMP16UGCSSE31819O1,600097,,20,No matching MAP,This module is limited to 15 students. Students will be required to attend an interview and complete a DBS if taking this module.
UGCOMSXF,3,Taught,,,2024,N,US1CMP16,UGCSSE,BSc,Computer Science (Software Engineering),3,2023/24,ST1A,Enrolment Block,2024-UGCOMSXF-3-3-ST1A,,2023-UGCOMSXF-3-3-ST1A,"Year=0 - Selections: 600091 in T12, 600087 in T1, 600094 in T2 Student Module Electives  [, 600097 in T12, a maximum of 20.00 available credits from 600096 in T1, a maximum of 20.00 available credits from 600086, 600089, 600099 in T2  Subject to an overall minimum of 40 available credits and an overall maximum of 40 available credits ] [, 600096 in T1, 20.00 available credits from 600086, 600089, 600099 in T2  Subject to an overall minimum of 40 available credits and an overall maximum of 40 available credits ]",,,21,T1,Compulsory,6,600087,600087,Languages and their Compilers,20,600087T11818,
UGCOMSXF,3,Taught,,,2024,N,US1CMP16,UGCSSE,BSc,Computer Science (Software Engineering),3,2023/24,ST1A,Enrolment Block,2024-UGCOMSXF-3-3-ST1A,,2023-UGCOMSXF-3-3-ST1A,"Year=0 - Selections: 600091 in T12, 600087 in T1, 600094 in T2 Student Module Electives  [, 600097 in T12, a maximum of 20.00 available credits from 600096 in T1, a maximum of 20.00 available credits from 600086, 600089, 600099 in T2  Subject to an overall minimum of 40 available credits and an overall maximum of 40 available credits ] [, 600096 in T1, 20.00 available credits from 600086, 600089, 600099 in T2  Subject to an overall minimum of 40 available credits and an overall maximum of 40 available credits ]",,,31,T1,Optional,6,UGCOMSXF3US1CMP16UGCSSE318S1O1,600096,Mobile Devices and Applications,20,600096T11919,
UGCOMSXF,3,Taught,,,2024,N,US1CMP16,UGCSSE,BSc,Computer Science (Software Engineering),3,2023/24,ST1A,Enrolment Block,2024-UGCOMSXF-3-3-ST1A,,2023-UGCOMSXF-3-3-ST1A,"Year=0 - Selections: 600091 in T12, 600087 in T1, 600094 in T2 Student Module Electives  [, 600097 in T12, a maximum of 20.00 available credits from 600096 in T1, a maximum of 20.00 available credits from 600086, 600089, 600099 in T2  Subject to an overall minimum of 40 available credits and an overall maximum of 40 available credits ] [, 600096 in T1, 20.00 available credits from 600086, 600089, 600099 in T2  Subject to an overall minimum of 40 available credits and an overall maximum of 40 available credits ]",,,41,T2,Compulsory,6,600094,600094,Advanced Software Engineering,20,600094T21818,
UGCOMSXF,3,Taught,,,2024,N,US1CMP16,UGCSSE,BSc,Computer Science (Software Engineering),3,2023/24,ST1A,Enrolment Block,2024-UGCOMSXF-3-3-ST1A,,2023-UGCOMSXF-3-3-ST1A,"Year=0 - Selections: 600091 in T12, 600087 in T1, 600094 in T2 Student Module Electives  [, 600097 in T12, a maximum of 20.00 available credits from 600096 in T1, a maximum of 20.00 available credits from 600086, 600089, 600099 in T2  Subject to an overall minimum of 40 available credits and an overall maximum of 40 available credits ] [, 600096 in T1, 20.00 available credits from 600086, 600089, 600099 in T2  Subject to an overall minimum of 40 available credits and an overall maximum of 40 available credits ]",,,51,,Optional,6,UGCOMSXF3US1CMP16UGCSSE318S2O1,600099,,20,No matching MAP,
UGCOMSXF,3,Taught,,,2024,N,US1CMP16,UGCSSE,BSc,Computer Science (Software Engineering),3,2023/24,ST1A,Enrolment Block,2024-UGCOMSXF-3-3-ST1A,,2023-UGCOMSXF-3-3-ST1A,"Year=0 - Selections: 600091 in T12, 600087 in T1, 600094 in T2 Student Module Electives  [, 600097 in T12, a maximum of 20.00 available credits from 600096 in T1, a maximum of 20.00 available credits from 600086, 600089, 600099 in T2  Subject to an overall minimum of 40 available credits and an overall maximum of 40 available credits ] [, 600096 in T1, 20.00 available credits from 600086, 600089, 600099 in T2  Subject to an overall minimum of 40 available credits and an overall maximum of 40 available credits ]",,,51,T2,Optional,6,UGCOMSXF3US1CMP16UGCSSE318S2O1,600086,Parallel and Concurrent Programming,20,600086T22222,
UGCOMSXF,3,Taught,,,2024,N,US1CMP16,UGCSSE,BSc,Computer Science (Software Engineering),3,2023/24,ST1A,Enrolment Block,2024-UGCOMSXF-3-3-ST1A,,2023-UGCOMSXF-3-3-ST1A,"Year=0 - Selections: 600091 in T12, 600087 in T1, 600094 in T2 Student Module Electives  [, 600097 in T12, a maximum of 20.00 available credits from 600096 in T1, a maximum of 20.00 available credits from 600086, 600089, 600099 in T2  Subject to an overall minimum of 40 available credits and an overall maximum of 40 available credits ] [, 600096 in T1, 20.00 available credits from 600086, 600089, 600099 in T2  Subject to an overall minimum of 40 available credits and an overall maximum of 40 available credits ]",,,51,T2,Optional,6,UGCOMSXF3US1CMP16UGCSSE318S2O1,600089,Distributed Systems Programming,20,600089T22323,
UGCOMSXF,3,Taught,,,2024,N,US1CMP16,UGCSSE,BSc,Computer Science (Software Engineering),3,2023/24,ST1A,Enrolment Block,2024-UGCOMSXF-3-3-ST1A,,2023-UGCOMSXF-3-3-ST1A,"Year=0 - Selections: 600091 in T12, 600087 in T1, 600094 in T2 Student Module Electives  [, 600097 in T12, a maximum of 20.00 available credits from 600096 in T1, a maximum of 20.00 available credits from 600086, 600089, 600099 in T2  Subject to an overall minimum of 40 available credits and an overall maximum of 40 available credits ] [, 600096 in T1, 20.00 available credits from 600086, 600089, 600099 in T2  Subject to an overall minimum of 40 available credits and an overall maximum of 40 available credits ]",,,60,T1,Optional,6,UGCOMSXF3US1CMP16UGCSSE318S1O1,600096,Mobile Devices and Applications,20,600096T11919,
UGCOMSXF,3,Taught,,,2024,N,US1CMP16,UGCSSE,BSc,Computer Science (Software Engineering),3,2023/24,ST1A,Enrolment Block,2024-UGCOMSXF-3-3-ST1A,,2023-UGCOMSXF-3-3-ST1A,"Year=0 - Selections: 600091 in T12, 600087 in T1, 600094 in T2 Student Module Electives  [, 600097 in T12, a maximum of 20.00 available credits from 600096 in T1, a maximum of 20.00 available credits from 600086, 600089, 600099 in T2  Subject to an overall minimum of 40 available credits and an overall maximum of 40 available credits ] [, 600096 in T1, 20.00 available credits from 600086, 600089, 600099 in T2  Subject to an overall minimum of 40 available credits and an overall maximum of 40 available credits ]",,,70,,Optional,6,UGCOMSXF3US1CMP16UGCSSE318S2O1,600099,,20,No matching MAP,
UGCOMSXF,3,Taught,,,2024,N,US1CMP16,UGCSSE,BSc,Computer Science (Software Engineering),3,2023/24,ST1A,Enrolment Block,2024-UGCOMSXF-3-3-ST1A,,2023-UGCOMSXF-3-3-ST1A,"Year=0 - Selections: 600091 in T12, 600087 in T1, 600094 in T2 Student Module Electives  [, 600097 in T12, a maximum of 20.00 available credits from 600096 in T1, a maximum of 20.00 available credits from 600086, 600089, 600099 in T2  Subject to an overall minimum of 40 available credits and an overall maximum of 40 available credits ] [, 600096 in T1, 20.00 available credits from 600086, 600089, 600099 in T2  Subject to an overall minimum of 40 available credits and an overall maximum of 40 available credits ]",,,70,T2,Optional,6,UGCOMSXF3US1CMP16UGCSSE318S2O1,600086,Parallel and Concurrent Programming,20,600086T22222,
UGCOMSXF,3,Taught,,,2024,N,US1CMP16,UGCSSE,BSc,Computer Science (Software Engineering),3,2023/24,ST1A,Enrolment Block,2024-UGCOMSXF-3-3-ST1A,,2023-UGCOMSXF-3-3-ST1A,"Year=0 - Selections: 600091 in T12, 600087 in T1, 600094 in T2 Student Module Electives  [, 600097 in T12, a maximum of 20.00 available credits from 600096 in T1, a maximum of 20.00 available credits from 600086, 600089, 600099 in T2  Subject to an overall minimum of 40 available credits and an overall maximum of 40 available credits ] [, 600096 in T1, 20.00 available credits from 600086, 600089, 600099 in T2  Subject to an overall minimum of 40 available credits and an overall maximum of 40 available credits ]",,,70,T2,Optional,6,UGCOMSXF3US1CMP16UGCSSE318S2O1,600089,Distributed Systems Programming,20,600089T22323,
UGCOMSXF,4,Taught,,2022,,Y,US1CMP19,UGCOMS,BSc,Computer Science,1,2023/24,ST1A,Enrolment Block,2024-UGCOMSXF-4-1-ST1A,,2023-UGCOMSXF-4-1-ST1A,"Year=0 - Selections: 441101 in T12, 441104 in T2, 441105 in T1, 441102 in T2, 441108 in T1, 441187 in T12, 441190 in T12",,,10,T12,Core,4,441101,441101,Programming Portfolio,40,441101T1&222,
UGCOMSXF,4,Taught,,2022,,Y,US1CMP19,UGCOMS,BSc,Computer Science,1,2023/24,ST1A,Enrolment Block,2024-UGCOMSXF-4-1-ST1A,,2023-UGCOMSXF-4-1-ST1A,"Year=0 - Selections: 441101 in T12, 441104 in T2, 441105 in T1, 441102 in T2, 441108 in T1, 441187 in T12, 441190 in T12",,,20,T2,Compulsory,4,441104,441104,Computational Thinking,20,441104T12222,
UGCOMSXF,4,Taught,,2022,,Y,US1CMP19,UGCOMS,BSc,Computer Science,1,2023/24,ST1A,Enrolment Block,2024-UGCOMSXF-4-1-ST1A,,2023-UGCOMSXF-4-1-ST1A,"Year=0 - Selections: 441101 in T12, 441104 in T2, 441105 in T1, 441102 in T2, 441108 in T1, 441187 in T12, 441190 in T12",,,30,T1,Compulsory,4,441105,441105,Algorithms and Data Structures,20,441105T12222,
UGCOMSXF,4,Taught,,2022,,Y,US1CMP19,UGCOMS,BSc,Computer Science,1,2023/24,ST1A,Enrolment Block,2024-UGCOMSXF-4-1-ST1A,,2023-UGCOMSXF-4-1-ST1A,"Year=0 - Selections: 441101 in T12, 441104 in T2, 441105 in T1, 441102 in T2, 441108 in T1, 441187 in T12, 441190 in T12",,,40,T2,Compulsory,4,441102,441102,"Architectures, Operating Systems and the Cloud",20,441102T22222,
UGCOMSXF,4,Taught,,2022,,Y,US1CMP19,UGCOMS,BSc,Computer Science,1,2023/24,ST1A,Enrolment Block,2024-UGCOMSXF-4-1-ST1A,,2023-UGCOMSXF-4-1-ST1A,"Year=0 - Selections: 441101 in T12, 441104 in T2, 441105 in T1, 441102 in T2, 441108 in T1, 441187 in T12, 441190 in T12",,,50,T1,Compulsory,4,441108,441108,Professional Development,20,441108T22222,
UGCOMSXF,4,Taught,,2022,,Y,US1CMP19,UGCOMS,BSc,Computer Science,1,2023/24,ST1A,Enrolment Block,2024-UGCOMSXF-4-1-ST1A,,2023-UGCOMSXF-4-1-ST1A,"Year=0 - Selections: 441101 in T12, 441104 in T2, 441105 in T1, 441102 in T2, 441108 in T1, 441187 in T12, 441190 in T12",,,60,T12,Compulsory,4,441187,441187,Computer Science PASS module,0,No matching MAP,
UGCOMSXF,4,Taught,,2022,,Y,US1CMP19,UGCOMS,BSc,Computer Science,1,2023/24,ST1A,Enrolment Block,2024-UGCOMSXF-4-1-ST1A,,2023-UGCOMSXF-4-1-ST1A,"Year=0 - Selections: 441101 in T12, 441104 in T2, 441105 in T1, 441102 in T2, 441108 in T1, 441187 in T12, 441190 in T12",,,70,,Compulsory,4,441190,441190,,0,No matching MAP,
UGCOMSXF,4,Taught,,2022,,Y,US1CMP19,UGCOMS,BSc,Computer Science,2,2023/24,ST1A,Enrolment Block,2024-UGCOMSXF-4-2-ST1A,,2023-UGCOMSXF-4-2-ST1A,"Year=0 - Selections: 551462 in T12, 551457 in T1, 551458 in T1, 551460 in T2, 441190 in T12 - Electives: 20.00 available credits from 500083, 551461, 551672 in T2",,,10,T12,Core,5,551462,551462,Design Develop Deploy,40,551462T1222,
UGCOMSXF,4,Taught,,2022,,Y,US1CMP19,UGCOMS,BSc,Computer Science,2,2023/24,ST1A,Enrolment Block,2024-UGCOMSXF-4-2-ST1A,,2023-UGCOMSXF-4-2-ST1A,"Year=0 - Selections: 551462 in T12, 551457 in T1, 551458 in T1, 551460 in T2, 441190 in T12 - Electives: 20.00 available credits from 500083, 551461, 551672 in T2",,,20,T1,Compulsory,5,551457,551457,Databases and Networks,20,551457T12222,
UGCOMSXF,4,Taught,,2022,,Y,US1CMP19,UGCOMS,BSc,Computer Science,2,2023/24,ST1A,Enrolment Block,2024-UGCOMSXF-4-2-ST1A,,2023-UGCOMSXF-4-2-ST1A,"Year=0 - Selections: 551462 in T12, 551457 in T1, 551458 in T1, 551460 in T2, 441190 in T12 - Electives: 20.00 available credits from 500083, 551461, 551672 in T2",,,30,T1,Compulsory,5,551458,551458,Artificial Intelligence,20,551458T12222,
UGCOMSXF,4,Taught,,2022,,Y,US1CMP19,UGCOMS,BSc,Computer Science,2,2023/24,ST1A,Enrolment Block,2024-UGCOMSXF-4-2-ST1A,,2023-UGCOMSXF-4-2-ST1A,"Year=0 - Selections: 551462 in T12, 551457 in T1, 551458 in T1, 551460 in T2, 441190 in T12 - Electives: 20.00 available credits from 500083, 551461, 551672 in T2",,,40,T2,Compulsory,5,551460,551460,User Interfaces and Experience,20,551460T22222,
UGCOMSXF,4,Taught,,2022,,Y,US1CMP19,UGCOMS,BSc,Computer Science,2,2023/24,ST1A,Enrolment Block,2024-UGCOMSXF-4-2-ST1A,,2023-UGCOMSXF-4-2-ST1A,"Year=0 - Selections: 551462 in T12, 551457 in T1, 551458 in T1, 551460 in T2, 441190 in T12 - Electives: 20.00 available credits from 500083, 551461, 551672 in T2",,,50,,Optional,5,BSC COMP SCI T2 L5 OPTS,551672,,20,No matching MAP,
UGCOMSXF,4,Taught,,2022,,Y,US1CMP19,UGCOMS,BSc,Computer Science,2,2023/24,ST1A,Enrolment Block,2024-UGCOMSXF-4-2-ST1A,,2023-UGCOMSXF-4-2-ST1A,"Year=0 - Selections: 551462 in T12, 551457 in T1, 551458 in T1, 551460 in T2, 441190 in T12 - Electives: 20.00 available credits from 500083, 551461, 551672 in T2",,,50,T2,Optional,5,BSC COMP SCI T2 L5 OPTS,500083,Advanced Programming,20,500083T22222,
UGCOMSXF,4,Taught,,2022,,Y,US1CMP19,UGCOMS,BSc,Computer Science,2,2023/24,ST1A,Enrolment Block,2024-UGCOMSXF-4-2-ST1A,,2023-UGCOMSXF-4-2-ST1A,"Year=0 - Selections: 551462 in T12, 551457 in T1, 551458 in T1, 551460 in T2, 441190 in T12 - Electives: 20.00 available credits from 500083, 551461, 551672 in T2",,,50,T2,Optional,5,BSC COMP SCI T2 L5 OPTS,551461,Mixed Reality Development,20,551461T22323,
UGCOMSXF,4,Taught,,2022,,Y,US1CMP19,UGCOMS,BSc,Computer Science,2,2023/24,ST1A,Enrolment Block,2024-UGCOMSXF-4-2-ST1A,,2023-UGCOMSXF-4-2-ST1A,"Year=0 - Selections: 551462 in T12, 551457 in T1, 551458 in T1, 551460 in T2, 441190 in T12 - Electives: 20.00 available credits from 500083, 551461, 551672 in T2",,,60,,Compulsory,4,441190,441190,,0,No matching MAP,
UGCOMSXF,4,Taught,,2022,,Y,US1CMP19,UGCOMS,BSc,Computer Science,3,2023/24,ST1A,Enrolment Block,2024-UGCOMSXF-4-3-ST1A,,2023-UGCOMSXF-4-3-ST1A,"Year=0 - Selections: 661987 in T1, 600093 in T2, 441190 in T12 - Electives: 40.00 available credits from 600091, 662004 in T12, 20.00 available credits from 661982, 661984, 662086 in T1, 20.00 available credits from 600100, 600089, 661985, 600086, 661987, 662253 in T2",,,10,T12,Elective - If chosen cannot condone or compenste,6,COMP SCI L6 T12 OPTS,600091,Honours Stage Project,40,60009112222,
UGCOMSXF,4,Taught,,2022,,Y,US1CMP19,UGCOMS,BSc,Computer Science,3,2023/24,ST1A,Enrolment Block,2024-UGCOMSXF-4-3-ST1A,,2023-UGCOMSXF-4-3-ST1A,"Year=0 - Selections: 661987 in T1, 600093 in T2, 441190 in T12 - Electives: 40.00 available credits from 600091, 662004 in T12, 20.00 available credits from 661982, 661984, 662086 in T1, 20.00 available credits from 600100, 600089, 661985, 600086, 661987, 662253 in T2",,,10,T12,Elective - If chosen cannot condone or compenste,6,COMP SCI L6 T12 OPTS,662004,Communicating and Teaching Computing,40,6.62E+11,
UGCOMSXF,4,Taught,,2022,,Y,US1CMP19,UGCOMS,BSc,Computer Science,3,2023/24,ST1A,Enrolment Block,2024-UGCOMSXF-4-3-ST1A,,2023-UGCOMSXF-4-3-ST1A,"Year=0 - Selections: 661987 in T1, 600093 in T2, 441190 in T12 - Electives: 40.00 available credits from 600091, 662004 in T12, 20.00 available credits from 661982, 661984, 662086 in T1, 20.00 available credits from 600100, 600089, 661985, 600086, 661987, 662253 in T2",,,20,T1,Compulsory,6,661987,661987,Data Analysis and Visualisation,20,661987T12222,
UGCOMSXF,4,Taught,,2022,,Y,US1CMP19,UGCOMS,BSc,Computer Science,3,2023/24,ST1A,Enrolment Block,2024-UGCOMSXF-4-3-ST1A,,2023-UGCOMSXF-4-3-ST1A,"Year=0 - Selections: 661987 in T1, 600093 in T2, 441190 in T12 - Electives: 40.00 available credits from 600091, 662004 in T12, 20.00 available credits from 661982, 661984, 662086 in T1, 20.00 available credits from 600100, 600089, 661985, 600086, 661987, 662253 in T2",,,30,T1,Optional,6,COMP SCI L6 T1 OPTS,661982,Secure Digital Infrastructure,20,661982T12222,
UGCOMSXF,4,Taught,,2022,,Y,US1CMP19,UGCOMS,BSc,Computer Science,3,2023/24,ST1A,Enrolment Block,2024-UGCOMSXF-4-3-ST1A,,2023-UGCOMSXF-4-3-ST1A,"Year=0 - Selections: 661987 in T1, 600093 in T2, 441190 in T12 - Electives: 40.00 available credits from 600091, 662004 in T12, 20.00 available credits from 661982, 661984, 662086 in T1, 20.00 available credits from 600100, 600089, 661985, 600086, 661987, 662253 in T2",,,30,T1,Optional,6,COMP SCI L6 T1 OPTS,661984,Digital Disruption and Innovation,20,661984T12222,
UGCOMSXF,4,Taught,,2022,,Y,US1CMP19,UGCOMS,BSc,Computer Science,3,2023/24,ST1A,Enrolment Block,2024-UGCOMSXF-4-3-ST1A,,2023-UGCOMSXF-4-3-ST1A,"Year=0 - Selections: 661987 in T1, 600093 in T2, 441190 in T12 - Electives: 40.00 available credits from 600091, 662004 in T12, 20.00 available credits from 661982, 661984, 662086 in T1, 20.00 available credits from 600100, 600089, 661985, 600086, 661987, 662253 in T2",,,30,T1,Optional,6,COMP SCI L6 T1 OPTS,662086,Machine Learning,20,662086T12222,
UGCOMSXF,4,Taught,,2022,,Y,US1CMP19,UGCOMS,BSc,Computer Science,3,2023/24,ST1A,Enrolment Block,2024-UGCOMSXF-4-3-ST1A,,2023-UGCOMSXF-4-3-ST1A,"Year=0 - Selections: 661987 in T1, 600093 in T2, 441190 in T12 - Electives: 40.00 available credits from 600091, 662004 in T12, 20.00 available credits from 661982, 661984, 662086 in T1, 20.00 available credits from 600100, 600089, 661985, 600086, 661987, 662253 in T2",,,40,,Optional,6,COMP SCI L6 T2 OPTS,661987,,20,No matching MAP,
UGCOMSXF,4,Taught,,2022,,Y,US1CMP19,UGCOMS,BSc,Computer Science,3,2023/24,ST1A,Enrolment Block,2024-UGCOMSXF-4-3-ST1A,,2023-UGCOMSXF-4-3-ST1A,"Year=0 - Selections: 661987 in T1, 600093 in T2, 441190 in T12 - Electives: 40.00 available credits from 600091, 662004 in T12, 20.00 available credits from 661982, 661984, 662086 in T1, 20.00 available credits from 600100, 600089, 661985, 600086, 661987, 662253 in T2",,,40,,Optional,6,COMP SCI L6 T2 OPTS,662253,,20,No matching MAP,
UGCOMSXF,4,Taught,,2022,,Y,US1CMP19,UGCOMS,BSc,Computer Science,3,2023/24,ST1A,Enrolment Block,2024-UGCOMSXF-4-3-ST1A,,2023-UGCOMSXF-4-3-ST1A,"Year=0 - Selections: 661987 in T1, 600093 in T2, 441190 in T12 - Electives: 40.00 available credits from 600091, 662004 in T12, 20.00 available credits from 661982, 661984, 662086 in T1, 20.00 available credits from 600100, 600089, 661985, 600086, 661987, 662253 in T2",,,40,T2,Optional,6,COMP SCI L6 T2 OPTS,600086,Parallel and Concurrent Programming,20,600086T22222,
UGCOMSXF,4,Taught,,2022,,Y,US1CMP19,UGCOMS,BSc,Computer Science,3,2023/24,ST1A,Enrolment Block,2024-UGCOMSXF-4-3-ST1A,,2023-UGCOMSXF-4-3-ST1A,"Year=0 - Selections: 661987 in T1, 600093 in T2, 441190 in T12 - Electives: 40.00 available credits from 600091, 662004 in T12, 20.00 available credits from 661982, 661984, 662086 in T1, 20.00 available credits from 600100, 600089, 661985, 600086, 661987, 662253 in T2",,,40,T2,Optional,6,COMP SCI L6 T2 OPTS,600089,Distributed Systems Programming,20,600089T22323,
UGCOMSXF,4,Taught,,2022,,Y,US1CMP19,UGCOMS,BSc,Computer Science,3,2023/24,ST1A,Enrolment Block,2024-UGCOMSXF-4-3-ST1A,,2023-UGCOMSXF-4-3-ST1A,"Year=0 - Selections: 661987 in T1, 600093 in T2, 441190 in T12 - Electives: 40.00 available credits from 600091, 662004 in T12, 20.00 available credits from 661982, 661984, 662086 in T1, 20.00 available credits from 600100, 600089, 661985, 600086, 661987, 662253 in T2",,,40,T2,Optional,6,COMP SCI L6 T2 OPTS,600100,Computer Vision,20,600100T2323,
UGCOMSXF,4,Taught,,2022,,Y,US1CMP19,UGCOMS,BSc,Computer Science,3,2023/24,ST1A,Enrolment Block,2024-UGCOMSXF-4-3-ST1A,,2023-UGCOMSXF-4-3-ST1A,"Year=0 - Selections: 661987 in T1, 600093 in T2, 441190 in T12 - Electives: 40.00 available credits from 600091, 662004 in T12, 20.00 available credits from 661982, 661984, 662086 in T1, 20.00 available credits from 600100, 600089, 661985, 600086, 661987, 662253 in T2",,,40,T2,Optional,6,COMP SCI L6 T2 OPTS,661985,Safety Critical Systems,20,661985T22222,
UGCOMSXF,4,Taught,,2022,,Y,US1CMP19,UGCOMS,BSc,Computer Science,3,2023/24,ST1A,Enrolment Block,2024-UGCOMSXF-4-3-ST1A,,2023-UGCOMSXF-4-3-ST1A,"Year=0 - Selections: 661987 in T1, 600093 in T2, 441190 in T12 - Electives: 40.00 available credits from 600091, 662004 in T12, 20.00 available credits from 661982, 661984, 662086 in T1, 20.00 available credits from 600100, 600089, 661985, 600086, 661987, 662253 in T2",,,50,T2,Compulsory,6,600093,600093,Computational Science,20,600093T22222,
UGCOMSXF,4,Taught,,2022,,Y,US1CMP19,UGCOMS,BSc,Computer Science,3,2023/24,ST1A,Enrolment Block,2024-UGCOMSXF-4-3-ST1A,,2023-UGCOMSXF-4-3-ST1A,"Year=0 - Selections: 661987 in T1, 600093 in T2, 441190 in T12 - Electives: 40.00 available credits from 600091, 662004 in T12, 20.00 available credits from 661982, 661984, 662086 in T1, 20.00 available credits from 600100, 600089, 661985, 600086, 661987, 662253 in T2",,,60,,Compulsory,4,441190,441190,,0,No matching MAP,
UGCOMSXF,5,Taught,,2022,,Y,US1CMP19,UGCSSE,BSc,Computer Science (Software Engineering),1,2023/24,ST1A,Enrolment Block,2024-UGCOMSXF-5-1-ST1A,,2023-UGCOMSXF-5-1-ST1A,"Year=0 - Selections: 441101 in T12, 441104 in T2, 441105 in T1, 441102 in T2, 441108 in T1, 441187 in T12, 441190 in T12",,,10,T12,Core,4,441101,441101,Programming Portfolio,40,441101T1&222,
UGCOMSXF,5,Taught,,2022,,Y,US1CMP19,UGCSSE,BSc,Computer Science (Software Engineering),1,2023/24,ST1A,Enrolment Block,2024-UGCOMSXF-5-1-ST1A,,2023-UGCOMSXF-5-1-ST1A,"Year=0 - Selections: 441101 in T12, 441104 in T2, 441105 in T1, 441102 in T2, 441108 in T1, 441187 in T12, 441190 in T12",,,20,T2,Compulsory,4,441104,441104,Computational Thinking,20,441104T12222,
UGCOMSXF,5,Taught,,2022,,Y,US1CMP19,UGCSSE,BSc,Computer Science (Software Engineering),1,2023/24,ST1A,Enrolment Block,2024-UGCOMSXF-5-1-ST1A,,2023-UGCOMSXF-5-1-ST1A,"Year=0 - Selections: 441101 in T12, 441104 in T2, 441105 in T1, 441102 in T2, 441108 in T1, 441187 in T12, 441190 in T12",,,30,T1,Compulsory,4,441105,441105,Algorithms and Data Structures,20,441105T12222,
UGCOMSXF,5,Taught,,2022,,Y,US1CMP19,UGCSSE,BSc,Computer Science (Software Engineering),1,2023/24,ST1A,Enrolment Block,2024-UGCOMSXF-5-1-ST1A,,2023-UGCOMSXF-5-1-ST1A,"Year=0 - Selections: 441101 in T12, 441104 in T2, 441105 in T1, 441102 in T2, 441108 in T1, 441187 in T12, 441190 in T12",,,40,T2,Compulsory,4,441102,441102,"Architectures, Operating Systems and the Cloud",20,441102T22222,
UGCOMSXF,5,Taught,,2022,,Y,US1CMP19,UGCSSE,BSc,Computer Science (Software Engineering),1,2023/24,ST1A,Enrolment Block,2024-UGCOMSXF-5-1-ST1A,,2023-UGCOMSXF-5-1-ST1A,"Year=0 - Selections: 441101 in T12, 441104 in T2, 441105 in T1, 441102 in T2, 441108 in T1, 441187 in T12, 441190 in T12",,,50,T1,Compulsory,4,441108,441108,Professional Development,20,441108T22222,
UGCOMSXF,5,Taught,,2022,,Y,US1CMP19,UGCSSE,BSc,Computer Science (Software Engineering),1,2023/24,ST1A,Enrolment Block,2024-UGCOMSXF-5-1-ST1A,,2023-UGCOMSXF-5-1-ST1A,"Year=0 - Selections: 441101 in T12, 441104 in T2, 441105 in T1, 441102 in T2, 441108 in T1, 441187 in T12, 441190 in T12",,,60,T12,Compulsory,4,441187,441187,Computer Science PASS module,0,No matching MAP,
UGCOMSXF,5,Taught,,2022,,Y,US1CMP19,UGCSSE,BSc,Computer Science (Software Engineering),1,2023/24,ST1A,Enrolment Block,2024-UGCOMSXF-5-1-ST1A,,2023-UGCOMSXF-5-1-ST1A,"Year=0 - Selections: 441101 in T12, 441104 in T2, 441105 in T1, 441102 in T2, 441108 in T1, 441187 in T12, 441190 in T12",,,70,,Compulsory,4,441190,441190,,0,No matching MAP,
UGCOMSXF,5,Taught,,2022,,Y,US1CMP19,UGCSSE,BSc,Computer Science (Software Engineering),2,2023/24,ST1A,Enrolment Block,2024-UGCOMSXF-5-2-ST1A,,2023-UGCOMSXF-5-2-ST1A,"Year=0 - Selections: 551462 in T12, 551457 in T1, 551456 in T1, 551460 in T2, 441190 in T12 - Electives: 20.00 available credits from 500083, 551461 in T2",,,10,T12,Core,5,551462,551462,Design Develop Deploy,40,551462T1222,
UGCOMSXF,5,Taught,,2022,,Y,US1CMP19,UGCSSE,BSc,Computer Science (Software Engineering),2,2023/24,ST1A,Enrolment Block,2024-UGCOMSXF-5-2-ST1A,,2023-UGCOMSXF-5-2-ST1A,"Year=0 - Selections: 551462 in T12, 551457 in T1, 551456 in T1, 551460 in T2, 441190 in T12 - Electives: 20.00 available credits from 500083, 551461 in T2",,,20,T1,Compulsory,5,551457,551457,Databases and Networks,20,551457T12222,
UGCOMSXF,5,Taught,,2022,,Y,US1CMP19,UGCSSE,BSc,Computer Science (Software Engineering),2,2023/24,ST1A,Enrolment Block,2024-UGCOMSXF-5-2-ST1A,,2023-UGCOMSXF-5-2-ST1A,"Year=0 - Selections: 551462 in T12, 551457 in T1, 551456 in T1, 551460 in T2, 441190 in T12 - Electives: 20.00 available credits from 500083, 551461 in T2",,,30,T1,Compulsory,5,551456,551456,Software Engineering Design Patterns,20,551456T12323,
UGCOMSXF,5,Taught,,2022,,Y,US1CMP19,UGCSSE,BSc,Computer Science (Software Engineering),2,2023/24,ST1A,Enrolment Block,2024-UGCOMSXF-5-2-ST1A,,2023-UGCOMSXF-5-2-ST1A,"Year=0 - Selections: 551462 in T12, 551457 in T1, 551456 in T1, 551460 in T2, 441190 in T12 - Electives: 20.00 available credits from 500083, 551461 in T2",,,40,T2,Compulsory,5,551460,551460,User Interfaces and Experience,20,551460T22222,
UGCOMSXF,5,Taught,,2022,,Y,US1CMP19,UGCSSE,BSc,Computer Science (Software Engineering),2,2023/24,ST1A,Enrolment Block,2024-UGCOMSXF-5-2-ST1A,,2023-UGCOMSXF-5-2-ST1A,"Year=0 - Selections: 551462 in T12, 551457 in T1, 551456 in T1, 551460 in T2, 441190 in T12 - Electives: 20.00 available credits from 500083, 551461 in T2",,,50,T2,Optional,5,SOFTENG T2 L5 OPS,500083,Advanced Programming,20,500083T22222,
UGCOMSXF,5,Taught,,2022,,Y,US1CMP19,UGCSSE,BSc,Computer Science (Software Engineering),2,2023/24,ST1A,Enrolment Block,2024-UGCOMSXF-5-2-ST1A,,2023-UGCOMSXF-5-2-ST1A,"Year=0 - Selections: 551462 in T12, 551457 in T1, 551456 in T1, 551460 in T2, 441190 in T12 - Electives: 20.00 available credits from 500083, 551461 in T2",,,50,T2,Optional,5,SOFTENG T2 L5 OPS,551461,Mixed Reality Development,20,551461T22323,
UGCOMSXF,5,Taught,,2022,,Y,US1CMP19,UGCSSE,BSc,Computer Science (Software Engineering),2,2023/24,ST1A,Enrolment Block,2024-UGCOMSXF-5-2-ST1A,,2023-UGCOMSXF-5-2-ST1A,"Year=0 - Selections: 551462 in T12, 551457 in T1, 551456 in T1, 551460 in T2, 441190 in T12 - Electives: 20.00 available credits from 500083, 551461 in T2",,,60,,Compulsory,4,441190,441190,,0,No matching MAP,
UGCOMSXF,5,Taught,,2022,,Y,US1CMP19,UGCSSE,BSc,Computer Science (Software Engineering),3,2023/24,ST1A,Enrolment Block,2024-UGCOMSXF-5-3-ST1A,,2023-UGCOMSXF-5-3-ST1A,"Year=0 - Selections: 661982 in T1, 661984 in T1, 600089 in T2, 661985 in T2, 441190 in T12 - Electives: 40.00 available credits from 600091, 662004 in T12",,,10,T12,Elective - If chosen cannot condone or compenste,6,SOFTENG T12 L6 OPS,600091,Honours Stage Project,40,60009112222,
UGCOMSXF,5,Taught,,2022,,Y,US1CMP19,UGCSSE,BSc,Computer Science (Software Engineering),3,2023/24,ST1A,Enrolment Block,2024-UGCOMSXF-5-3-ST1A,,2023-UGCOMSXF-5-3-ST1A,"Year=0 - Selections: 661982 in T1, 661984 in T1, 600089 in T2, 661985 in T2, 441190 in T12 - Electives: 40.00 available credits from 600091, 662004 in T12",,,10,T12,Elective - If chosen cannot condone or compenste,6,SOFTENG T12 L6 OPS,662004,Communicating and Teaching Computing,40,6.62E+11,
UGCOMSXF,5,Taught,,2022,,Y,US1CMP19,UGCSSE,BSc,Computer Science (Software Engineering),3,2023/24,ST1A,Enrolment Block,2024-UGCOMSXF-5-3-ST1A,,2023-UGCOMSXF-5-3-ST1A,"Year=0 - Selections: 661982 in T1, 661984 in T1, 600089 in T2, 661985 in T2, 441190 in T12 - Electives: 40.00 available credits from 600091, 662004 in T12",,,20,T1,Compulsory,6,661982,661982,Secure Digital Infrastructure,20,661982T12222,
UGCOMSXF,5,Taught,,2022,,Y,US1CMP19,UGCSSE,BSc,Computer Science (Software Engineering),3,2023/24,ST1A,Enrolment Block,2024-UGCOMSXF-5-3-ST1A,,2023-UGCOMSXF-5-3-ST1A,"Year=0 - Selections: 661982 in T1, 661984 in T1, 600089 in T2, 661985 in T2, 441190 in T12 - Electives: 40.00 available credits from 600091, 662004 in T12",,,30,T1,Compulsory,6,661984,661984,Digital Disruption and Innovation,20,661984T12222,
UGCOMSXF,5,Taught,,2022,,Y,US1CMP19,UGCSSE,BSc,Computer Science (Software Engineering),3,2023/24,ST1A,Enrolment Block,2024-UGCOMSXF-5-3-ST1A,,2023-UGCOMSXF-5-3-ST1A,"Year=0 - Selections: 661982 in T1, 661984 in T1, 600089 in T2, 661985 in T2, 441190 in T12 - Electives: 40.00 available credits from 600091, 662004 in T12",,,40,T2,Compulsory,6,600089,600089,Distributed Systems Programming,20,600089T22323,
UGCOMSXF,5,Taught,,2022,,Y,US1CMP19,UGCSSE,BSc,Computer Science (Software Engineering),3,2023/24,ST1A,Enrolment Block,2024-UGCOMSXF-5-3-ST1A,,2023-UGCOMSXF-5-3-ST1A,"Year=0 - Selections: 661982 in T1, 661984 in T1, 600089 in T2, 661985 in T2, 441190 in T12 - Electives: 40.00 available credits from 600091, 662004 in T12",,,50,T2,Compulsory,6,661985,661985,Safety Critical Systems,20,661985T22222,
UGCOMSXF,5,Taught,,2022,,Y,US1CMP19,UGCSSE,BSc,Computer Science (Software Engineering),3,2023/24,ST1A,Enrolment Block,2024-UGCOMSXF-5-3-ST1A,,2023-UGCOMSXF-5-3-ST1A,"Year=0 - Selections: 661982 in T1, 661984 in T1, 600089 in T2, 661985 in T2, 441190 in T12 - Electives: 40.00 available credits from 600091, 662004 in T12",,,60,,Compulsory,4,441190,441190,,0,No matching MAP,
UGCOMSXF,6,Taught,,,2020,,US1CMO00,UGCOMS,BSc (Ordinary),Computer Science,1,2023/24,ST1A,Enrolment Block,,No Online diet for this VCO/CBO,,,No 2023* diet for this VCO/CBO,,,,,,,,,,No matching MAP,
UGCOMSXF,6,Taught,,,2020,,US1CMO00,UGCOMS,BSc (Ordinary),Computer Science,2,2023/24,ST1A,Enrolment Block,,No Online diet for this VCO/CBO,,,No 2023* diet for this VCO/CBO,,,,,,,,,,No matching MAP,
UGCOMSXF,6,Taught,,,2020,,US1CMO00,UGCOMS,BSc (Ordinary),Computer Science,3,2023/24,ST1A,Enrolment Block,,No Online diet for this VCO/CBO,,,No 2023* diet for this VCO/CBO,,,,,,,,,,No matching MAP,
UGCOMSXF,7,Taught,,,2020,,US1CMP00,UGCOMS,BSc,Computer Science,1,2023/24,ST1A,Enrolment Block,,No Online diet for this VCO/CBO,,,No 2023* diet for this VCO/CBO,,,,,,,,,,No matching MAP,
UGCOMSXF,7,Taught,,,2020,,US1CMP00,UGCOMS,BSc,Computer Science,2,2023/24,ST1A,Enrolment Block,,No Online diet for this VCO/CBO,,,No 2023* diet for this VCO/CBO,,,,,,,,,,No matching MAP,
UGCOMSXF,7,Taught,,,2020,,US1CMP00,UGCOMS,BSc,Computer Science,3,2023/24,ST1A,Enrolment Block,,No Online diet for this VCO/CBO,,,No 2023* diet for this VCO/CBO,,,,,,,,,,No matching MAP,
UGCOMSXF,8,Taught,,,2020,,US1CMP00,UGCSWG,BSc,Computer Science with Games Development,1,2023/24,ST1A,Enrolment Block,,No Online diet for this VCO/CBO,,,No 2023* diet for this VCO/CBO,,,,,,,,,,No matching MAP,
UGCOMSXF,8,Taught,,,2020,,US1CMP00,UGCSWG,BSc,Computer Science with Games Development,2,2023/24,ST1A,Enrolment Block,,No Online diet for this VCO/CBO,,,No 2023* diet for this VCO/CBO,,,,,,,,,,No matching MAP,
UGCOMSXF,8,Taught,,,2020,,US1CMP00,UGCSWG,BSc,Computer Science with Games Development,3,2023/24,ST1A,Enrolment Block,,No Online diet for this VCO/CBO,,,No 2023* diet for this VCO/CBO,,,,,,,,,,No matching MAP,
UGCOMSXF,9,Taught,,,2021,,US1CMO16,UGCSWG,BSc (Ordinary),Computer Science with Games Development,1,2023/24,ST1A,Enrolment Block,,No Online diet for this VCO/CBO,,,No 2023* diet for this VCO/CBO,,,,,,,,,,No matching MAP,
UGCOMSXF,9,Taught,,,2021,,US1CMO16,UGCSWG,BSc (Ordinary),Computer Science with Games Development,2,2023/24,ST1A,Enrolment Block,,No Online diet for this VCO/CBO,,,No 2023* diet for this VCO/CBO,,,,,,,,,,No matching MAP,
UGCOMSXF,9,Taught,,,2021,,US1CMO16,UGCSWG,BSc (Ordinary),Computer Science with Games Development,3,2023/24,ST1A,Enrolment Block,,No Online diet for this VCO/CBO,,,No 2023* diet for this VCO/CBO,,,,,,,,,,No matching MAP,
UGCOSWXF,1,Taught,Validated Course,2020,,N,US1CMP18,UGCOMS,BSc,Computer Science (Wakefield College),1,2023/24,ST1A,Enrolment Block,,No Online diet for this VCO/CBO,,,No 2023* diet for this VCO/CBO,,,,,,,,,,No matching MAP,
UGCOSWXF,1,Taught,Validated Course,2020,,N,US1CMP18,UGCOMS,BSc,Computer Science (Wakefield College),2,2023/24,ST1A,Enrolment Block,,No Online diet for this VCO/CBO,,,No 2023* diet for this VCO/CBO,,,,,,,,,,No matching MAP,
UGCOSWXF,1,Taught,Validated Course,2020,,N,US1CMP18,UGCOMS,BSc,Computer Science (Wakefield College),3,2023/24,ST1A,Enrolment Block,,No Online diet for this VCO/CBO,,,No 2023* diet for this VCO/CBO,,,,,,,,,,No matching MAP,
UGCOSWXP,1,Taught,Validated Course,2020,,N,US1CMP18,UGCOMS,BSc,Computer Science (Wakefield College),1,2023/24,ST1A,Enrolment Block,,No Online diet for this VCO/CBO,,,No 2023* diet for this VCO/CBO,,,,,,,,,,No matching MAP,
UGCOSWXP,1,Taught,Validated Course,2020,,N,US1CMP18,UGCOMS,BSc,Computer Science (Wakefield College),2,2023/24,ST1A,Enrolment Block,,No Online diet for this VCO/CBO,,,No 2023* diet for this VCO/CBO,,,,,,,,,,No matching MAP,
UGCOSWXP,1,Taught,Validated Course,2020,,N,US1CMP18,UGCOMS,BSc,Computer Science (Wakefield College),3,2023/24,ST1A,Enrolment Block,,No Online diet for this VCO/CBO,,,No 2023* diet for this VCO/CBO,,,,,,,,,,No matching MAP,
UGCOSWXP,1,Taught,Validated Course,2020,,N,US1CMP18,UGCOMS,BSc,Computer Science (Wakefield College),4,2023/24,ST1A,Enrolment Block,,No Online diet for this VCO/CBO,,,No 2023* diet for this VCO/CBO,,,,,,,,,,No matching MAP,
UGCOSWXP,1,Taught,Validated Course,2020,,N,US1CMP18,UGCOMS,BSc,Computer Science (Wakefield College),5,2023/24,ST1A,Enrolment Block,,No Online diet for this VCO/CBO,,,No 2023* diet for this VCO/CBO,,,,,,,,,,No matching MAP,
UGCSGDAF,1,Taught,,,2021,N,US1CMP16,UGCSGD,BSc,Computer Science for Games Development with Study Abroad,1,2023/24,ST1A,Enrolment Block,2024-UGCSGDAF--1-ST1A,,2023-UGCSGDAF--1-ST1A,"Year=0 - Selections: 441104 in T1, 441105 in T1, 441101 in T12, 441102 in T2, 441108 in T2",,,1,T12,Core,4,441101,441101,Programming Portfolio,40,441101T1&222,
UGCSGDAF,1,Taught,,,2021,N,US1CMP16,UGCSGD,BSc,Computer Science for Games Development with Study Abroad,1,2023/24,ST1A,Enrolment Block,2024-UGCSGDAF--1-ST1A,,2023-UGCSGDAF--1-ST1A,"Year=0 - Selections: 441104 in T1, 441105 in T1, 441101 in T12, 441102 in T2, 441108 in T2",,,11,,Compulsory,4,441104,441104,,20,No matching MAP,
UGCSGDAF,1,Taught,,,2021,N,US1CMP16,UGCSGD,BSc,Computer Science for Games Development with Study Abroad,1,2023/24,ST1A,Enrolment Block,2024-UGCSGDAF--1-ST1A,,2023-UGCSGDAF--1-ST1A,"Year=0 - Selections: 441104 in T1, 441105 in T1, 441101 in T12, 441102 in T2, 441108 in T2",,,31,T1,Compulsory,4,441105,441105,Algorithms and Data Structures,20,441105T12222,
UGCSGDAF,1,Taught,,,2021,N,US1CMP16,UGCSGD,BSc,Computer Science for Games Development with Study Abroad,1,2023/24,ST1A,Enrolment Block,2024-UGCSGDAF--1-ST1A,,2023-UGCSGDAF--1-ST1A,"Year=0 - Selections: 441104 in T1, 441105 in T1, 441101 in T12, 441102 in T2, 441108 in T2",,,41,T2,Compulsory,4,441102,441102,"Architectures, Operating Systems and the Cloud",20,441102T22222,
UGCSGDAF,1,Taught,,,2021,N,US1CMP16,UGCSGD,BSc,Computer Science for Games Development with Study Abroad,1,2023/24,ST1A,Enrolment Block,2024-UGCSGDAF--1-ST1A,,2023-UGCSGDAF--1-ST1A,"Year=0 - Selections: 441104 in T1, 441105 in T1, 441101 in T12, 441102 in T2, 441108 in T2",,,61,,Compulsory,4,441108,441108,,20,No matching MAP,
UGCSGDAF,1,Taught,,,2021,N,US1CMP16,UGCSGD,BSc,Computer Science for Games Development with Study Abroad,2,2023/24,ST1A,Enrolment Block,2024-UGCSGDAF--2-ST1A,,2023-UGCSGDAF--2-ST1A,"Year=0 - Selections: 500084 in T1, 500085 in T1, 500086 in T1, 500079 in T2, 500081 in T2, 500083 in T2",,,1,,Compulsory,5,500084,500084,,20,No matching MAP,
UGCSGDAF,1,Taught,,,2021,N,US1CMP16,UGCSGD,BSc,Computer Science for Games Development with Study Abroad,2,2023/24,ST1A,Enrolment Block,2024-UGCSGDAF--2-ST1A,,2023-UGCSGDAF--2-ST1A,"Year=0 - Selections: 500084 in T1, 500085 in T1, 500086 in T1, 500079 in T2, 500081 in T2, 500083 in T2",,,11,,Compulsory,5,500085,500085,,20,No matching MAP,
UGCSGDAF,1,Taught,,,2021,N,US1CMP16,UGCSGD,BSc,Computer Science for Games Development with Study Abroad,2,2023/24,ST1A,Enrolment Block,2024-UGCSGDAF--2-ST1A,,2023-UGCSGDAF--2-ST1A,"Year=0 - Selections: 500084 in T1, 500085 in T1, 500086 in T1, 500079 in T2, 500081 in T2, 500083 in T2",,,21,,Compulsory,5,500086,500086,,20,No matching MAP,
UGCSGDAF,1,Taught,,,2021,N,US1CMP16,UGCSGD,BSc,Computer Science for Games Development with Study Abroad,2,2023/24,ST1A,Enrolment Block,2024-UGCSGDAF--2-ST1A,,2023-UGCSGDAF--2-ST1A,"Year=0 - Selections: 500084 in T1, 500085 in T1, 500086 in T1, 500079 in T2, 500081 in T2, 500083 in T2",,,31,,Compulsory,5,500079,500079,,20,No matching MAP,
UGCSGDAF,1,Taught,,,2021,N,US1CMP16,UGCSGD,BSc,Computer Science for Games Development with Study Abroad,2,2023/24,ST1A,Enrolment Block,2024-UGCSGDAF--2-ST1A,,2023-UGCSGDAF--2-ST1A,"Year=0 - Selections: 500084 in T1, 500085 in T1, 500086 in T1, 500079 in T2, 500081 in T2, 500083 in T2",,,41,,Compulsory,5,500081,500081,,20,No matching MAP,
UGCSGDAF,1,Taught,,,2021,N,US1CMP16,UGCSGD,BSc,Computer Science for Games Development with Study Abroad,2,2023/24,ST1A,Enrolment Block,2024-UGCSGDAF--2-ST1A,,2023-UGCSGDAF--2-ST1A,"Year=0 - Selections: 500084 in T1, 500085 in T1, 500086 in T1, 500079 in T2, 500081 in T2, 500083 in T2",,,51,T2,Compulsory,5,500083,500083,Advanced Programming,20,500083T22222,
UGCSGDAF,1,Taught,,,2021,N,US1CMP16,UGCSGD,BSc,Computer Science for Games Development with Study Abroad,3,2023/24,ST1A,Enrolment Block,2024-UGCSGDAF--3-ST1A,,2023-UGCSGDAF--3-ST1A,"Year=0 - Selections: 441190 in T12, 600091 in T12, 600098 in T1, 600090 in T2 Student Module Electives  ([, 600097 in T12 AND (Take a maximum of 20.00 available credits from 600088, 600096 in T1 OR, a maximum of 20.00 available credits from 600086, 600089, 600100 in T2  Subject to an overall minimum of 40 available credits and an overall maximum of 40 available credits ])) OR ([, 20.00 available credits from 600088, 600096 in T1 AND, 20.00 available credits from 600086, 600089, 600100 in T2  Subject to an overall minimum of 40 available credits and an overall maximum of 40 available credits ])",,,1,T12,Core,6,600091,600091,Honours Stage Project,40,60009112222,
UGCSGDAF,1,Taught,,,2021,N,US1CMP16,UGCSGD,BSc,Computer Science for Games Development with Study Abroad,3,2023/24,ST1A,Enrolment Block,2024-UGCSGDAF--3-ST1A,,2023-UGCSGDAF--3-ST1A,"Year=0 - Selections: 441190 in T12, 600091 in T12, 600098 in T1, 600090 in T2 Student Module Electives  ([, 600097 in T12 AND (Take a maximum of 20.00 available credits from 600088, 600096 in T1 OR, a maximum of 20.00 available credits from 600086, 600089, 600100 in T2  Subject to an overall minimum of 40 available credits and an overall maximum of 40 available credits ])) OR ([, 20.00 available credits from 600088, 600096 in T1 AND, 20.00 available credits from 600086, 600089, 600100 in T2  Subject to an overall minimum of 40 available credits and an overall maximum of 40 available credits ])",,,11,,Optional,6,UGCSGDXF1US1CMP16UGCSGD31819O1,600097,,20,No matching MAP,This module is limited to 15 students. Students will be required to attend an interview and complete a DBS if taking this module.
UGCSGDAF,1,Taught,,,2021,N,US1CMP16,UGCSGD,BSc,Computer Science for Games Development with Study Abroad,3,2023/24,ST1A,Enrolment Block,2024-UGCSGDAF--3-ST1A,,2023-UGCSGDAF--3-ST1A,"Year=0 - Selections: 441190 in T12, 600091 in T12, 600098 in T1, 600090 in T2 Student Module Electives  ([, 600097 in T12 AND (Take a maximum of 20.00 available credits from 600088, 600096 in T1 OR, a maximum of 20.00 available credits from 600086, 600089, 600100 in T2  Subject to an overall minimum of 40 available credits and an overall maximum of 40 available credits ])) OR ([, 20.00 available credits from 600088, 600096 in T1 AND, 20.00 available credits from 600086, 600089, 600100 in T2  Subject to an overall minimum of 40 available credits and an overall maximum of 40 available credits ])",,,21,T1,Compulsory,6,600098,600098,Games Architecture,20,600098T12222,
UGCSGDAF,1,Taught,,,2021,N,US1CMP16,UGCSGD,BSc,Computer Science for Games Development with Study Abroad,3,2023/24,ST1A,Enrolment Block,2024-UGCSGDAF--3-ST1A,,2023-UGCSGDAF--3-ST1A,"Year=0 - Selections: 441190 in T12, 600091 in T12, 600098 in T1, 600090 in T2 Student Module Electives  ([, 600097 in T12 AND (Take a maximum of 20.00 available credits from 600088, 600096 in T1 OR, a maximum of 20.00 available credits from 600086, 600089, 600100 in T2  Subject to an overall minimum of 40 available credits and an overall maximum of 40 available credits ])) OR ([, 20.00 available credits from 600088, 600096 in T1 AND, 20.00 available credits from 600086, 600089, 600100 in T2  Subject to an overall minimum of 40 available credits and an overall maximum of 40 available credits ])",,,31,T2,Optional,6,UGCSGDXF1US1CMP16UGCSGD318S2O1,600086,Parallel and Concurrent Programming,20,600086T22222,
UGCSGDAF,1,Taught,,,2021,N,US1CMP16,UGCSGD,BSc,Computer Science for Games Development with Study Abroad,3,2023/24,ST1A,Enrolment Block,2024-UGCSGDAF--3-ST1A,,2023-UGCSGDAF--3-ST1A,"Year=0 - Selections: 441190 in T12, 600091 in T12, 600098 in T1, 600090 in T2 Student Module Electives  ([, 600097 in T12 AND (Take a maximum of 20.00 available credits from 600088, 600096 in T1 OR, a maximum of 20.00 available credits from 600086, 600089, 600100 in T2  Subject to an overall minimum of 40 available credits and an overall maximum of 40 available credits ])) OR ([, 20.00 available credits from 600088, 600096 in T1 AND, 20.00 available credits from 600086, 600089, 600100 in T2  Subject to an overall minimum of 40 available credits and an overall maximum of 40 available credits ])",,,31,T2,Optional,6,UGCSGDXF1US1CMP16UGCSGD318S2O1,600089,Distributed Systems Programming,20,600089T22323,
UGCSGDAF,1,Taught,,,2021,N,US1CMP16,UGCSGD,BSc,Computer Science for Games Development with Study Abroad,3,2023/24,ST1A,Enrolment Block,2024-UGCSGDAF--3-ST1A,,2023-UGCSGDAF--3-ST1A,"Year=0 - Selections: 441190 in T12, 600091 in T12, 600098 in T1, 600090 in T2 Student Module Electives  ([, 600097 in T12 AND (Take a maximum of 20.00 available credits from 600088, 600096 in T1 OR, a maximum of 20.00 available credits from 600086, 600089, 600100 in T2  Subject to an overall minimum of 40 available credits and an overall maximum of 40 available credits ])) OR ([, 20.00 available credits from 600088, 600096 in T1 AND, 20.00 available credits from 600086, 600089, 600100 in T2  Subject to an overall minimum of 40 available credits and an overall maximum of 40 available credits ])",,,31,T2,Optional,6,UGCSGDXF1US1CMP16UGCSGD318S2O1,600100,Computer Vision,20,600100T2323,
UGCSGDAF,1,Taught,,,2021,N,US1CMP16,UGCSGD,BSc,Computer Science for Games Development with Study Abroad,3,2023/24,ST1A,Enrolment Block,2024-UGCSGDAF--3-ST1A,,2023-UGCSGDAF--3-ST1A,"Year=0 - Selections: 441190 in T12, 600091 in T12, 600098 in T1, 600090 in T2 Student Module Electives  ([, 600097 in T12 AND (Take a maximum of 20.00 available credits from 600088, 600096 in T1 OR, a maximum of 20.00 available credits from 600086, 600089, 600100 in T2  Subject to an overall minimum of 40 available credits and an overall maximum of 40 available credits ])) OR ([, 20.00 available credits from 600088, 600096 in T1 AND, 20.00 available credits from 600086, 600089, 600100 in T2  Subject to an overall minimum of 40 available credits and an overall maximum of 40 available credits ])",,,41,T2,Compulsory,6,600090,600090,Commercial Games Development Process,20,600090T21818,
UGCSGDAF,1,Taught,,,2021,N,US1CMP16,UGCSGD,BSc,Computer Science for Games Development with Study Abroad,3,2023/24,ST1A,Enrolment Block,2024-UGCSGDAF--3-ST1A,,2023-UGCSGDAF--3-ST1A,"Year=0 - Selections: 441190 in T12, 600091 in T12, 600098 in T1, 600090 in T2 Student Module Electives  ([, 600097 in T12 AND (Take a maximum of 20.00 available credits from 600088, 600096 in T1 OR, a maximum of 20.00 available credits from 600086, 600089, 600100 in T2  Subject to an overall minimum of 40 available credits and an overall maximum of 40 available credits ])) OR ([, 20.00 available credits from 600088, 600096 in T1 AND, 20.00 available credits from 600086, 600089, 600100 in T2  Subject to an overall minimum of 40 available credits and an overall maximum of 40 available credits ])",,,51,T1,Optional,6,UGCSGDXF1US1CMP16UGCSGD318S1O1,600088,Virtual Environments,20,600088T12021,
UGCSGDAF,1,Taught,,,2021,N,US1CMP16,UGCSGD,BSc,Computer Science for Games Development with Study Abroad,3,2023/24,ST1A,Enrolment Block,2024-UGCSGDAF--3-ST1A,,2023-UGCSGDAF--3-ST1A,"Year=0 - Selections: 441190 in T12, 600091 in T12, 600098 in T1, 600090 in T2 Student Module Electives  ([, 600097 in T12 AND (Take a maximum of 20.00 available credits from 600088, 600096 in T1 OR, a maximum of 20.00 available credits from 600086, 600089, 600100 in T2  Subject to an overall minimum of 40 available credits and an overall maximum of 40 available credits ])) OR ([, 20.00 available credits from 600088, 600096 in T1 AND, 20.00 available credits from 600086, 600089, 600100 in T2  Subject to an overall minimum of 40 available credits and an overall maximum of 40 available credits ])",,,51,T1,Optional,6,UGCSGDXF1US1CMP16UGCSGD318S1O1,600096,Mobile Devices and Applications,20,600096T11919,
UGCSGDAF,1,Taught,,,2021,N,US1CMP16,UGCSGD,BSc,Computer Science for Games Development with Study Abroad,3,2023/24,ST1A,Enrolment Block,2024-UGCSGDAF--3-ST1A,,2023-UGCSGDAF--3-ST1A,"Year=0 - Selections: 441190 in T12, 600091 in T12, 600098 in T1, 600090 in T2 Student Module Electives  ([, 600097 in T12 AND (Take a maximum of 20.00 available credits from 600088, 600096 in T1 OR, a maximum of 20.00 available credits from 600086, 600089, 600100 in T2  Subject to an overall minimum of 40 available credits and an overall maximum of 40 available credits ])) OR ([, 20.00 available credits from 600088, 600096 in T1 AND, 20.00 available credits from 600086, 600089, 600100 in T2  Subject to an overall minimum of 40 available credits and an overall maximum of 40 available credits ])",,,60,T1,Optional,6,UGCSGDXF1US1CMP16UGCSGD318S1O1,600088,Virtual Environments,20,600088T12021,
UGCSGDAF,1,Taught,,,2021,N,US1CMP16,UGCSGD,BSc,Computer Science for Games Development with Study Abroad,3,2023/24,ST1A,Enrolment Block,2024-UGCSGDAF--3-ST1A,,2023-UGCSGDAF--3-ST1A,"Year=0 - Selections: 441190 in T12, 600091 in T12, 600098 in T1, 600090 in T2 Student Module Electives  ([, 600097 in T12 AND (Take a maximum of 20.00 available credits from 600088, 600096 in T1 OR, a maximum of 20.00 available credits from 600086, 600089, 600100 in T2  Subject to an overall minimum of 40 available credits and an overall maximum of 40 available credits ])) OR ([, 20.00 available credits from 600088, 600096 in T1 AND, 20.00 available credits from 600086, 600089, 600100 in T2  Subject to an overall minimum of 40 available credits and an overall maximum of 40 available credits ])",,,60,T1,Optional,6,UGCSGDXF1US1CMP16UGCSGD318S1O1,600096,Mobile Devices and Applications,20,600096T11919,
UGCSGDAF,1,Taught,,,2021,N,US1CMP16,UGCSGD,BSc,Computer Science for Games Development with Study Abroad,3,2023/24,ST1A,Enrolment Block,2024-UGCSGDAF--3-ST1A,,2023-UGCSGDAF--3-ST1A,"Year=0 - Selections: 441190 in T12, 600091 in T12, 600098 in T1, 600090 in T2 Student Module Electives  ([, 600097 in T12 AND (Take a maximum of 20.00 available credits from 600088, 600096 in T1 OR, a maximum of 20.00 available credits from 600086, 600089, 600100 in T2  Subject to an overall minimum of 40 available credits and an overall maximum of 40 available credits ])) OR ([, 20.00 available credits from 600088, 600096 in T1 AND, 20.00 available credits from 600086, 600089, 600100 in T2  Subject to an overall minimum of 40 available credits and an overall maximum of 40 available credits ])",,,70,T2,Optional,6,UGCSGDXF1US1CMP16UGCSGD318S2O1,600086,Parallel and Concurrent Programming,20,600086T22222,
UGCSGDAF,1,Taught,,,2021,N,US1CMP16,UGCSGD,BSc,Computer Science for Games Development with Study Abroad,3,2023/24,ST1A,Enrolment Block,2024-UGCSGDAF--3-ST1A,,2023-UGCSGDAF--3-ST1A,"Year=0 - Selections: 441190 in T12, 600091 in T12, 600098 in T1, 600090 in T2 Student Module Electives  ([, 600097 in T12 AND (Take a maximum of 20.00 available credits from 600088, 600096 in T1 OR, a maximum of 20.00 available credits from 600086, 600089, 600100 in T2  Subject to an overall minimum of 40 available credits and an overall maximum of 40 available credits ])) OR ([, 20.00 available credits from 600088, 600096 in T1 AND, 20.00 available credits from 600086, 600089, 600100 in T2  Subject to an overall minimum of 40 available credits and an overall maximum of 40 available credits ])",,,70,T2,Optional,6,UGCSGDXF1US1CMP16UGCSGD318S2O1,600089,Distributed Systems Programming,20,600089T22323,
UGCSGDAF,1,Taught,,,2021,N,US1CMP16,UGCSGD,BSc,Computer Science for Games Development with Study Abroad,3,2023/24,ST1A,Enrolment Block,2024-UGCSGDAF--3-ST1A,,2023-UGCSGDAF--3-ST1A,"Year=0 - Selections: 441190 in T12, 600091 in T12, 600098 in T1, 600090 in T2 Student Module Electives  ([, 600097 in T12 AND (Take a maximum of 20.00 available credits from 600088, 600096 in T1 OR, a maximum of 20.00 available credits from 600086, 600089, 600100 in T2  Subject to an overall minimum of 40 available credits and an overall maximum of 40 available credits ])) OR ([, 20.00 available credits from 600088, 600096 in T1 AND, 20.00 available credits from 600086, 600089, 600100 in T2  Subject to an overall minimum of 40 available credits and an overall maximum of 40 available credits ])",,,70,T2,Optional,6,UGCSGDXF1US1CMP16UGCSGD318S2O1,600100,Computer Vision,20,600100T2323,
UGCSGDAF,1,Taught,,,2021,N,US1CMP16,UGCSGD,BSc,Computer Science for Games Development with Study Abroad,3,2023/24,ST1A,Enrolment Block,2024-UGCSGDAF--3-ST1A,,2023-UGCSGDAF--3-ST1A,"Year=0 - Selections: 441190 in T12, 600091 in T12, 600098 in T1, 600090 in T2 Student Module Electives  ([, 600097 in T12 AND (Take a maximum of 20.00 available credits from 600088, 600096 in T1 OR, a maximum of 20.00 available credits from 600086, 600089, 600100 in T2  Subject to an overall minimum of 40 available credits and an overall maximum of 40 available credits ])) OR ([, 20.00 available credits from 600088, 600096 in T1 AND, 20.00 available credits from 600086, 600089, 600100 in T2  Subject to an overall minimum of 40 available credits and an overall maximum of 40 available credits ])",,,80,,Compulsory,4,441190,441190,,0,No matching MAP,
UGCSGDAF,1,Taught,,,2021,N,US1CMP16,UGCSGD,BSc,Computer Science for Games Development with Study Abroad,A,2023/24,ST1A,Enrolment Block,2024-UGCSGDAF--A-ST1A,,2023-UGCSGDAF--A-ST1A,Year=0 - Selections: 500092 in T12,,,1,T12,Core,5B,500092,500092,Study Abroad,120,50009212322,
UGCSGDAF,2,Taught,,2022,,Y,US1CMP19,UGCSGD,BSc,Computer Science for Games Development with Study Abroad,1,2023/24,ST1A,Enrolment Block,2024-UGCSGDAF-2-1-ST1A,,2023-UGCSGDAF-2-1-ST1A,"Year=0 - Selections: 441101 in T12, 441104 in T2, 441105 in T1, 441102 in T2, 441108 in T1, 441187 in T12, 441190 in T12",,,10,T12,Core,4,441101,441101,Programming Portfolio,40,441101T1&222,
UGCSGDAF,2,Taught,,2022,,Y,US1CMP19,UGCSGD,BSc,Computer Science for Games Development with Study Abroad,1,2023/24,ST1A,Enrolment Block,2024-UGCSGDAF-2-1-ST1A,,2023-UGCSGDAF-2-1-ST1A,"Year=0 - Selections: 441101 in T12, 441104 in T2, 441105 in T1, 441102 in T2, 441108 in T1, 441187 in T12, 441190 in T12",,,20,T2,Compulsory,4,441104,441104,Computational Thinking,20,441104T12222,
UGCSGDAF,2,Taught,,2022,,Y,US1CMP19,UGCSGD,BSc,Computer Science for Games Development with Study Abroad,1,2023/24,ST1A,Enrolment Block,2024-UGCSGDAF-2-1-ST1A,,2023-UGCSGDAF-2-1-ST1A,"Year=0 - Selections: 441101 in T12, 441104 in T2, 441105 in T1, 441102 in T2, 441108 in T1, 441187 in T12, 441190 in T12",,,30,T1,Compulsory,4,441105,441105,Algorithms and Data Structures,20,441105T12222,
UGCSGDAF,2,Taught,,2022,,Y,US1CMP19,UGCSGD,BSc,Computer Science for Games Development with Study Abroad,1,2023/24,ST1A,Enrolment Block,2024-UGCSGDAF-2-1-ST1A,,2023-UGCSGDAF-2-1-ST1A,"Year=0 - Selections: 441101 in T12, 441104 in T2, 441105 in T1, 441102 in T2, 441108 in T1, 441187 in T12, 441190 in T12",,,40,T2,Compulsory,4,441102,441102,"Architectures, Operating Systems and the Cloud",20,441102T22222,
UGCSGDAF,2,Taught,,2022,,Y,US1CMP19,UGCSGD,BSc,Computer Science for Games Development with Study Abroad,1,2023/24,ST1A,Enrolment Block,2024-UGCSGDAF-2-1-ST1A,,2023-UGCSGDAF-2-1-ST1A,"Year=0 - Selections: 441101 in T12, 441104 in T2, 441105 in T1, 441102 in T2, 441108 in T1, 441187 in T12, 441190 in T12",,,50,T1,Compulsory,4,441108,441108,Professional Development,20,441108T22222,
UGCSGDAF,2,Taught,,2022,,Y,US1CMP19,UGCSGD,BSc,Computer Science for Games Development with Study Abroad,1,2023/24,ST1A,Enrolment Block,2024-UGCSGDAF-2-1-ST1A,,2023-UGCSGDAF-2-1-ST1A,"Year=0 - Selections: 441101 in T12, 441104 in T2, 441105 in T1, 441102 in T2, 441108 in T1, 441187 in T12, 441190 in T12",,,60,T12,Compulsory,4,441187,441187,Computer Science PASS module,0,No matching MAP,
UGCSGDAF,2,Taught,,2022,,Y,US1CMP19,UGCSGD,BSc,Computer Science for Games Development with Study Abroad,1,2023/24,ST1A,Enrolment Block,2024-UGCSGDAF-2-1-ST1A,,2023-UGCSGDAF-2-1-ST1A,"Year=0 - Selections: 441101 in T12, 441104 in T2, 441105 in T1, 441102 in T2, 441108 in T1, 441187 in T12, 441190 in T12",,,70,,Compulsory,4,441190,441190,,0,No matching MAP,
UGCSGDAF,2,Taught,,2022,,Y,US1CMP19,UGCSGD,BSc,Computer Science for Games Development with Study Abroad,2,2023/24,ST1A,Enrolment Block,2024-UGCSGDAF-2-2-ST1A,,2023-UGCSGDAF-2-2-ST1A,"Year=0 - Selections: 551462 in T12, 551455 in T1, 551459 in T1, 500083 in T2, 551461 in T2, 441190 in T12",,,10,T12,Core,5,551462,551462,Design Develop Deploy,40,551462T1222,
UGCSGDAF,2,Taught,,2022,,Y,US1CMP19,UGCSGD,BSc,Computer Science for Games Development with Study Abroad,2,2023/24,ST1A,Enrolment Block,2024-UGCSGDAF-2-2-ST1A,,2023-UGCSGDAF-2-2-ST1A,"Year=0 - Selections: 551462 in T12, 551455 in T1, 551459 in T1, 500083 in T2, 551461 in T2, 441190 in T12",,,20,T1,Compulsory,5,551455,551455,Graphics Programming and Simulation 1,20,551455T12222,
UGCSGDAF,2,Taught,,2022,,Y,US1CMP19,UGCSGD,BSc,Computer Science for Games Development with Study Abroad,2,2023/24,ST1A,Enrolment Block,2024-UGCSGDAF-2-2-ST1A,,2023-UGCSGDAF-2-2-ST1A,"Year=0 - Selections: 551462 in T12, 551455 in T1, 551459 in T1, 500083 in T2, 551461 in T2, 441190 in T12",,,30,T1,Compulsory,5,551459,551459,Artificial Intelligence for Games,20,551459T12222,
UGCSGDAF,2,Taught,,2022,,Y,US1CMP19,UGCSGD,BSc,Computer Science for Games Development with Study Abroad,2,2023/24,ST1A,Enrolment Block,2024-UGCSGDAF-2-2-ST1A,,2023-UGCSGDAF-2-2-ST1A,"Year=0 - Selections: 551462 in T12, 551455 in T1, 551459 in T1, 500083 in T2, 551461 in T2, 441190 in T12",,,40,T2,Compulsory,5,500083,500083,Advanced Programming,20,500083T22222,
UGCSGDAF,2,Taught,,2022,,Y,US1CMP19,UGCSGD,BSc,Computer Science for Games Development with Study Abroad,2,2023/24,ST1A,Enrolment Block,2024-UGCSGDAF-2-2-ST1A,,2023-UGCSGDAF-2-2-ST1A,"Year=0 - Selections: 551462 in T12, 551455 in T1, 551459 in T1, 500083 in T2, 551461 in T2, 441190 in T12",,,50,T2,Compulsory,5,551461,551461,Mixed Reality Development,20,551461T22323,
UGCSGDAF,2,Taught,,2022,,Y,US1CMP19,UGCSGD,BSc,Computer Science for Games Development with Study Abroad,2,2023/24,ST1A,Enrolment Block,2024-UGCSGDAF-2-2-ST1A,,2023-UGCSGDAF-2-2-ST1A,"Year=0 - Selections: 551462 in T12, 551455 in T1, 551459 in T1, 500083 in T2, 551461 in T2, 441190 in T12",,,60,,Compulsory,4,441190,441190,,0,No matching MAP,
UGCSGDAF,2,Taught,,2022,,Y,US1CMP19,UGCSGD,BSc,Computer Science for Games Development with Study Abroad,3,2023/24,ST1A,Enrolment Block,2024-UGCSGDAF-2-3-ST1A,,2023-UGCSGDAF-2-3-ST1A,"Year=0 - Selections: 600098 in T1, 661981 in T1, 600086 in T2, 441190 in T12, 600089 in T2 - Electives: 40.00 available credits from 600091, 662004 in T12",,,10,T12,Elective - If chosen cannot condone or compenste,6,COMP SCI L6 T12 OPTS,600091,Honours Stage Project,40,60009112222,
UGCSGDAF,2,Taught,,2022,,Y,US1CMP19,UGCSGD,BSc,Computer Science for Games Development with Study Abroad,3,2023/24,ST1A,Enrolment Block,2024-UGCSGDAF-2-3-ST1A,,2023-UGCSGDAF-2-3-ST1A,"Year=0 - Selections: 600098 in T1, 661981 in T1, 600086 in T2, 441190 in T12, 600089 in T2 - Electives: 40.00 available credits from 600091, 662004 in T12",,,10,T12,Elective - If chosen cannot condone or compenste,6,COMP SCI L6 T12 OPTS,662004,Communicating and Teaching Computing,40,6.62E+11,
UGCSGDAF,2,Taught,,2022,,Y,US1CMP19,UGCSGD,BSc,Computer Science for Games Development with Study Abroad,3,2023/24,ST1A,Enrolment Block,2024-UGCSGDAF-2-3-ST1A,,2023-UGCSGDAF-2-3-ST1A,"Year=0 - Selections: 600098 in T1, 661981 in T1, 600086 in T2, 441190 in T12, 600089 in T2 - Electives: 40.00 available credits from 600091, 662004 in T12",,,20,T1,Compulsory,6,600098,600098,Games Architecture,20,600098T12222,
UGCSGDAF,2,Taught,,2022,,Y,US1CMP19,UGCSGD,BSc,Computer Science for Games Development with Study Abroad,3,2023/24,ST1A,Enrolment Block,2024-UGCSGDAF-2-3-ST1A,,2023-UGCSGDAF-2-3-ST1A,"Year=0 - Selections: 600098 in T1, 661981 in T1, 600086 in T2, 441190 in T12, 600089 in T2 - Electives: 40.00 available credits from 600091, 662004 in T12",,,30,T1,Compulsory,6,661981,661981,Graphics Programming and Simulation 2,20,661981T12222,
UGCSGDAF,2,Taught,,2022,,Y,US1CMP19,UGCSGD,BSc,Computer Science for Games Development with Study Abroad,3,2023/24,ST1A,Enrolment Block,2024-UGCSGDAF-2-3-ST1A,,2023-UGCSGDAF-2-3-ST1A,"Year=0 - Selections: 600098 in T1, 661981 in T1, 600086 in T2, 441190 in T12, 600089 in T2 - Electives: 40.00 available credits from 600091, 662004 in T12",,,40,T2,Compulsory,6,600086,600086,Parallel and Concurrent Programming,20,600086T22222,
UGCSGDAF,2,Taught,,2022,,Y,US1CMP19,UGCSGD,BSc,Computer Science for Games Development with Study Abroad,3,2023/24,ST1A,Enrolment Block,2024-UGCSGDAF-2-3-ST1A,,2023-UGCSGDAF-2-3-ST1A,"Year=0 - Selections: 600098 in T1, 661981 in T1, 600086 in T2, 441190 in T12, 600089 in T2 - Electives: 40.00 available credits from 600091, 662004 in T12",,,60,,Compulsory,4,441190,441190,,0,No matching MAP,
UGCSGDAF,2,Taught,,2022,,Y,US1CMP19,UGCSGD,BSc,Computer Science for Games Development with Study Abroad,3,2023/24,ST1A,Enrolment Block,2024-UGCSGDAF-2-3-ST1A,,2023-UGCSGDAF-2-3-ST1A,"Year=0 - Selections: 600098 in T1, 661981 in T1, 600086 in T2, 441190 in T12, 600089 in T2 - Electives: 40.00 available credits from 600091, 662004 in T12",,,70,T2,Compulsory,6,600089,600089,Distributed Systems Programming,20,600089T22323,
UGCSGDAF,2,Taught,,2022,,Y,US1CMP19,UGCSGD,BSc,Computer Science for Games Development with Study Abroad,A,2023/24,ST1A,Enrolment Block,2024-UGCSGDAF-2-A-ST1A,,2023-UGCSGDAF-2-A-ST1A,Year=0 - Selections: 500092 in T123A,,,10,T123A,Core,5B,500092,500092,Study Abroad,120,50009212322,
UGCSGDAF,3,Taught,,2022,,Y,US2CMP19,UGCOGD,BSc,Computing (Games Development) with Study Abroad,1,2023/24,ST1A,Enrolment Block,2024-UGCSGDAF-3-1-ST1A,,2023-UGCSGDAF-3-1-ST1A,,,,10,T12,Core,4,441101,441101,Programming Portfolio,40,441101T1&222,
UGCSGDAF,3,Taught,,2022,,Y,US2CMP19,UGCOGD,BSc,Computing (Games Development) with Study Abroad,1,2023/24,ST1A,Enrolment Block,2024-UGCSGDAF-3-1-ST1A,,2023-UGCSGDAF-3-1-ST1A,,,,20,T2,Compulsory,4,441104,441104,Computational Thinking,20,441104T12222,
UGCSGDAF,3,Taught,,2022,,Y,US2CMP19,UGCOGD,BSc,Computing (Games Development) with Study Abroad,1,2023/24,ST1A,Enrolment Block,2024-UGCSGDAF-3-1-ST1A,,2023-UGCSGDAF-3-1-ST1A,,,,30,T1,Compulsory,4,441105,441105,Algorithms and Data Structures,20,441105T12222,
UGCSGDAF,3,Taught,,2022,,Y,US2CMP19,UGCOGD,BSc,Computing (Games Development) with Study Abroad,1,2023/24,ST1A,Enrolment Block,2024-UGCSGDAF-3-1-ST1A,,2023-UGCSGDAF-3-1-ST1A,,,,40,T2,Compulsory,4,441102,441102,"Architectures, Operating Systems and the Cloud",20,441102T22222,
UGCSGDAF,3,Taught,,2022,,Y,US2CMP19,UGCOGD,BSc,Computing (Games Development) with Study Abroad,1,2023/24,ST1A,Enrolment Block,2024-UGCSGDAF-3-1-ST1A,,2023-UGCSGDAF-3-1-ST1A,,,,50,T1,Compulsory,4,441108,441108,Professional Development,20,441108T22222,
UGCSGDAF,3,Taught,,2022,,Y,US2CMP19,UGCOGD,BSc,Computing (Games Development) with Study Abroad,2,2023/24,ST1A,Enrolment Block,2024-UGCSGDAF-3-2-ST1A,,2023-UGCSGDAF-3-2-ST1A,"Year=0 - Selections: 551462 in T12, 551455 in T1, 551459 in T1, 500083 in T2, 551461 in T2, 441190 in T12",,,10,T12,Core,5,551462,551462,Design Develop Deploy,40,551462T1222,
UGCSGDAF,3,Taught,,2022,,Y,US2CMP19,UGCOGD,BSc,Computing (Games Development) with Study Abroad,2,2023/24,ST1A,Enrolment Block,2024-UGCSGDAF-3-2-ST1A,,2023-UGCSGDAF-3-2-ST1A,"Year=0 - Selections: 551462 in T12, 551455 in T1, 551459 in T1, 500083 in T2, 551461 in T2, 441190 in T12",,,20,T1,Compulsory,5,551455,551455,Graphics Programming and Simulation 1,20,551455T12222,
UGCSGDAF,3,Taught,,2022,,Y,US2CMP19,UGCOGD,BSc,Computing (Games Development) with Study Abroad,2,2023/24,ST1A,Enrolment Block,2024-UGCSGDAF-3-2-ST1A,,2023-UGCSGDAF-3-2-ST1A,"Year=0 - Selections: 551462 in T12, 551455 in T1, 551459 in T1, 500083 in T2, 551461 in T2, 441190 in T12",,,30,T1,Compulsory,5,551459,551459,Artificial Intelligence for Games,20,551459T12222,
UGCSGDAF,3,Taught,,2022,,Y,US2CMP19,UGCOGD,BSc,Computing (Games Development) with Study Abroad,2,2023/24,ST1A,Enrolment Block,2024-UGCSGDAF-3-2-ST1A,,2023-UGCSGDAF-3-2-ST1A,"Year=0 - Selections: 551462 in T12, 551455 in T1, 551459 in T1, 500083 in T2, 551461 in T2, 441190 in T12",,,40,T2,Compulsory,5,500083,500083,Advanced Programming,20,500083T22222,
UGCSGDAF,3,Taught,,2022,,Y,US2CMP19,UGCOGD,BSc,Computing (Games Development) with Study Abroad,2,2023/24,ST1A,Enrolment Block,2024-UGCSGDAF-3-2-ST1A,,2023-UGCSGDAF-3-2-ST1A,"Year=0 - Selections: 551462 in T12, 551455 in T1, 551459 in T1, 500083 in T2, 551461 in T2, 441190 in T12",,,50,T2,Compulsory,5,551461,551461,Mixed Reality Development,20,551461T22323,
UGCSGDAF,3,Taught,,2022,,Y,US2CMP19,UGCOGD,BSc,Computing (Games Development) with Study Abroad,2,2023/24,ST1A,Enrolment Block,2024-UGCSGDAF-3-2-ST1A,,2023-UGCSGDAF-3-2-ST1A,"Year=0 - Selections: 551462 in T12, 551455 in T1, 551459 in T1, 500083 in T2, 551461 in T2, 441190 in T12",,,60,,Compulsory,4,441190,441190,,0,No matching MAP,
UGCSGDAF,3,Taught,,2022,,Y,US2CMP19,UGCOGD,BSc,Computing (Games Development) with Study Abroad,3,2023/24,ST1A,Enrolment Block,2024-UGCSGDAF-3-3-ST1A,,2023-UGCSGDAF-3-3-ST1A,"Year=0 - Selections: 600098 in T1, 661981 in T1, 600086 in T2, 441190 in T12, 600089 in T2 - Electives: 40.00 available credits from 600091, 662004 in T12",,,10,T12,Elective - If chosen cannot condone or compenste,6,COMP SCI L6 T12 OPTS,600091,Honours Stage Project,40,60009112222,
UGCSGDAF,3,Taught,,2022,,Y,US2CMP19,UGCOGD,BSc,Computing (Games Development) with Study Abroad,3,2023/24,ST1A,Enrolment Block,2024-UGCSGDAF-3-3-ST1A,,2023-UGCSGDAF-3-3-ST1A,"Year=0 - Selections: 600098 in T1, 661981 in T1, 600086 in T2, 441190 in T12, 600089 in T2 - Electives: 40.00 available credits from 600091, 662004 in T12",,,10,T12,Elective - If chosen cannot condone or compenste,6,COMP SCI L6 T12 OPTS,662004,Communicating and Teaching Computing,40,6.62E+11,
UGCSGDAF,3,Taught,,2022,,Y,US2CMP19,UGCOGD,BSc,Computing (Games Development) with Study Abroad,3,2023/24,ST1A,Enrolment Block,2024-UGCSGDAF-3-3-ST1A,,2023-UGCSGDAF-3-3-ST1A,"Year=0 - Selections: 600098 in T1, 661981 in T1, 600086 in T2, 441190 in T12, 600089 in T2 - Electives: 40.00 available credits from 600091, 662004 in T12",,,20,T1,Compulsory,6,600098,600098,Games Architecture,20,600098T12222,
UGCSGDAF,3,Taught,,2022,,Y,US2CMP19,UGCOGD,BSc,Computing (Games Development) with Study Abroad,3,2023/24,ST1A,Enrolment Block,2024-UGCSGDAF-3-3-ST1A,,2023-UGCSGDAF-3-3-ST1A,"Year=0 - Selections: 600098 in T1, 661981 in T1, 600086 in T2, 441190 in T12, 600089 in T2 - Electives: 40.00 available credits from 600091, 662004 in T12",,,30,T1,Compulsory,6,661981,661981,Graphics Programming and Simulation 2,20,661981T12222,
UGCSGDAF,3,Taught,,2022,,Y,US2CMP19,UGCOGD,BSc,Computing (Games Development) with Study Abroad,3,2023/24,ST1A,Enrolment Block,2024-UGCSGDAF-3-3-ST1A,,2023-UGCSGDAF-3-3-ST1A,"Year=0 - Selections: 600098 in T1, 661981 in T1, 600086 in T2, 441190 in T12, 600089 in T2 - Electives: 40.00 available credits from 600091, 662004 in T12",,,40,T2,Compulsory,6,600086,600086,Parallel and Concurrent Programming,20,600086T22222,
UGCSGDAF,3,Taught,,2022,,Y,US2CMP19,UGCOGD,BSc,Computing (Games Development) with Study Abroad,3,2023/24,ST1A,Enrolment Block,2024-UGCSGDAF-3-3-ST1A,,2023-UGCSGDAF-3-3-ST1A,"Year=0 - Selections: 600098 in T1, 661981 in T1, 600086 in T2, 441190 in T12, 600089 in T2 - Electives: 40.00 available credits from 600091, 662004 in T12",,,60,,Compulsory,4,441190,441190,,0,No matching MAP,
UGCSGDAF,3,Taught,,2022,,Y,US2CMP19,UGCOGD,BSc,Computing (Games Development) with Study Abroad,3,2023/24,ST1A,Enrolment Block,2024-UGCSGDAF-3-3-ST1A,,2023-UGCSGDAF-3-3-ST1A,"Year=0 - Selections: 600098 in T1, 661981 in T1, 600086 in T2, 441190 in T12, 600089 in T2 - Electives: 40.00 available credits from 600091, 662004 in T12",,,70,T2,Compulsory,6,600089,600089,Distributed Systems Programming,20,600089T22323,
UGCSGDAF,3,Taught,,2022,,Y,US2CMP19,UGCOGD,BSc,Computing (Games Development) with Study Abroad,A,2023/24,ST1A,Enrolment Block,2024-UGCSGDAF-3-A-ST1A,,2023-UGCSGDAF-3-A-ST1A,Year=0 - Selections: 500092 in T123A,,,10,T123A,Core,5B,500092,500092,Study Abroad,120,50009212322,
UGCSGDAF,4,Taught,,2023,,,US1CMP19,UGCSGP,BSc,Computer Science for Games Programming,1,2023/24,ST1A,Enrolment Block,2024-UGCSGDAF-4-1-ST1A,,2023-UGCSGDAF-4-1-ST1A,"Year=0 - Selections: 441101 in T12, 441104 in T2, 441105 in T1, 441102 in T2, 441108 in T1, 441187 in T12, 441190 in T12",,,10,T12,Core,4,441101,441101,Programming Portfolio,40,441101T1&222,
UGCSGDAF,4,Taught,,2023,,,US1CMP19,UGCSGP,BSc,Computer Science for Games Programming,1,2023/24,ST1A,Enrolment Block,2024-UGCSGDAF-4-1-ST1A,,2023-UGCSGDAF-4-1-ST1A,"Year=0 - Selections: 441101 in T12, 441104 in T2, 441105 in T1, 441102 in T2, 441108 in T1, 441187 in T12, 441190 in T12",,,20,T2,Compulsory,4,441104,441104,Computational Thinking,20,441104T12222,
UGCSGDAF,4,Taught,,2023,,,US1CMP19,UGCSGP,BSc,Computer Science for Games Programming,1,2023/24,ST1A,Enrolment Block,2024-UGCSGDAF-4-1-ST1A,,2023-UGCSGDAF-4-1-ST1A,"Year=0 - Selections: 441101 in T12, 441104 in T2, 441105 in T1, 441102 in T2, 441108 in T1, 441187 in T12, 441190 in T12",,,30,T1,Compulsory,4,441105,441105,Algorithms and Data Structures,20,441105T12222,
UGCSGDAF,4,Taught,,2023,,,US1CMP19,UGCSGP,BSc,Computer Science for Games Programming,1,2023/24,ST1A,Enrolment Block,2024-UGCSGDAF-4-1-ST1A,,2023-UGCSGDAF-4-1-ST1A,"Year=0 - Selections: 441101 in T12, 441104 in T2, 441105 in T1, 441102 in T2, 441108 in T1, 441187 in T12, 441190 in T12",,,40,T2,Compulsory,4,441102,441102,"Architectures, Operating Systems and the Cloud",20,441102T22222,
UGCSGDAF,4,Taught,,2023,,,US1CMP19,UGCSGP,BSc,Computer Science for Games Programming,1,2023/24,ST1A,Enrolment Block,2024-UGCSGDAF-4-1-ST1A,,2023-UGCSGDAF-4-1-ST1A,"Year=0 - Selections: 441101 in T12, 441104 in T2, 441105 in T1, 441102 in T2, 441108 in T1, 441187 in T12, 441190 in T12",,,50,T1,Compulsory,4,441108,441108,Professional Development,20,441108T22222,
UGCSGDAF,4,Taught,,2023,,,US1CMP19,UGCSGP,BSc,Computer Science for Games Programming,1,2023/24,ST1A,Enrolment Block,2024-UGCSGDAF-4-1-ST1A,,2023-UGCSGDAF-4-1-ST1A,"Year=0 - Selections: 441101 in T12, 441104 in T2, 441105 in T1, 441102 in T2, 441108 in T1, 441187 in T12, 441190 in T12",,,60,T12,Compulsory,4,441187,441187,Computer Science PASS module,0,No matching MAP,
UGCSGDAF,4,Taught,,2023,,,US1CMP19,UGCSGP,BSc,Computer Science for Games Programming,1,2023/24,ST1A,Enrolment Block,2024-UGCSGDAF-4-1-ST1A,,2023-UGCSGDAF-4-1-ST1A,"Year=0 - Selections: 441101 in T12, 441104 in T2, 441105 in T1, 441102 in T2, 441108 in T1, 441187 in T12, 441190 in T12",,,70,,Compulsory,4,441190,441190,,0,No matching MAP,
UGCSGDAF,4,Taught,,2023,,,US1CMP19,UGCSGP,BSc,Computer Science for Games Programming,2,2023/24,ST1A,Enrolment Block,2024-UGCSGDAF-4-2-ST1A,,,,No 2023* diet for this VCO/CBO,,,,,,,,,,No matching MAP,
UGCSGDAF,4,Taught,,2023,,,US1CMP19,UGCSGP,BSc,Computer Science for Games Programming,3,2023/24,ST1A,Enrolment Block,,No Online diet for this VCO/CBO,,,No 2023* diet for this VCO/CBO,,,,,,,,,,No matching MAP,
UGCSGDAF,4,Taught,,2023,,,US1CMP19,UGCSGP,BSc,Computer Science for Games Programming,A,2023/24,ST1A,Enrolment Block,,No Online diet for this VCO/CBO,,,No 2023* diet for this VCO/CBO,,,,,,,,,,No matching MAP,
UGCSGDAF,5,Taught,,2023,,,US2CMP19,UGCGPR,BSc,Computing (Games Programming),1,2023/24,ST1A,Enrolment Block,2024-UGCSGDAF-5-1-ST1A,,2023-UGCSGDAF-5-1-ST1A,,,,10,T12,Core,4,441101,441101,Programming Portfolio,40,441101T1&222,
UGCSGDAF,5,Taught,,2023,,,US2CMP19,UGCGPR,BSc,Computing (Games Programming),1,2023/24,ST1A,Enrolment Block,2024-UGCSGDAF-5-1-ST1A,,2023-UGCSGDAF-5-1-ST1A,,,,20,T2,Compulsory,4,441104,441104,Computational Thinking,20,441104T12222,
UGCSGDAF,5,Taught,,2023,,,US2CMP19,UGCGPR,BSc,Computing (Games Programming),1,2023/24,ST1A,Enrolment Block,2024-UGCSGDAF-5-1-ST1A,,2023-UGCSGDAF-5-1-ST1A,,,,30,T1,Compulsory,4,441105,441105,Algorithms and Data Structures,20,441105T12222,
UGCSGDAF,5,Taught,,2023,,,US2CMP19,UGCGPR,BSc,Computing (Games Programming),1,2023/24,ST1A,Enrolment Block,2024-UGCSGDAF-5-1-ST1A,,2023-UGCSGDAF-5-1-ST1A,,,,40,T2,Compulsory,4,441102,441102,"Architectures, Operating Systems and the Cloud",20,441102T22222,
UGCSGDAF,5,Taught,,2023,,,US2CMP19,UGCGPR,BSc,Computing (Games Programming),1,2023/24,ST1A,Enrolment Block,2024-UGCSGDAF-5-1-ST1A,,2023-UGCSGDAF-5-1-ST1A,,,,50,T1,Compulsory,4,441108,441108,Professional Development,20,441108T22222,
UGCSGDAF,5,Taught,,2023,,,US2CMP19,UGCGPR,BSc,Computing (Games Programming),2,2023/24,ST1A,Enrolment Block,2024-UGCSGDAF-5-2-ST1A,,,,No 2023* diet for this VCO/CBO,,,,,,,,,,No matching MAP,
UGCSGDAF,5,Taught,,2023,,,US2CMP19,UGCGPR,BSc,Computing (Games Programming),3,2023/24,ST1A,Enrolment Block,,No Online diet for this VCO/CBO,,,No 2023* diet for this VCO/CBO,,,,,,,,,,No matching MAP,
UGCSGDAF,5,Taught,,2023,,,US2CMP19,UGCGPR,BSc,Computing (Games Programming),A,2023/24,ST1A,Enrolment Block,,No Online diet for this VCO/CBO,,,No 2023* diet for this VCO/CBO,,,,,,,,,,No matching MAP,
UGCSGDFF,1,Taught,,,2024,N,US1CMP16,UGCSGD,BSc,Computer Science for Games Development with Foundation Year,0,2023/24,ST1A,Enrolment Block,2024-UGCSGDFF-1-0-ST1A,,2023-UGCSGDFF-1-0-ST1A,"Year=0 - Selections: 300008 in T1, 300014 in T1, 300001 in T1, 300015 in T2, 330113 in T2, 300002 in T2",,,1,T1,Core,3,300008,300008,Preparing for Learning in Higher Education,20,300008T12323,
UGCSGDFF,1,Taught,,,2024,N,US1CMP16,UGCSGD,BSc,Computer Science for Games Development with Foundation Year,0,2023/24,ST1A,Enrolment Block,2024-UGCSGDFF-1-0-ST1A,,2023-UGCSGDFF-1-0-ST1A,"Year=0 - Selections: 300008 in T1, 300014 in T1, 300001 in T1, 300015 in T2, 330113 in T2, 300002 in T2",,,11,T1,Core,3,300014,300014,Introduction to Computing,20,300014T12323,
UGCSGDFF,1,Taught,,,2024,N,US1CMP16,UGCSGD,BSc,Computer Science for Games Development with Foundation Year,0,2023/24,ST1A,Enrolment Block,2024-UGCSGDFF-1-0-ST1A,,2023-UGCSGDFF-1-0-ST1A,"Year=0 - Selections: 300008 in T1, 300014 in T1, 300001 in T1, 300015 in T2, 330113 in T2, 300002 in T2",,,21,T1,Compulsory,3,300001,300001,Foundation Maths A,20,300001T123A,
UGCSGDFF,1,Taught,,,2024,N,US1CMP16,UGCSGD,BSc,Computer Science for Games Development with Foundation Year,0,2023/24,ST1A,Enrolment Block,2024-UGCSGDFF-1-0-ST1A,,2023-UGCSGDFF-1-0-ST1A,"Year=0 - Selections: 300008 in T1, 300014 in T1, 300001 in T1, 300015 in T2, 330113 in T2, 300002 in T2",,,31,,Core,3,300015,300015,,20,No matching MAP,
UGCSGDFF,1,Taught,,,2024,N,US1CMP16,UGCSGD,BSc,Computer Science for Games Development with Foundation Year,0,2023/24,ST1A,Enrolment Block,2024-UGCSGDFF-1-0-ST1A,,2023-UGCSGDFF-1-0-ST1A,"Year=0 - Selections: 300008 in T1, 300014 in T1, 300001 in T1, 300015 in T2, 330113 in T2, 300002 in T2",,,41,T2,Compulsory,3,330113,330113,Group Challenge,20,330113T22121,
UGCSGDFF,1,Taught,,,2024,N,US1CMP16,UGCSGD,BSc,Computer Science for Games Development with Foundation Year,0,2023/24,ST1A,Enrolment Block,2024-UGCSGDFF-1-0-ST1A,,2023-UGCSGDFF-1-0-ST1A,"Year=0 - Selections: 300008 in T1, 300014 in T1, 300001 in T1, 300015 in T2, 330113 in T2, 300002 in T2",,,51,,Compulsory,3,300002,300002,,20,No matching MAP,
UGCSGDFF,1,Taught,,,2024,N,US1CMP16,UGCSGD,BSc,Computer Science for Games Development with Foundation Year,1,2023/24,ST1A,Enrolment Block,2024-UGCSGDFF-1-1-ST1A,,2023-UGCSGDFF-1-1-ST1A,"Year=0 - Selections: 441104 in T1, 441105 in T1, 441101 in T12, 441102 in T2, 441108 in T2",,,1,T12,Core,4,441101,441101,Programming Portfolio,40,441101T1&222,
UGCSGDFF,1,Taught,,,2024,N,US1CMP16,UGCSGD,BSc,Computer Science for Games Development with Foundation Year,1,2023/24,ST1A,Enrolment Block,2024-UGCSGDFF-1-1-ST1A,,2023-UGCSGDFF-1-1-ST1A,"Year=0 - Selections: 441104 in T1, 441105 in T1, 441101 in T12, 441102 in T2, 441108 in T2",,,11,,Compulsory,4,441104,441104,,20,No matching MAP,
UGCSGDFF,1,Taught,,,2024,N,US1CMP16,UGCSGD,BSc,Computer Science for Games Development with Foundation Year,1,2023/24,ST1A,Enrolment Block,2024-UGCSGDFF-1-1-ST1A,,2023-UGCSGDFF-1-1-ST1A,"Year=0 - Selections: 441104 in T1, 441105 in T1, 441101 in T12, 441102 in T2, 441108 in T2",,,31,T1,Compulsory,4,441105,441105,Algorithms and Data Structures,20,441105T12222,
UGCSGDFF,1,Taught,,,2024,N,US1CMP16,UGCSGD,BSc,Computer Science for Games Development with Foundation Year,1,2023/24,ST1A,Enrolment Block,2024-UGCSGDFF-1-1-ST1A,,2023-UGCSGDFF-1-1-ST1A,"Year=0 - Selections: 441104 in T1, 441105 in T1, 441101 in T12, 441102 in T2, 441108 in T2",,,41,T2,Compulsory,4,441102,441102,"Architectures, Operating Systems and the Cloud",20,441102T22222,
UGCSGDFF,1,Taught,,,2024,N,US1CMP16,UGCSGD,BSc,Computer Science for Games Development with Foundation Year,1,2023/24,ST1A,Enrolment Block,2024-UGCSGDFF-1-1-ST1A,,2023-UGCSGDFF-1-1-ST1A,"Year=0 - Selections: 441104 in T1, 441105 in T1, 441101 in T12, 441102 in T2, 441108 in T2",,,61,,Compulsory,4,441108,441108,,20,No matching MAP,
UGCSGDFF,1,Taught,,,2024,N,US1CMP16,UGCSGD,BSc,Computer Science for Games Development with Foundation Year,2,2023/24,ST1A,Enrolment Block,2024-UGCSGDFF-1-2-ST1A,,2023-UGCSGDFF-1-2-ST1A,"Year=0 - Selections: 500084 in T1, 500085 in T1, 500086 in T1, 500079 in T2, 500081 in T2, 500083 in T2",,,1,,Compulsory,5,500084,500084,,20,No matching MAP,
UGCSGDFF,1,Taught,,,2024,N,US1CMP16,UGCSGD,BSc,Computer Science for Games Development with Foundation Year,2,2023/24,ST1A,Enrolment Block,2024-UGCSGDFF-1-2-ST1A,,2023-UGCSGDFF-1-2-ST1A,"Year=0 - Selections: 500084 in T1, 500085 in T1, 500086 in T1, 500079 in T2, 500081 in T2, 500083 in T2",,,11,,Compulsory,5,500085,500085,,20,No matching MAP,
UGCSGDFF,1,Taught,,,2024,N,US1CMP16,UGCSGD,BSc,Computer Science for Games Development with Foundation Year,2,2023/24,ST1A,Enrolment Block,2024-UGCSGDFF-1-2-ST1A,,2023-UGCSGDFF-1-2-ST1A,"Year=0 - Selections: 500084 in T1, 500085 in T1, 500086 in T1, 500079 in T2, 500081 in T2, 500083 in T2",,,21,,Compulsory,5,500086,500086,,20,No matching MAP,
UGCSGDFF,1,Taught,,,2024,N,US1CMP16,UGCSGD,BSc,Computer Science for Games Development with Foundation Year,2,2023/24,ST1A,Enrolment Block,2024-UGCSGDFF-1-2-ST1A,,2023-UGCSGDFF-1-2-ST1A,"Year=0 - Selections: 500084 in T1, 500085 in T1, 500086 in T1, 500079 in T2, 500081 in T2, 500083 in T2",,,31,,Compulsory,5,500079,500079,,20,No matching MAP,
UGCSGDFF,1,Taught,,,2024,N,US1CMP16,UGCSGD,BSc,Computer Science for Games Development with Foundation Year,2,2023/24,ST1A,Enrolment Block,2024-UGCSGDFF-1-2-ST1A,,2023-UGCSGDFF-1-2-ST1A,"Year=0 - Selections: 500084 in T1, 500085 in T1, 500086 in T1, 500079 in T2, 500081 in T2, 500083 in T2",,,41,,Compulsory,5,500081,500081,,20,No matching MAP,
UGCSGDFF,1,Taught,,,2024,N,US1CMP16,UGCSGD,BSc,Computer Science for Games Development with Foundation Year,2,2023/24,ST1A,Enrolment Block,2024-UGCSGDFF-1-2-ST1A,,2023-UGCSGDFF-1-2-ST1A,"Year=0 - Selections: 500084 in T1, 500085 in T1, 500086 in T1, 500079 in T2, 500081 in T2, 500083 in T2",,,51,T2,Compulsory,5,500083,500083,Advanced Programming,20,500083T22222,
UGCSGDFF,1,Taught,,,2024,N,US1CMP16,UGCSGD,BSc,Computer Science for Games Development with Foundation Year,3,2023/24,ST1A,Enrolment Block,2024-UGCSGDFF-1-3-ST1A,,2023-UGCSGDFF-1-3-ST1A,"Year=0 - Selections: 600091 in T12, 600098 in T1, 600090 in T2 Student Module Electives  [, 600097 in T12, a maximum of 20.00 available credits from 600088, 600096 in T1, a maximum of 20.00 available credits from 600086, 600089, 600100 in T2  Subject to an overall minimum of 40 available credits and an overall maximum of 40 available credits ] [, 20.00 available credits from 600088, 600096 in T1, 20.00 available credits from 600086, 600089, 600100 in T2  Subject to an overall minimum of 40 available credits and an overall maximum of 40 available credits ]",,,1,T12,Core,6,600091,600091,Honours Stage Project,40,60009112222,
UGCSGDFF,1,Taught,,,2024,N,US1CMP16,UGCSGD,BSc,Computer Science for Games Development with Foundation Year,3,2023/24,ST1A,Enrolment Block,2024-UGCSGDFF-1-3-ST1A,,2023-UGCSGDFF-1-3-ST1A,"Year=0 - Selections: 600091 in T12, 600098 in T1, 600090 in T2 Student Module Electives  [, 600097 in T12, a maximum of 20.00 available credits from 600088, 600096 in T1, a maximum of 20.00 available credits from 600086, 600089, 600100 in T2  Subject to an overall minimum of 40 available credits and an overall maximum of 40 available credits ] [, 20.00 available credits from 600088, 600096 in T1, 20.00 available credits from 600086, 600089, 600100 in T2  Subject to an overall minimum of 40 available credits and an overall maximum of 40 available credits ]",,,11,,Optional,6,UGCSGDXF1US1CMP16UGCSGD31819O1,600097,,20,No matching MAP,"This module is limited to 15 students. Students will be required to attend an interview and complete a DBS if taking this module.
"
UGCSGDFF,1,Taught,,,2024,N,US1CMP16,UGCSGD,BSc,Computer Science for Games Development with Foundation Year,3,2023/24,ST1A,Enrolment Block,2024-UGCSGDFF-1-3-ST1A,,2023-UGCSGDFF-1-3-ST1A,"Year=0 - Selections: 600091 in T12, 600098 in T1, 600090 in T2 Student Module Electives  [, 600097 in T12, a maximum of 20.00 available credits from 600088, 600096 in T1, a maximum of 20.00 available credits from 600086, 600089, 600100 in T2  Subject to an overall minimum of 40 available credits and an overall maximum of 40 available credits ] [, 20.00 available credits from 600088, 600096 in T1, 20.00 available credits from 600086, 600089, 600100 in T2  Subject to an overall minimum of 40 available credits and an overall maximum of 40 available credits ]",,,21,T1,Compulsory,6,600098,600098,Games Architecture,20,600098T12222,
UGCSGDFF,1,Taught,,,2024,N,US1CMP16,UGCSGD,BSc,Computer Science for Games Development with Foundation Year,3,2023/24,ST1A,Enrolment Block,2024-UGCSGDFF-1-3-ST1A,,2023-UGCSGDFF-1-3-ST1A,"Year=0 - Selections: 600091 in T12, 600098 in T1, 600090 in T2 Student Module Electives  [, 600097 in T12, a maximum of 20.00 available credits from 600088, 600096 in T1, a maximum of 20.00 available credits from 600086, 600089, 600100 in T2  Subject to an overall minimum of 40 available credits and an overall maximum of 40 available credits ] [, 20.00 available credits from 600088, 600096 in T1, 20.00 available credits from 600086, 600089, 600100 in T2  Subject to an overall minimum of 40 available credits and an overall maximum of 40 available credits ]",,,31,T1,Optional,6,UGCSGDXF1US1CMP16UGCSGD318S1O1,600088,Virtual Environments,20,600088T12021,
UGCSGDFF,1,Taught,,,2024,N,US1CMP16,UGCSGD,BSc,Computer Science for Games Development with Foundation Year,3,2023/24,ST1A,Enrolment Block,2024-UGCSGDFF-1-3-ST1A,,2023-UGCSGDFF-1-3-ST1A,"Year=0 - Selections: 600091 in T12, 600098 in T1, 600090 in T2 Student Module Electives  [, 600097 in T12, a maximum of 20.00 available credits from 600088, 600096 in T1, a maximum of 20.00 available credits from 600086, 600089, 600100 in T2  Subject to an overall minimum of 40 available credits and an overall maximum of 40 available credits ] [, 20.00 available credits from 600088, 600096 in T1, 20.00 available credits from 600086, 600089, 600100 in T2  Subject to an overall minimum of 40 available credits and an overall maximum of 40 available credits ]",,,31,T1,Optional,6,UGCSGDXF1US1CMP16UGCSGD318S1O1,600096,Mobile Devices and Applications,20,600096T11919,
UGCSGDFF,1,Taught,,,2024,N,US1CMP16,UGCSGD,BSc,Computer Science for Games Development with Foundation Year,3,2023/24,ST1A,Enrolment Block,2024-UGCSGDFF-1-3-ST1A,,2023-UGCSGDFF-1-3-ST1A,"Year=0 - Selections: 600091 in T12, 600098 in T1, 600090 in T2 Student Module Electives  [, 600097 in T12, a maximum of 20.00 available credits from 600088, 600096 in T1, a maximum of 20.00 available credits from 600086, 600089, 600100 in T2  Subject to an overall minimum of 40 available credits and an overall maximum of 40 available credits ] [, 20.00 available credits from 600088, 600096 in T1, 20.00 available credits from 600086, 600089, 600100 in T2  Subject to an overall minimum of 40 available credits and an overall maximum of 40 available credits ]",,,41,T2,Compulsory,6,600090,600090,Commercial Games Development Process,20,600090T21818,
UGCSGDFF,1,Taught,,,2024,N,US1CMP16,UGCSGD,BSc,Computer Science for Games Development with Foundation Year,3,2023/24,ST1A,Enrolment Block,2024-UGCSGDFF-1-3-ST1A,,2023-UGCSGDFF-1-3-ST1A,"Year=0 - Selections: 600091 in T12, 600098 in T1, 600090 in T2 Student Module Electives  [, 600097 in T12, a maximum of 20.00 available credits from 600088, 600096 in T1, a maximum of 20.00 available credits from 600086, 600089, 600100 in T2  Subject to an overall minimum of 40 available credits and an overall maximum of 40 available credits ] [, 20.00 available credits from 600088, 600096 in T1, 20.00 available credits from 600086, 600089, 600100 in T2  Subject to an overall minimum of 40 available credits and an overall maximum of 40 available credits ]",,,51,T2,Optional,6,UGCSGDXF1US1CMP16UGCSGD318S2O1,600086,Parallel and Concurrent Programming,20,600086T22222,
UGCSGDFF,1,Taught,,,2024,N,US1CMP16,UGCSGD,BSc,Computer Science for Games Development with Foundation Year,3,2023/24,ST1A,Enrolment Block,2024-UGCSGDFF-1-3-ST1A,,2023-UGCSGDFF-1-3-ST1A,"Year=0 - Selections: 600091 in T12, 600098 in T1, 600090 in T2 Student Module Electives  [, 600097 in T12, a maximum of 20.00 available credits from 600088, 600096 in T1, a maximum of 20.00 available credits from 600086, 600089, 600100 in T2  Subject to an overall minimum of 40 available credits and an overall maximum of 40 available credits ] [, 20.00 available credits from 600088, 600096 in T1, 20.00 available credits from 600086, 600089, 600100 in T2  Subject to an overall minimum of 40 available credits and an overall maximum of 40 available credits ]",,,51,T2,Optional,6,UGCSGDXF1US1CMP16UGCSGD318S2O1,600089,Distributed Systems Programming,20,600089T22323,
UGCSGDFF,1,Taught,,,2024,N,US1CMP16,UGCSGD,BSc,Computer Science for Games Development with Foundation Year,3,2023/24,ST1A,Enrolment Block,2024-UGCSGDFF-1-3-ST1A,,2023-UGCSGDFF-1-3-ST1A,"Year=0 - Selections: 600091 in T12, 600098 in T1, 600090 in T2 Student Module Electives  [, 600097 in T12, a maximum of 20.00 available credits from 600088, 600096 in T1, a maximum of 20.00 available credits from 600086, 600089, 600100 in T2  Subject to an overall minimum of 40 available credits and an overall maximum of 40 available credits ] [, 20.00 available credits from 600088, 600096 in T1, 20.00 available credits from 600086, 600089, 600100 in T2  Subject to an overall minimum of 40 available credits and an overall maximum of 40 available credits ]",,,51,T2,Optional,6,UGCSGDXF1US1CMP16UGCSGD318S2O1,600100,Computer Vision,20,600100T2323,
UGCSGDFF,1,Taught,,,2024,N,US1CMP16,UGCSGD,BSc,Computer Science for Games Development with Foundation Year,3,2023/24,ST1A,Enrolment Block,2024-UGCSGDFF-1-3-ST1A,,2023-UGCSGDFF-1-3-ST1A,"Year=0 - Selections: 600091 in T12, 600098 in T1, 600090 in T2 Student Module Electives  [, 600097 in T12, a maximum of 20.00 available credits from 600088, 600096 in T1, a maximum of 20.00 available credits from 600086, 600089, 600100 in T2  Subject to an overall minimum of 40 available credits and an overall maximum of 40 available credits ] [, 20.00 available credits from 600088, 600096 in T1, 20.00 available credits from 600086, 600089, 600100 in T2  Subject to an overall minimum of 40 available credits and an overall maximum of 40 available credits ]",,,60,T1,Optional,6,UGCSGDXF1US1CMP16UGCSGD318S1O1,600088,Virtual Environments,20,600088T12021,
UGCSGDFF,1,Taught,,,2024,N,US1CMP16,UGCSGD,BSc,Computer Science for Games Development with Foundation Year,3,2023/24,ST1A,Enrolment Block,2024-UGCSGDFF-1-3-ST1A,,2023-UGCSGDFF-1-3-ST1A,"Year=0 - Selections: 600091 in T12, 600098 in T1, 600090 in T2 Student Module Electives  [, 600097 in T12, a maximum of 20.00 available credits from 600088, 600096 in T1, a maximum of 20.00 available credits from 600086, 600089, 600100 in T2  Subject to an overall minimum of 40 available credits and an overall maximum of 40 available credits ] [, 20.00 available credits from 600088, 600096 in T1, 20.00 available credits from 600086, 600089, 600100 in T2  Subject to an overall minimum of 40 available credits and an overall maximum of 40 available credits ]",,,60,T1,Optional,6,UGCSGDXF1US1CMP16UGCSGD318S1O1,600096,Mobile Devices and Applications,20,600096T11919,
UGCSGDFF,1,Taught,,,2024,N,US1CMP16,UGCSGD,BSc,Computer Science for Games Development with Foundation Year,3,2023/24,ST1A,Enrolment Block,2024-UGCSGDFF-1-3-ST1A,,2023-UGCSGDFF-1-3-ST1A,"Year=0 - Selections: 600091 in T12, 600098 in T1, 600090 in T2 Student Module Electives  [, 600097 in T12, a maximum of 20.00 available credits from 600088, 600096 in T1, a maximum of 20.00 available credits from 600086, 600089, 600100 in T2  Subject to an overall minimum of 40 available credits and an overall maximum of 40 available credits ] [, 20.00 available credits from 600088, 600096 in T1, 20.00 available credits from 600086, 600089, 600100 in T2  Subject to an overall minimum of 40 available credits and an overall maximum of 40 available credits ]",,,70,T2,Optional,6,UGCSGDXF1US1CMP16UGCSGD318S2O1,600086,Parallel and Concurrent Programming,20,600086T22222,
UGCSGDFF,1,Taught,,,2024,N,US1CMP16,UGCSGD,BSc,Computer Science for Games Development with Foundation Year,3,2023/24,ST1A,Enrolment Block,2024-UGCSGDFF-1-3-ST1A,,2023-UGCSGDFF-1-3-ST1A,"Year=0 - Selections: 600091 in T12, 600098 in T1, 600090 in T2 Student Module Electives  [, 600097 in T12, a maximum of 20.00 available credits from 600088, 600096 in T1, a maximum of 20.00 available credits from 600086, 600089, 600100 in T2  Subject to an overall minimum of 40 available credits and an overall maximum of 40 available credits ] [, 20.00 available credits from 600088, 600096 in T1, 20.00 available credits from 600086, 600089, 600100 in T2  Subject to an overall minimum of 40 available credits and an overall maximum of 40 available credits ]",,,70,T2,Optional,6,UGCSGDXF1US1CMP16UGCSGD318S2O1,600089,Distributed Systems Programming,20,600089T22323,
UGCSGDFF,1,Taught,,,2024,N,US1CMP16,UGCSGD,BSc,Computer Science for Games Development with Foundation Year,3,2023/24,ST1A,Enrolment Block,2024-UGCSGDFF-1-3-ST1A,,2023-UGCSGDFF-1-3-ST1A,"Year=0 - Selections: 600091 in T12, 600098 in T1, 600090 in T2 Student Module Electives  [, 600097 in T12, a maximum of 20.00 available credits from 600088, 600096 in T1, a maximum of 20.00 available credits from 600086, 600089, 600100 in T2  Subject to an overall minimum of 40 available credits and an overall maximum of 40 available credits ] [, 20.00 available credits from 600088, 600096 in T1, 20.00 available credits from 600086, 600089, 600100 in T2  Subject to an overall minimum of 40 available credits and an overall maximum of 40 available credits ]",,,70,T2,Optional,6,UGCSGDXF1US1CMP16UGCSGD318S2O1,600100,Computer Vision,20,600100T2323,
UGCSGDFF,2,Taught,,,2018,,US1CMO00,UGCSGD,BSc (Ordinary),Computer Science for Games Development (with Foundation Year),0,2023/24,ST1A,Enrolment Block,2024-UGCSGDFF--0-ST1A,,2023-UGCSGDFF--0-ST1A,,,,,,,,,,,,No matching MAP,
UGCSGDFF,2,Taught,,,2018,,US1CMO00,UGCSGD,BSc (Ordinary),Computer Science for Games Development (with Foundation Year),1,2023/24,ST1A,Enrolment Block,2024-UGCSGDFF--1-ST1A,,2023-UGCSGDFF--1-ST1A,,,,,,,,,,,,No matching MAP,
UGCSGDFF,2,Taught,,,2018,,US1CMO00,UGCSGD,BSc (Ordinary),Computer Science for Games Development (with Foundation Year),2,2023/24,ST1A,Enrolment Block,2024-UGCSGDFF--2-ST1A,,2023-UGCSGDFF--2-ST1A,,,,,,,,,,,,No matching MAP,
UGCSGDFF,2,Taught,,,2018,,US1CMO00,UGCSGD,BSc (Ordinary),Computer Science for Games Development (with Foundation Year),3,2023/24,ST1A,Enrolment Block,2024-UGCSGDFF--3-ST1A,,2023-UGCSGDFF--3-ST1A,,,,,,,,,,,,No matching MAP,
UGCSGDFF,3,Taught,,2022,,Y,US1CMP19,UGCSGD,BSc,Computer Science for Games Development with Foundation Year,0,2023/24,ST1A,Enrolment Block,2024-UGCSGDFF-3-0-ST1A,,2023-UGCSGDFF-3-0-ST1A,"Year=0 - Selections: 300008 in T1, 300014 in T1, 330113 in T2, 300031 in T2, 441190 in T12 - Electives: 20.00 available credits from 300001, 300013 in T1, 20.00 available credits from 300002, 300012 in T2",,,10,T1,Core,3,300008,300008,Preparing for Learning in Higher Education,20,300008T12323,
UGCSGDFF,3,Taught,,2022,,Y,US1CMP19,UGCSGD,BSc,Computer Science for Games Development with Foundation Year,0,2023/24,ST1A,Enrolment Block,2024-UGCSGDFF-3-0-ST1A,,2023-UGCSGDFF-3-0-ST1A,"Year=0 - Selections: 300008 in T1, 300014 in T1, 330113 in T2, 300031 in T2, 441190 in T12 - Electives: 20.00 available credits from 300001, 300013 in T1, 20.00 available credits from 300002, 300012 in T2",,,30,T1,Core,3,300014,300014,Introduction to Computing,20,300014T12323,
UGCSGDFF,3,Taught,,2022,,Y,US1CMP19,UGCSGD,BSc,Computer Science for Games Development with Foundation Year,0,2023/24,ST1A,Enrolment Block,2024-UGCSGDFF-3-0-ST1A,,2023-UGCSGDFF-3-0-ST1A,"Year=0 - Selections: 300008 in T1, 300014 in T1, 330113 in T2, 300031 in T2, 441190 in T12 - Electives: 20.00 available credits from 300001, 300013 in T1, 20.00 available credits from 300002, 300012 in T2",,,40,T2,Compulsory,3,330113,330113,Group Challenge,20,330113T22121,
UGCSGDFF,3,Taught,,2022,,Y,US1CMP19,UGCSGD,BSc,Computer Science for Games Development with Foundation Year,0,2023/24,ST1A,Enrolment Block,2024-UGCSGDFF-3-0-ST1A,,2023-UGCSGDFF-3-0-ST1A,"Year=0 - Selections: 300008 in T1, 300014 in T1, 330113 in T2, 300031 in T2, 441190 in T12 - Electives: 20.00 available credits from 300001, 300013 in T1, 20.00 available credits from 300002, 300012 in T2",,,50,T2,Core,3,300031,300031,Foundation in Data Analysis,20,300031A2323,
UGCSGDFF,3,Taught,,2022,,Y,US1CMP19,UGCSGD,BSc,Computer Science for Games Development with Foundation Year,0,2023/24,ST1A,Enrolment Block,2024-UGCSGDFF-3-0-ST1A,,2023-UGCSGDFF-3-0-ST1A,"Year=0 - Selections: 300008 in T1, 300014 in T1, 330113 in T2, 300031 in T2, 441190 in T12 - Electives: 20.00 available credits from 300001, 300013 in T1, 20.00 available credits from 300002, 300012 in T2",,,60,T1,Optional,3,CSTL3T1OPT,300001,Foundation Maths A,20,300001T123A,
UGCSGDFF,3,Taught,,2022,,Y,US1CMP19,UGCSGD,BSc,Computer Science for Games Development with Foundation Year,0,2023/24,ST1A,Enrolment Block,2024-UGCSGDFF-3-0-ST1A,,2023-UGCSGDFF-3-0-ST1A,"Year=0 - Selections: 300008 in T1, 300014 in T1, 330113 in T2, 300031 in T2, 441190 in T12 - Electives: 20.00 available credits from 300001, 300013 in T1, 20.00 available credits from 300002, 300012 in T2",,,60,T1,Optional,3,CSTL3T1OPT,300013,Foundation Maths 1,20,300013T123A,
UGCSGDFF,3,Taught,,2022,,Y,US1CMP19,UGCSGD,BSc,Computer Science for Games Development with Foundation Year,0,2023/24,ST1A,Enrolment Block,2024-UGCSGDFF-3-0-ST1A,,2023-UGCSGDFF-3-0-ST1A,"Year=0 - Selections: 300008 in T1, 300014 in T1, 330113 in T2, 300031 in T2, 441190 in T12 - Electives: 20.00 available credits from 300001, 300013 in T1, 20.00 available credits from 300002, 300012 in T2",,,70,T2,Optional,3,CSTL3T2OPT,300002,Foundation Maths B,20,300002T223A,
UGCSGDFF,3,Taught,,2022,,Y,US1CMP19,UGCSGD,BSc,Computer Science for Games Development with Foundation Year,0,2023/24,ST1A,Enrolment Block,2024-UGCSGDFF-3-0-ST1A,,2023-UGCSGDFF-3-0-ST1A,"Year=0 - Selections: 300008 in T1, 300014 in T1, 330113 in T2, 300031 in T2, 441190 in T12 - Electives: 20.00 available credits from 300001, 300013 in T1, 20.00 available credits from 300002, 300012 in T2",,,70,T2,Optional,3,CSTL3T2OPT,300012,Foundation Maths 2,20,300012T223A,
UGCSGDFF,3,Taught,,2022,,Y,US1CMP19,UGCSGD,BSc,Computer Science for Games Development with Foundation Year,0,2023/24,ST1A,Enrolment Block,2024-UGCSGDFF-3-0-ST1A,,2023-UGCSGDFF-3-0-ST1A,"Year=0 - Selections: 300008 in T1, 300014 in T1, 330113 in T2, 300031 in T2, 441190 in T12 - Electives: 20.00 available credits from 300001, 300013 in T1, 20.00 available credits from 300002, 300012 in T2",,,80,,Compulsory,4,441190,441190,,0,No matching MAP,
UGCSGDFF,3,Taught,,2022,,Y,US1CMP19,UGCSGD,BSc,Computer Science for Games Development with Foundation Year,1,2023/24,ST1A,Enrolment Block,2024-UGCSGDFF-3-1-ST1A,,2023-UGCSGDFF-3-1-ST1A,"Year=0 - Selections: 441101 in T12, 441104 in T2, 441105 in T1, 441102 in T2, 441108 in T1, 441187 in T12, 441190 in T12",,,10,T12,Core,4,441101,441101,Programming Portfolio,40,441101T1&222,
UGCSGDFF,3,Taught,,2022,,Y,US1CMP19,UGCSGD,BSc,Computer Science for Games Development with Foundation Year,1,2023/24,ST1A,Enrolment Block,2024-UGCSGDFF-3-1-ST1A,,2023-UGCSGDFF-3-1-ST1A,"Year=0 - Selections: 441101 in T12, 441104 in T2, 441105 in T1, 441102 in T2, 441108 in T1, 441187 in T12, 441190 in T12",,,20,T2,Compulsory,4,441104,441104,Computational Thinking,20,441104T12222,
UGCSGDFF,3,Taught,,2022,,Y,US1CMP19,UGCSGD,BSc,Computer Science for Games Development with Foundation Year,1,2023/24,ST1A,Enrolment Block,2024-UGCSGDFF-3-1-ST1A,,2023-UGCSGDFF-3-1-ST1A,"Year=0 - Selections: 441101 in T12, 441104 in T2, 441105 in T1, 441102 in T2, 441108 in T1, 441187 in T12, 441190 in T12",,,30,T1,Compulsory,4,441105,441105,Algorithms and Data Structures,20,441105T12222,
UGCSGDFF,3,Taught,,2022,,Y,US1CMP19,UGCSGD,BSc,Computer Science for Games Development with Foundation Year,1,2023/24,ST1A,Enrolment Block,2024-UGCSGDFF-3-1-ST1A,,2023-UGCSGDFF-3-1-ST1A,"Year=0 - Selections: 441101 in T12, 441104 in T2, 441105 in T1, 441102 in T2, 441108 in T1, 441187 in T12, 441190 in T12",,,40,T2,Compulsory,4,441102,441102,"Architectures, Operating Systems and the Cloud",20,441102T22222,
UGCSGDFF,3,Taught,,2022,,Y,US1CMP19,UGCSGD,BSc,Computer Science for Games Development with Foundation Year,1,2023/24,ST1A,Enrolment Block,2024-UGCSGDFF-3-1-ST1A,,2023-UGCSGDFF-3-1-ST1A,"Year=0 - Selections: 441101 in T12, 441104 in T2, 441105 in T1, 441102 in T2, 441108 in T1, 441187 in T12, 441190 in T12",,,50,T1,Compulsory,4,441108,441108,Professional Development,20,441108T22222,
UGCSGDFF,3,Taught,,2022,,Y,US1CMP19,UGCSGD,BSc,Computer Science for Games Development with Foundation Year,1,2023/24,ST1A,Enrolment Block,2024-UGCSGDFF-3-1-ST1A,,2023-UGCSGDFF-3-1-ST1A,"Year=0 - Selections: 441101 in T12, 441104 in T2, 441105 in T1, 441102 in T2, 441108 in T1, 441187 in T12, 441190 in T12",,,60,T12,Compulsory,4,441187,441187,Computer Science PASS module,0,No matching MAP,
UGCSGDFF,3,Taught,,2022,,Y,US1CMP19,UGCSGD,BSc,Computer Science for Games Development with Foundation Year,1,2023/24,ST1A,Enrolment Block,2024-UGCSGDFF-3-1-ST1A,,2023-UGCSGDFF-3-1-ST1A,"Year=0 - Selections: 441101 in T12, 441104 in T2, 441105 in T1, 441102 in T2, 441108 in T1, 441187 in T12, 441190 in T12",,,70,,Compulsory,4,441190,441190,,0,No matching MAP,
UGCSGDFF,3,Taught,,2022,,Y,US1CMP19,UGCSGD,BSc,Computer Science for Games Development with Foundation Year,2,2023/24,ST1A,Enrolment Block,2024-UGCSGDFF-3-2-ST1A,,2023-UGCSGDFF-3-2-ST1A,"Year=0 - Selections: 551462 in T12, 551455 in T1, 551459 in T1, 500083 in T2, 551461 in T2, 441190 in T12",,,10,T12,Core,5,551462,551462,Design Develop Deploy,40,551462T1222,
UGCSGDFF,3,Taught,,2022,,Y,US1CMP19,UGCSGD,BSc,Computer Science for Games Development with Foundation Year,2,2023/24,ST1A,Enrolment Block,2024-UGCSGDFF-3-2-ST1A,,2023-UGCSGDFF-3-2-ST1A,"Year=0 - Selections: 551462 in T12, 551455 in T1, 551459 in T1, 500083 in T2, 551461 in T2, 441190 in T12",,,20,T1,Compulsory,5,551455,551455,Graphics Programming and Simulation 1,20,551455T12222,
UGCSGDFF,3,Taught,,2022,,Y,US1CMP19,UGCSGD,BSc,Computer Science for Games Development with Foundation Year,2,2023/24,ST1A,Enrolment Block,2024-UGCSGDFF-3-2-ST1A,,2023-UGCSGDFF-3-2-ST1A,"Year=0 - Selections: 551462 in T12, 551455 in T1, 551459 in T1, 500083 in T2, 551461 in T2, 441190 in T12",,,30,T1,Compulsory,5,551459,551459,Artificial Intelligence for Games,20,551459T12222,
UGCSGDFF,3,Taught,,2022,,Y,US1CMP19,UGCSGD,BSc,Computer Science for Games Development with Foundation Year,2,2023/24,ST1A,Enrolment Block,2024-UGCSGDFF-3-2-ST1A,,2023-UGCSGDFF-3-2-ST1A,"Year=0 - Selections: 551462 in T12, 551455 in T1, 551459 in T1, 500083 in T2, 551461 in T2, 441190 in T12",,,40,T2,Compulsory,5,500083,500083,Advanced Programming,20,500083T22222,
UGCSGDFF,3,Taught,,2022,,Y,US1CMP19,UGCSGD,BSc,Computer Science for Games Development with Foundation Year,2,2023/24,ST1A,Enrolment Block,2024-UGCSGDFF-3-2-ST1A,,2023-UGCSGDFF-3-2-ST1A,"Year=0 - Selections: 551462 in T12, 551455 in T1, 551459 in T1, 500083 in T2, 551461 in T2, 441190 in T12",,,50,T2,Compulsory,5,551461,551461,Mixed Reality Development,20,551461T22323,
UGCSGDFF,3,Taught,,2022,,Y,US1CMP19,UGCSGD,BSc,Computer Science for Games Development with Foundation Year,2,2023/24,ST1A,Enrolment Block,2024-UGCSGDFF-3-2-ST1A,,2023-UGCSGDFF-3-2-ST1A,"Year=0 - Selections: 551462 in T12, 551455 in T1, 551459 in T1, 500083 in T2, 551461 in T2, 441190 in T12",,,60,,Compulsory,4,441190,441190,,0,No matching MAP,
UGCSGDFF,3,Taught,,2022,,Y,US1CMP19,UGCSGD,BSc,Computer Science for Games Development with Foundation Year,3,2023/24,ST1A,Enrolment Block,2024-UGCSGDFF-3-3-ST1A,,2023-UGCSGDFF-3-3-ST1A,"Year=0 - Selections: 600098 in T1, 661981 in T1, 600086 in T2, 441190 in T12, 600089 in T2 - Electives: 40.00 available credits from 600091, 662004 in T12",,,10,T12,Elective - If chosen cannot condone or compenste,6,COMP SCI L6 T12 OPTS,600091,Honours Stage Project,40,60009112222,
UGCSGDFF,3,Taught,,2022,,Y,US1CMP19,UGCSGD,BSc,Computer Science for Games Development with Foundation Year,3,2023/24,ST1A,Enrolment Block,2024-UGCSGDFF-3-3-ST1A,,2023-UGCSGDFF-3-3-ST1A,"Year=0 - Selections: 600098 in T1, 661981 in T1, 600086 in T2, 441190 in T12, 600089 in T2 - Electives: 40.00 available credits from 600091, 662004 in T12",,,10,T12,Elective - If chosen cannot condone or compenste,6,COMP SCI L6 T12 OPTS,662004,Communicating and Teaching Computing,40,6.62E+11,
UGCSGDFF,3,Taught,,2022,,Y,US1CMP19,UGCSGD,BSc,Computer Science for Games Development with Foundation Year,3,2023/24,ST1A,Enrolment Block,2024-UGCSGDFF-3-3-ST1A,,2023-UGCSGDFF-3-3-ST1A,"Year=0 - Selections: 600098 in T1, 661981 in T1, 600086 in T2, 441190 in T12, 600089 in T2 - Electives: 40.00 available credits from 600091, 662004 in T12",,,20,T1,Compulsory,6,600098,600098,Games Architecture,20,600098T12222,
UGCSGDFF,3,Taught,,2022,,Y,US1CMP19,UGCSGD,BSc,Computer Science for Games Development with Foundation Year,3,2023/24,ST1A,Enrolment Block,2024-UGCSGDFF-3-3-ST1A,,2023-UGCSGDFF-3-3-ST1A,"Year=0 - Selections: 600098 in T1, 661981 in T1, 600086 in T2, 441190 in T12, 600089 in T2 - Electives: 40.00 available credits from 600091, 662004 in T12",,,30,T1,Compulsory,6,661981,661981,Graphics Programming and Simulation 2,20,661981T12222,
UGCSGDFF,3,Taught,,2022,,Y,US1CMP19,UGCSGD,BSc,Computer Science for Games Development with Foundation Year,3,2023/24,ST1A,Enrolment Block,2024-UGCSGDFF-3-3-ST1A,,2023-UGCSGDFF-3-3-ST1A,"Year=0 - Selections: 600098 in T1, 661981 in T1, 600086 in T2, 441190 in T12, 600089 in T2 - Electives: 40.00 available credits from 600091, 662004 in T12",,,40,T2,Compulsory,6,600086,600086,Parallel and Concurrent Programming,20,600086T22222,
UGCSGDFF,3,Taught,,2022,,Y,US1CMP19,UGCSGD,BSc,Computer Science for Games Development with Foundation Year,3,2023/24,ST1A,Enrolment Block,2024-UGCSGDFF-3-3-ST1A,,2023-UGCSGDFF-3-3-ST1A,"Year=0 - Selections: 600098 in T1, 661981 in T1, 600086 in T2, 441190 in T12, 600089 in T2 - Electives: 40.00 available credits from 600091, 662004 in T12",,,60,,Compulsory,4,441190,441190,,0,No matching MAP,
UGCSGDFF,3,Taught,,2022,,Y,US1CMP19,UGCSGD,BSc,Computer Science for Games Development with Foundation Year,3,2023/24,ST1A,Enrolment Block,2024-UGCSGDFF-3-3-ST1A,,2023-UGCSGDFF-3-3-ST1A,"Year=0 - Selections: 600098 in T1, 661981 in T1, 600086 in T2, 441190 in T12, 600089 in T2 - Electives: 40.00 available credits from 600091, 662004 in T12",,,70,T2,Compulsory,6,600089,600089,Distributed Systems Programming,20,600089T22323,
UGCSGDFF,4,Taught,,2022,,Y,US2CMP19,UGCOGD,BSc,Computing (Games Development) with Foundation Year,0,2023/24,ST1A,Enrolment Block,2024-UGCSGDFF-4-0-ST1A,,2023-UGCSGDFF-4-0-ST1A,"Year=0 - Selections: 300008 in T1, 300014 in T1, 300031 in T2, 330113 in T2 - Electives: 20.00 available credits from 300001, 300013 in T1, 20.00 available credits from 300002, 300012 in T2",,,10,T1,Core,3,300008,300008,Preparing for Learning in Higher Education,20,300008T12323,
UGCSGDFF,4,Taught,,2022,,Y,US2CMP19,UGCOGD,BSc,Computing (Games Development) with Foundation Year,0,2023/24,ST1A,Enrolment Block,2024-UGCSGDFF-4-0-ST1A,,2023-UGCSGDFF-4-0-ST1A,"Year=0 - Selections: 300008 in T1, 300014 in T1, 300031 in T2, 330113 in T2 - Electives: 20.00 available credits from 300001, 300013 in T1, 20.00 available credits from 300002, 300012 in T2",,,30,T1,Core,3,300014,300014,Introduction to Computing,20,300014T12323,
UGCSGDFF,4,Taught,,2022,,Y,US2CMP19,UGCOGD,BSc,Computing (Games Development) with Foundation Year,0,2023/24,ST1A,Enrolment Block,2024-UGCSGDFF-4-0-ST1A,,2023-UGCSGDFF-4-0-ST1A,"Year=0 - Selections: 300008 in T1, 300014 in T1, 300031 in T2, 330113 in T2 - Electives: 20.00 available credits from 300001, 300013 in T1, 20.00 available credits from 300002, 300012 in T2",,,40,T2,Compulsory,3,330113,330113,Group Challenge,20,330113T22121,
UGCSGDFF,4,Taught,,2022,,Y,US2CMP19,UGCOGD,BSc,Computing (Games Development) with Foundation Year,0,2023/24,ST1A,Enrolment Block,2024-UGCSGDFF-4-0-ST1A,,2023-UGCSGDFF-4-0-ST1A,"Year=0 - Selections: 300008 in T1, 300014 in T1, 300031 in T2, 330113 in T2 - Electives: 20.00 available credits from 300001, 300013 in T1, 20.00 available credits from 300002, 300012 in T2",,,50,T2,Core,3,300031,300031,Foundation in Data Analysis,20,300031A2323,
UGCSGDFF,4,Taught,,2022,,Y,US2CMP19,UGCOGD,BSc,Computing (Games Development) with Foundation Year,0,2023/24,ST1A,Enrolment Block,2024-UGCSGDFF-4-0-ST1A,,2023-UGCSGDFF-4-0-ST1A,"Year=0 - Selections: 300008 in T1, 300014 in T1, 300031 in T2, 330113 in T2 - Electives: 20.00 available credits from 300001, 300013 in T1, 20.00 available credits from 300002, 300012 in T2",,,60,T1,Optional,3,CSTL3T1OPT,300001,Foundation Maths A,20,300001T123A,
UGCSGDFF,4,Taught,,2022,,Y,US2CMP19,UGCOGD,BSc,Computing (Games Development) with Foundation Year,0,2023/24,ST1A,Enrolment Block,2024-UGCSGDFF-4-0-ST1A,,2023-UGCSGDFF-4-0-ST1A,"Year=0 - Selections: 300008 in T1, 300014 in T1, 300031 in T2, 330113 in T2 - Electives: 20.00 available credits from 300001, 300013 in T1, 20.00 available credits from 300002, 300012 in T2",,,60,T1,Optional,3,CSTL3T1OPT,300013,Foundation Maths 1,20,300013T123A,
UGCSGDFF,4,Taught,,2022,,Y,US2CMP19,UGCOGD,BSc,Computing (Games Development) with Foundation Year,0,2023/24,ST1A,Enrolment Block,2024-UGCSGDFF-4-0-ST1A,,2023-UGCSGDFF-4-0-ST1A,"Year=0 - Selections: 300008 in T1, 300014 in T1, 300031 in T2, 330113 in T2 - Electives: 20.00 available credits from 300001, 300013 in T1, 20.00 available credits from 300002, 300012 in T2",,,70,T2,Optional,3,CSTL3T2OPT,300002,Foundation Maths B,20,300002T223A,
UGCSGDFF,4,Taught,,2022,,Y,US2CMP19,UGCOGD,BSc,Computing (Games Development) with Foundation Year,0,2023/24,ST1A,Enrolment Block,2024-UGCSGDFF-4-0-ST1A,,2023-UGCSGDFF-4-0-ST1A,"Year=0 - Selections: 300008 in T1, 300014 in T1, 300031 in T2, 330113 in T2 - Electives: 20.00 available credits from 300001, 300013 in T1, 20.00 available credits from 300002, 300012 in T2",,,70,T2,Optional,3,CSTL3T2OPT,300012,Foundation Maths 2,20,300012T223A,
UGCSGDFF,4,Taught,,2022,,Y,US2CMP19,UGCOGD,BSc,Computing (Games Development) with Foundation Year,1,2023/24,ST1A,Enrolment Block,2024-UGCSGDFF-4-1-ST1A,,2023-UGCSGDFF-4-1-ST1A,,,,10,T12,Core,4,441101,441101,Programming Portfolio,40,441101T1&222,
UGCSGDFF,4,Taught,,2022,,Y,US2CMP19,UGCOGD,BSc,Computing (Games Development) with Foundation Year,1,2023/24,ST1A,Enrolment Block,2024-UGCSGDFF-4-1-ST1A,,2023-UGCSGDFF-4-1-ST1A,,,,20,T2,Compulsory,4,441104,441104,Computational Thinking,20,441104T12222,
UGCSGDFF,4,Taught,,2022,,Y,US2CMP19,UGCOGD,BSc,Computing (Games Development) with Foundation Year,1,2023/24,ST1A,Enrolment Block,2024-UGCSGDFF-4-1-ST1A,,2023-UGCSGDFF-4-1-ST1A,,,,30,T1,Compulsory,4,441105,441105,Algorithms and Data Structures,20,441105T12222,
UGCSGDFF,4,Taught,,2022,,Y,US2CMP19,UGCOGD,BSc,Computing (Games Development) with Foundation Year,1,2023/24,ST1A,Enrolment Block,2024-UGCSGDFF-4-1-ST1A,,2023-UGCSGDFF-4-1-ST1A,,,,40,T2,Compulsory,4,441102,441102,"Architectures, Operating Systems and the Cloud",20,441102T22222,
UGCSGDFF,4,Taught,,2022,,Y,US2CMP19,UGCOGD,BSc,Computing (Games Development) with Foundation Year,1,2023/24,ST1A,Enrolment Block,2024-UGCSGDFF-4-1-ST1A,,2023-UGCSGDFF-4-1-ST1A,,,,50,T1,Compulsory,4,441108,441108,Professional Development,20,441108T22222,
UGCSGDFF,4,Taught,,2022,,Y,US2CMP19,UGCOGD,BSc,Computing (Games Development) with Foundation Year,2,2023/24,ST1A,Enrolment Block,2024-UGCSGDFF-4-2-ST1A,,2023-UGCSGDFF-4-2-ST1A,"Year=0 - Selections: 551462 in T12, 551455 in T1, 551459 in T1, 500083 in T2, 551461 in T2, 441190 in T12",,,10,T12,Core,5,551462,551462,Design Develop Deploy,40,551462T1222,
UGCSGDFF,4,Taught,,2022,,Y,US2CMP19,UGCOGD,BSc,Computing (Games Development) with Foundation Year,2,2023/24,ST1A,Enrolment Block,2024-UGCSGDFF-4-2-ST1A,,2023-UGCSGDFF-4-2-ST1A,"Year=0 - Selections: 551462 in T12, 551455 in T1, 551459 in T1, 500083 in T2, 551461 in T2, 441190 in T12",,,20,T1,Compulsory,5,551455,551455,Graphics Programming and Simulation 1,20,551455T12222,
UGCSGDFF,4,Taught,,2022,,Y,US2CMP19,UGCOGD,BSc,Computing (Games Development) with Foundation Year,2,2023/24,ST1A,Enrolment Block,2024-UGCSGDFF-4-2-ST1A,,2023-UGCSGDFF-4-2-ST1A,"Year=0 - Selections: 551462 in T12, 551455 in T1, 551459 in T1, 500083 in T2, 551461 in T2, 441190 in T12",,,30,T1,Compulsory,5,551459,551459,Artificial Intelligence for Games,20,551459T12222,
UGCSGDFF,4,Taught,,2022,,Y,US2CMP19,UGCOGD,BSc,Computing (Games Development) with Foundation Year,2,2023/24,ST1A,Enrolment Block,2024-UGCSGDFF-4-2-ST1A,,2023-UGCSGDFF-4-2-ST1A,"Year=0 - Selections: 551462 in T12, 551455 in T1, 551459 in T1, 500083 in T2, 551461 in T2, 441190 in T12",,,40,T2,Compulsory,5,500083,500083,Advanced Programming,20,500083T22222,
UGCSGDFF,4,Taught,,2022,,Y,US2CMP19,UGCOGD,BSc,Computing (Games Development) with Foundation Year,2,2023/24,ST1A,Enrolment Block,2024-UGCSGDFF-4-2-ST1A,,2023-UGCSGDFF-4-2-ST1A,"Year=0 - Selections: 551462 in T12, 551455 in T1, 551459 in T1, 500083 in T2, 551461 in T2, 441190 in T12",,,50,T2,Compulsory,5,551461,551461,Mixed Reality Development,20,551461T22323,
UGCSGDFF,4,Taught,,2022,,Y,US2CMP19,UGCOGD,BSc,Computing (Games Development) with Foundation Year,2,2023/24,ST1A,Enrolment Block,2024-UGCSGDFF-4-2-ST1A,,2023-UGCSGDFF-4-2-ST1A,"Year=0 - Selections: 551462 in T12, 551455 in T1, 551459 in T1, 500083 in T2, 551461 in T2, 441190 in T12",,,60,,Compulsory,4,441190,441190,,0,No matching MAP,
UGCSGDFF,4,Taught,,2022,,Y,US2CMP19,UGCOGD,BSc,Computing (Games Development) with Foundation Year,3,2023/24,ST1A,Enrolment Block,2024-UGCSGDFF-4-3-ST1A,,2023-UGCSGDFF-4-3-ST1A,"Year=0 - Selections: 600098 in T1, 661981 in T1, 600086 in T2, 441190 in T12, 600089 in T2 - Electives: 40.00 available credits from 600091, 662004 in T12",,,10,T12,Elective - If chosen cannot condone or compenste,6,COMP SCI L6 T12 OPTS,600091,Honours Stage Project,40,60009112222,
UGCSGDFF,4,Taught,,2022,,Y,US2CMP19,UGCOGD,BSc,Computing (Games Development) with Foundation Year,3,2023/24,ST1A,Enrolment Block,2024-UGCSGDFF-4-3-ST1A,,2023-UGCSGDFF-4-3-ST1A,"Year=0 - Selections: 600098 in T1, 661981 in T1, 600086 in T2, 441190 in T12, 600089 in T2 - Electives: 40.00 available credits from 600091, 662004 in T12",,,10,T12,Elective - If chosen cannot condone or compenste,6,COMP SCI L6 T12 OPTS,662004,Communicating and Teaching Computing,40,6.62E+11,
UGCSGDFF,4,Taught,,2022,,Y,US2CMP19,UGCOGD,BSc,Computing (Games Development) with Foundation Year,3,2023/24,ST1A,Enrolment Block,2024-UGCSGDFF-4-3-ST1A,,2023-UGCSGDFF-4-3-ST1A,"Year=0 - Selections: 600098 in T1, 661981 in T1, 600086 in T2, 441190 in T12, 600089 in T2 - Electives: 40.00 available credits from 600091, 662004 in T12",,,20,T1,Compulsory,6,600098,600098,Games Architecture,20,600098T12222,
UGCSGDFF,4,Taught,,2022,,Y,US2CMP19,UGCOGD,BSc,Computing (Games Development) with Foundation Year,3,2023/24,ST1A,Enrolment Block,2024-UGCSGDFF-4-3-ST1A,,2023-UGCSGDFF-4-3-ST1A,"Year=0 - Selections: 600098 in T1, 661981 in T1, 600086 in T2, 441190 in T12, 600089 in T2 - Electives: 40.00 available credits from 600091, 662004 in T12",,,30,T1,Compulsory,6,661981,661981,Graphics Programming and Simulation 2,20,661981T12222,
UGCSGDFF,4,Taught,,2022,,Y,US2CMP19,UGCOGD,BSc,Computing (Games Development) with Foundation Year,3,2023/24,ST1A,Enrolment Block,2024-UGCSGDFF-4-3-ST1A,,2023-UGCSGDFF-4-3-ST1A,"Year=0 - Selections: 600098 in T1, 661981 in T1, 600086 in T2, 441190 in T12, 600089 in T2 - Electives: 40.00 available credits from 600091, 662004 in T12",,,40,T2,Compulsory,6,600086,600086,Parallel and Concurrent Programming,20,600086T22222,
UGCSGDFF,4,Taught,,2022,,Y,US2CMP19,UGCOGD,BSc,Computing (Games Development) with Foundation Year,3,2023/24,ST1A,Enrolment Block,2024-UGCSGDFF-4-3-ST1A,,2023-UGCSGDFF-4-3-ST1A,"Year=0 - Selections: 600098 in T1, 661981 in T1, 600086 in T2, 441190 in T12, 600089 in T2 - Electives: 40.00 available credits from 600091, 662004 in T12",,,60,,Compulsory,4,441190,441190,,0,No matching MAP,
UGCSGDFF,4,Taught,,2022,,Y,US2CMP19,UGCOGD,BSc,Computing (Games Development) with Foundation Year,3,2023/24,ST1A,Enrolment Block,2024-UGCSGDFF-4-3-ST1A,,2023-UGCSGDFF-4-3-ST1A,"Year=0 - Selections: 600098 in T1, 661981 in T1, 600086 in T2, 441190 in T12, 600089 in T2 - Electives: 40.00 available credits from 600091, 662004 in T12",,,70,T2,Compulsory,6,600089,600089,Distributed Systems Programming,20,600089T22323,
UGCSGDFF,5,Taught,,2023,,,US1CMP19,UGCSGP,BSc,Computer Science for Games Programming with Foundation Year,0,2023/24,ST1A,Enrolment Block,2024-UGCSGDFF-5-0-ST1A,,2023-UGCSGDFF-5-0-ST1A,"Year=0 - Selections: 300008 in T1, 300014 in T1, 330113 in T2, 300031 in T2, 441190 in T12, 330120 in T2 - Electives: 20.00 available credits from 300001, 300013 in T1, 20.00 available credits from 300002, 300012 in T2",,,10,T1,Core,3,300008,300008,Preparing for Learning in Higher Education,20,300008T12323,
UGCSGDFF,5,Taught,,2023,,,US1CMP19,UGCSGP,BSc,Computer Science for Games Programming with Foundation Year,0,2023/24,ST1A,Enrolment Block,2024-UGCSGDFF-5-0-ST1A,,2023-UGCSGDFF-5-0-ST1A,"Year=0 - Selections: 300008 in T1, 300014 in T1, 330113 in T2, 300031 in T2, 441190 in T12, 330120 in T2 - Electives: 20.00 available credits from 300001, 300013 in T1, 20.00 available credits from 300002, 300012 in T2",,,30,T1,Core,3,300014,300014,Introduction to Computing,20,300014T12323,
UGCSGDFF,5,Taught,,2023,,,US1CMP19,UGCSGP,BSc,Computer Science for Games Programming with Foundation Year,0,2023/24,ST1A,Enrolment Block,2024-UGCSGDFF-5-0-ST1A,,2023-UGCSGDFF-5-0-ST1A,"Year=0 - Selections: 300008 in T1, 300014 in T1, 330113 in T2, 300031 in T2, 441190 in T12, 330120 in T2 - Electives: 20.00 available credits from 300001, 300013 in T1, 20.00 available credits from 300002, 300012 in T2",,,40,T2,Core,3,330113,330113,Group Challenge,20,330113T22121,
UGCSGDFF,5,Taught,,2023,,,US1CMP19,UGCSGP,BSc,Computer Science for Games Programming with Foundation Year,0,2023/24,ST1A,Enrolment Block,2024-UGCSGDFF-5-0-ST1A,,2023-UGCSGDFF-5-0-ST1A,"Year=0 - Selections: 300008 in T1, 300014 in T1, 330113 in T2, 300031 in T2, 441190 in T12, 330120 in T2 - Electives: 20.00 available credits from 300001, 300013 in T1, 20.00 available credits from 300002, 300012 in T2",,,60,T2,Compulsory,3,300031,300031,Foundation in Data Analysis,20,300031A2323,
UGCSGDFF,5,Taught,,2023,,,US1CMP19,UGCSGP,BSc,Computer Science for Games Programming with Foundation Year,0,2023/24,ST1A,Enrolment Block,2024-UGCSGDFF-5-0-ST1A,,2023-UGCSGDFF-5-0-ST1A,"Year=0 - Selections: 300008 in T1, 300014 in T1, 330113 in T2, 300031 in T2, 441190 in T12, 330120 in T2 - Electives: 20.00 available credits from 300001, 300013 in T1, 20.00 available credits from 300002, 300012 in T2",,,70,T1,Elective - If chosen cannot condone or compenste,3,CSTL3T1OPT,300001,Foundation Maths A,20,300001T123A,
UGCSGDFF,5,Taught,,2023,,,US1CMP19,UGCSGP,BSc,Computer Science for Games Programming with Foundation Year,0,2023/24,ST1A,Enrolment Block,2024-UGCSGDFF-5-0-ST1A,,2023-UGCSGDFF-5-0-ST1A,"Year=0 - Selections: 300008 in T1, 300014 in T1, 330113 in T2, 300031 in T2, 441190 in T12, 330120 in T2 - Electives: 20.00 available credits from 300001, 300013 in T1, 20.00 available credits from 300002, 300012 in T2",,,70,T1,Elective - If chosen cannot condone or compenste,3,CSTL3T1OPT,300013,Foundation Maths 1,20,300013T123A,
UGCSGDFF,5,Taught,,2023,,,US1CMP19,UGCSGP,BSc,Computer Science for Games Programming with Foundation Year,0,2023/24,ST1A,Enrolment Block,2024-UGCSGDFF-5-0-ST1A,,2023-UGCSGDFF-5-0-ST1A,"Year=0 - Selections: 300008 in T1, 300014 in T1, 330113 in T2, 300031 in T2, 441190 in T12, 330120 in T2 - Electives: 20.00 available credits from 300001, 300013 in T1, 20.00 available credits from 300002, 300012 in T2",,,80,T2,Elective - If chosen cannot condone or compenste,3,CSTL3T2OPT,300002,Foundation Maths B,20,300002T223A,
UGCSGDFF,5,Taught,,2023,,,US1CMP19,UGCSGP,BSc,Computer Science for Games Programming with Foundation Year,0,2023/24,ST1A,Enrolment Block,2024-UGCSGDFF-5-0-ST1A,,2023-UGCSGDFF-5-0-ST1A,"Year=0 - Selections: 300008 in T1, 300014 in T1, 330113 in T2, 300031 in T2, 441190 in T12, 330120 in T2 - Electives: 20.00 available credits from 300001, 300013 in T1, 20.00 available credits from 300002, 300012 in T2",,,80,T2,Elective - If chosen cannot condone or compenste,3,CSTL3T2OPT,300012,Foundation Maths 2,20,300012T223A,
UGCSGDFF,5,Taught,,2023,,,US1CMP19,UGCSGP,BSc,Computer Science for Games Programming with Foundation Year,0,2023/24,ST1A,Enrolment Block,2024-UGCSGDFF-5-0-ST1A,,2023-UGCSGDFF-5-0-ST1A,"Year=0 - Selections: 300008 in T1, 300014 in T1, 330113 in T2, 300031 in T2, 441190 in T12, 330120 in T2 - Electives: 20.00 available credits from 300001, 300013 in T1, 20.00 available credits from 300002, 300012 in T2",,,90,,Compulsory,4,441190,441190,,0,No matching MAP,
UGCSGDFF,5,Taught,,2023,,,US1CMP19,UGCSGP,BSc,Computer Science for Games Programming with Foundation Year,0,2023/24,ST1A,Enrolment Block,2024-UGCSGDFF-5-0-ST1A,,2023-UGCSGDFF-5-0-ST1A,"Year=0 - Selections: 300008 in T1, 300014 in T1, 330113 in T2, 300031 in T2, 441190 in T12, 330120 in T2 - Electives: 20.00 available credits from 300001, 300013 in T1, 20.00 available credits from 300002, 300012 in T2",,,100,,Compulsory,3,330120,330120,,0,No matching MAP,
UGCSGDFF,5,Taught,,2023,,,US1CMP19,UGCSGP,BSc,Computer Science for Games Programming with Foundation Year,1,2023/24,ST1A,Enrolment Block,2024-UGCSGDFF-5-1-ST1A,,2023-UGCSGDFF-5-1-ST1A,"Year=0 - Selections: 441101 in T12, 441104 in T2, 441105 in T1, 441102 in T2, 441108 in T1, 441187 in T12, 441190 in T12",,,10,T12,Core,4,441101,441101,Programming Portfolio,40,441101T1&222,
UGCSGDFF,5,Taught,,2023,,,US1CMP19,UGCSGP,BSc,Computer Science for Games Programming with Foundation Year,1,2023/24,ST1A,Enrolment Block,2024-UGCSGDFF-5-1-ST1A,,2023-UGCSGDFF-5-1-ST1A,"Year=0 - Selections: 441101 in T12, 441104 in T2, 441105 in T1, 441102 in T2, 441108 in T1, 441187 in T12, 441190 in T12",,,20,T2,Compulsory,4,441104,441104,Computational Thinking,20,441104T12222,
UGCSGDFF,5,Taught,,2023,,,US1CMP19,UGCSGP,BSc,Computer Science for Games Programming with Foundation Year,1,2023/24,ST1A,Enrolment Block,2024-UGCSGDFF-5-1-ST1A,,2023-UGCSGDFF-5-1-ST1A,"Year=0 - Selections: 441101 in T12, 441104 in T2, 441105 in T1, 441102 in T2, 441108 in T1, 441187 in T12, 441190 in T12",,,30,T1,Compulsory,4,441105,441105,Algorithms and Data Structures,20,441105T12222,
UGCSGDFF,5,Taught,,2023,,,US1CMP19,UGCSGP,BSc,Computer Science for Games Programming with Foundation Year,1,2023/24,ST1A,Enrolment Block,2024-UGCSGDFF-5-1-ST1A,,2023-UGCSGDFF-5-1-ST1A,"Year=0 - Selections: 441101 in T12, 441104 in T2, 441105 in T1, 441102 in T2, 441108 in T1, 441187 in T12, 441190 in T12",,,40,T2,Compulsory,4,441102,441102,"Architectures, Operating Systems and the Cloud",20,441102T22222,
UGCSGDFF,5,Taught,,2023,,,US1CMP19,UGCSGP,BSc,Computer Science for Games Programming with Foundation Year,1,2023/24,ST1A,Enrolment Block,2024-UGCSGDFF-5-1-ST1A,,2023-UGCSGDFF-5-1-ST1A,"Year=0 - Selections: 441101 in T12, 441104 in T2, 441105 in T1, 441102 in T2, 441108 in T1, 441187 in T12, 441190 in T12",,,50,T1,Compulsory,4,441108,441108,Professional Development,20,441108T22222,
UGCSGDFF,5,Taught,,2023,,,US1CMP19,UGCSGP,BSc,Computer Science for Games Programming with Foundation Year,1,2023/24,ST1A,Enrolment Block,2024-UGCSGDFF-5-1-ST1A,,2023-UGCSGDFF-5-1-ST1A,"Year=0 - Selections: 441101 in T12, 441104 in T2, 441105 in T1, 441102 in T2, 441108 in T1, 441187 in T12, 441190 in T12",,,60,T12,Compulsory,4,441187,441187,Computer Science PASS module,0,No matching MAP,
UGCSGDFF,5,Taught,,2023,,,US1CMP19,UGCSGP,BSc,Computer Science for Games Programming with Foundation Year,1,2023/24,ST1A,Enrolment Block,2024-UGCSGDFF-5-1-ST1A,,2023-UGCSGDFF-5-1-ST1A,"Year=0 - Selections: 441101 in T12, 441104 in T2, 441105 in T1, 441102 in T2, 441108 in T1, 441187 in T12, 441190 in T12",,,70,,Compulsory,4,441190,441190,,0,No matching MAP,
UGCSGDFF,5,Taught,,2023,,,US1CMP19,UGCSGP,BSc,Computer Science for Games Programming with Foundation Year,2,2023/24,ST1A,Enrolment Block,2024-UGCSGDFF-5-2-ST1A,,,,No 2023* diet for this VCO/CBO,,,,,,,,,,No matching MAP,
UGCSGDFF,5,Taught,,2023,,,US1CMP19,UGCSGP,BSc,Computer Science for Games Programming with Foundation Year,3,2023/24,ST1A,Enrolment Block,,No Online diet for this VCO/CBO,,,No 2023* diet for this VCO/CBO,,,,,,,,,,No matching MAP,
UGCSGDFF,6,Taught,,2023,,,US2CMP19,UGCGPR,BSc,Computing (Games Programming),0,2023/24,ST1A,Enrolment Block,2024-UGCSGDFF-6-0-ST1A,,2023-UGCSGDFF-6-0-ST1A,"Year=0 - Selections: 300008 in T1, 300014 in T1, 330113 in T2, 300031 in T2 - Electives: 20.00 available credits from 300001, 300013 in T1, 20.00 available credits from 300002, 300012 in T2",,,10,T1,Core,3,300008,300008,Preparing for Learning in Higher Education,20,300008T12323,
UGCSGDFF,6,Taught,,2023,,,US2CMP19,UGCGPR,BSc,Computing (Games Programming),0,2023/24,ST1A,Enrolment Block,2024-UGCSGDFF-6-0-ST1A,,2023-UGCSGDFF-6-0-ST1A,"Year=0 - Selections: 300008 in T1, 300014 in T1, 330113 in T2, 300031 in T2 - Electives: 20.00 available credits from 300001, 300013 in T1, 20.00 available credits from 300002, 300012 in T2",,,30,T1,Core,3,300014,300014,Introduction to Computing,20,300014T12323,
UGCSGDFF,6,Taught,,2023,,,US2CMP19,UGCGPR,BSc,Computing (Games Programming),0,2023/24,ST1A,Enrolment Block,2024-UGCSGDFF-6-0-ST1A,,2023-UGCSGDFF-6-0-ST1A,"Year=0 - Selections: 300008 in T1, 300014 in T1, 330113 in T2, 300031 in T2 - Electives: 20.00 available credits from 300001, 300013 in T1, 20.00 available credits from 300002, 300012 in T2",,,40,T2,Core,3,330113,330113,Group Challenge,20,330113T22121,
UGCSGDFF,6,Taught,,2023,,,US2CMP19,UGCGPR,BSc,Computing (Games Programming),0,2023/24,ST1A,Enrolment Block,2024-UGCSGDFF-6-0-ST1A,,2023-UGCSGDFF-6-0-ST1A,"Year=0 - Selections: 300008 in T1, 300014 in T1, 330113 in T2, 300031 in T2 - Electives: 20.00 available credits from 300001, 300013 in T1, 20.00 available credits from 300002, 300012 in T2",,,60,T2,Compulsory,3,300031,300031,Foundation in Data Analysis,20,300031A2323,
UGCSGDFF,6,Taught,,2023,,,US2CMP19,UGCGPR,BSc,Computing (Games Programming),0,2023/24,ST1A,Enrolment Block,2024-UGCSGDFF-6-0-ST1A,,2023-UGCSGDFF-6-0-ST1A,"Year=0 - Selections: 300008 in T1, 300014 in T1, 330113 in T2, 300031 in T2 - Electives: 20.00 available credits from 300001, 300013 in T1, 20.00 available credits from 300002, 300012 in T2",,,70,T1,Elective - If chosen cannot condone or compenste,3,CSTL3T1OPT,300001,Foundation Maths A,20,300001T123A,
UGCSGDFF,6,Taught,,2023,,,US2CMP19,UGCGPR,BSc,Computing (Games Programming),0,2023/24,ST1A,Enrolment Block,2024-UGCSGDFF-6-0-ST1A,,2023-UGCSGDFF-6-0-ST1A,"Year=0 - Selections: 300008 in T1, 300014 in T1, 330113 in T2, 300031 in T2 - Electives: 20.00 available credits from 300001, 300013 in T1, 20.00 available credits from 300002, 300012 in T2",,,70,T1,Elective - If chosen cannot condone or compenste,3,CSTL3T1OPT,300013,Foundation Maths 1,20,300013T123A,
UGCSGDFF,6,Taught,,2023,,,US2CMP19,UGCGPR,BSc,Computing (Games Programming),0,2023/24,ST1A,Enrolment Block,2024-UGCSGDFF-6-0-ST1A,,2023-UGCSGDFF-6-0-ST1A,"Year=0 - Selections: 300008 in T1, 300014 in T1, 330113 in T2, 300031 in T2 - Electives: 20.00 available credits from 300001, 300013 in T1, 20.00 available credits from 300002, 300012 in T2",,,80,T2,Elective - If chosen cannot condone or compenste,3,CSTL3T2OPT,300002,Foundation Maths B,20,300002T223A,
UGCSGDFF,6,Taught,,2023,,,US2CMP19,UGCGPR,BSc,Computing (Games Programming),0,2023/24,ST1A,Enrolment Block,2024-UGCSGDFF-6-0-ST1A,,2023-UGCSGDFF-6-0-ST1A,"Year=0 - Selections: 300008 in T1, 300014 in T1, 330113 in T2, 300031 in T2 - Electives: 20.00 available credits from 300001, 300013 in T1, 20.00 available credits from 300002, 300012 in T2",,,80,T2,Elective - If chosen cannot condone or compenste,3,CSTL3T2OPT,300012,Foundation Maths 2,20,300012T223A,
UGCSGDFF,6,Taught,,2023,,,US2CMP19,UGCGPR,BSc,Computing (Games Programming),1,2023/24,ST1A,Enrolment Block,2024-UGCSGDFF-6-1-ST1A,,2023-UGCSGDFF-6-1-ST1A,,,,10,T12,Core,4,441101,441101,Programming Portfolio,40,441101T1&222,
UGCSGDFF,6,Taught,,2023,,,US2CMP19,UGCGPR,BSc,Computing (Games Programming),1,2023/24,ST1A,Enrolment Block,2024-UGCSGDFF-6-1-ST1A,,2023-UGCSGDFF-6-1-ST1A,,,,20,T2,Compulsory,4,441104,441104,Computational Thinking,20,441104T12222,
UGCSGDFF,6,Taught,,2023,,,US2CMP19,UGCGPR,BSc,Computing (Games Programming),1,2023/24,ST1A,Enrolment Block,2024-UGCSGDFF-6-1-ST1A,,2023-UGCSGDFF-6-1-ST1A,,,,30,T1,Compulsory,4,441105,441105,Algorithms and Data Structures,20,441105T12222,
UGCSGDFF,6,Taught,,2023,,,US2CMP19,UGCGPR,BSc,Computing (Games Programming),1,2023/24,ST1A,Enrolment Block,2024-UGCSGDFF-6-1-ST1A,,2023-UGCSGDFF-6-1-ST1A,,,,40,T2,Compulsory,4,441102,441102,"Architectures, Operating Systems and the Cloud",20,441102T22222,
UGCSGDFF,6,Taught,,2023,,,US2CMP19,UGCGPR,BSc,Computing (Games Programming),1,2023/24,ST1A,Enrolment Block,2024-UGCSGDFF-6-1-ST1A,,2023-UGCSGDFF-6-1-ST1A,,,,50,T1,Compulsory,4,441108,441108,Professional Development,20,441108T22222,
UGCSGDFF,6,Taught,,2023,,,US2CMP19,UGCGPR,BSc,Computing (Games Programming),2,2023/24,ST1A,Enrolment Block,2024-UGCSGDFF-6-2-ST1A,,,,No 2023* diet for this VCO/CBO,,,,,,,,,,No matching MAP,
UGCSGDFF,6,Taught,,2023,,,US2CMP19,UGCGPR,BSc,Computing (Games Programming),3,2023/24,ST1A,Enrolment Block,,No Online diet for this VCO/CBO,,,No 2023* diet for this VCO/CBO,,,,,,,,,,No matching MAP,
UGCSGDMF,1,Taught,,,2024,Y,MS1MNG16,UGCSGD,MEng,Computer Science for Games Development,1,2023/24,ST1A,Enrolment Block,2024-UGCSGDMF-1-1-ST1A,,2023-UGCSGDMF-1-1-ST1A,"Year=0 - Selections: 441104 in T1, 441105 in T1, 441101 in T12, 441102 in T2, 441108 in T2",,,1,T12,Core,4,441101,441101,Programming Portfolio,40,441101T1&222,
UGCSGDMF,1,Taught,,,2024,Y,MS1MNG16,UGCSGD,MEng,Computer Science for Games Development,1,2023/24,ST1A,Enrolment Block,2024-UGCSGDMF-1-1-ST1A,,2023-UGCSGDMF-1-1-ST1A,"Year=0 - Selections: 441104 in T1, 441105 in T1, 441101 in T12, 441102 in T2, 441108 in T2",,,11,,Compulsory,4,441104,441104,,20,No matching MAP,
UGCSGDMF,1,Taught,,,2024,Y,MS1MNG16,UGCSGD,MEng,Computer Science for Games Development,1,2023/24,ST1A,Enrolment Block,2024-UGCSGDMF-1-1-ST1A,,2023-UGCSGDMF-1-1-ST1A,"Year=0 - Selections: 441104 in T1, 441105 in T1, 441101 in T12, 441102 in T2, 441108 in T2",,,31,T1,Compulsory,4,441105,441105,Algorithms and Data Structures,20,441105T12222,
UGCSGDMF,1,Taught,,,2024,Y,MS1MNG16,UGCSGD,MEng,Computer Science for Games Development,1,2023/24,ST1A,Enrolment Block,2024-UGCSGDMF-1-1-ST1A,,2023-UGCSGDMF-1-1-ST1A,"Year=0 - Selections: 441104 in T1, 441105 in T1, 441101 in T12, 441102 in T2, 441108 in T2",,,41,T2,Compulsory,4,441102,441102,"Architectures, Operating Systems and the Cloud",20,441102T22222,
UGCSGDMF,1,Taught,,,2024,Y,MS1MNG16,UGCSGD,MEng,Computer Science for Games Development,1,2023/24,ST1A,Enrolment Block,2024-UGCSGDMF-1-1-ST1A,,2023-UGCSGDMF-1-1-ST1A,"Year=0 - Selections: 441104 in T1, 441105 in T1, 441101 in T12, 441102 in T2, 441108 in T2",,,61,,Compulsory,4,441108,441108,,20,No matching MAP,
UGCSGDMF,1,Taught,,,2024,Y,MS1MNG16,UGCSGD,MEng,Computer Science for Games Development,2,2023/24,ST1A,Enrolment Block,2024-UGCSGDMF-1-2-ST1A,,2023-UGCSGDMF-1-2-ST1A,"Year=0 - Selections: 500084 in T1, 500085 in T1, 500086 in T1, 500079 in T2, 500081 in T2, 500083 in T2",,,1,,Compulsory,5,500084,500084,,20,No matching MAP,
UGCSGDMF,1,Taught,,,2024,Y,MS1MNG16,UGCSGD,MEng,Computer Science for Games Development,2,2023/24,ST1A,Enrolment Block,2024-UGCSGDMF-1-2-ST1A,,2023-UGCSGDMF-1-2-ST1A,"Year=0 - Selections: 500084 in T1, 500085 in T1, 500086 in T1, 500079 in T2, 500081 in T2, 500083 in T2",,,11,,Compulsory,5,500085,500085,,20,No matching MAP,
UGCSGDMF,1,Taught,,,2024,Y,MS1MNG16,UGCSGD,MEng,Computer Science for Games Development,2,2023/24,ST1A,Enrolment Block,2024-UGCSGDMF-1-2-ST1A,,2023-UGCSGDMF-1-2-ST1A,"Year=0 - Selections: 500084 in T1, 500085 in T1, 500086 in T1, 500079 in T2, 500081 in T2, 500083 in T2",,,21,,Compulsory,5,500086,500086,,20,No matching MAP,
UGCSGDMF,1,Taught,,,2024,Y,MS1MNG16,UGCSGD,MEng,Computer Science for Games Development,2,2023/24,ST1A,Enrolment Block,2024-UGCSGDMF-1-2-ST1A,,2023-UGCSGDMF-1-2-ST1A,"Year=0 - Selections: 500084 in T1, 500085 in T1, 500086 in T1, 500079 in T2, 500081 in T2, 500083 in T2",,,31,,Compulsory,5,500079,500079,,20,No matching MAP,
UGCSGDMF,1,Taught,,,2024,Y,MS1MNG16,UGCSGD,MEng,Computer Science for Games Development,2,2023/24,ST1A,Enrolment Block,2024-UGCSGDMF-1-2-ST1A,,2023-UGCSGDMF-1-2-ST1A,"Year=0 - Selections: 500084 in T1, 500085 in T1, 500086 in T1, 500079 in T2, 500081 in T2, 500083 in T2",,,41,,Compulsory,5,500081,500081,,20,No matching MAP,
UGCSGDMF,1,Taught,,,2024,Y,MS1MNG16,UGCSGD,MEng,Computer Science for Games Development,2,2023/24,ST1A,Enrolment Block,2024-UGCSGDMF-1-2-ST1A,,2023-UGCSGDMF-1-2-ST1A,"Year=0 - Selections: 500084 in T1, 500085 in T1, 500086 in T1, 500079 in T2, 500081 in T2, 500083 in T2",,,51,T2,Compulsory,5,500083,500083,Advanced Programming,20,500083T22222,
UGCSGDMF,1,Taught,,,2024,Y,MS1MNG16,UGCSGD,MEng,Computer Science for Games Development,3,2023/24,ST1A,Enrolment Block,2024-UGCSGDMF-1-3-ST1A,,2023-UGCSGDMF-1-3-ST1A,"Year=0 - Selections: 600091 in T12, 600098 in T1, 600090 in T2 Student Module Electives  [, 600097 in T12, a maximum of 20.00 available credits from 600088, 600095, 600096 in T1, a maximum of 20.00 available credits from 600086, 600089, 600100 in T2  Subject to an overall minimum of 40 available credits and an overall maximum of 40 available credits ] [, 20.00 available credits from 600088, 600095, 600096 in T1, 20.00 available credits from 600086, 600089, 600100 in T2  Subject to an overall minimum of 40 available credits and an overall maximum of 40 available credits ]",,,1,T12,Core,6,600091,600091,Honours Stage Project,40,60009112222,
UGCSGDMF,1,Taught,,,2024,Y,MS1MNG16,UGCSGD,MEng,Computer Science for Games Development,3,2023/24,ST1A,Enrolment Block,2024-UGCSGDMF-1-3-ST1A,,2023-UGCSGDMF-1-3-ST1A,"Year=0 - Selections: 600091 in T12, 600098 in T1, 600090 in T2 Student Module Electives  [, 600097 in T12, a maximum of 20.00 available credits from 600088, 600095, 600096 in T1, a maximum of 20.00 available credits from 600086, 600089, 600100 in T2  Subject to an overall minimum of 40 available credits and an overall maximum of 40 available credits ] [, 20.00 available credits from 600088, 600095, 600096 in T1, 20.00 available credits from 600086, 600089, 600100 in T2  Subject to an overall minimum of 40 available credits and an overall maximum of 40 available credits ]",,,11,,Optional,6,UGCSGDMF1MS1MNG16UGCSGD31819O1,600097,,20,No matching MAP,This module is limited to 15 students. Students will be required to attend an interview and complete a DBS if taking this module.
UGCSGDMF,1,Taught,,,2024,Y,MS1MNG16,UGCSGD,MEng,Computer Science for Games Development,3,2023/24,ST1A,Enrolment Block,2024-UGCSGDMF-1-3-ST1A,,2023-UGCSGDMF-1-3-ST1A,"Year=0 - Selections: 600091 in T12, 600098 in T1, 600090 in T2 Student Module Electives  [, 600097 in T12, a maximum of 20.00 available credits from 600088, 600095, 600096 in T1, a maximum of 20.00 available credits from 600086, 600089, 600100 in T2  Subject to an overall minimum of 40 available credits and an overall maximum of 40 available credits ] [, 20.00 available credits from 600088, 600095, 600096 in T1, 20.00 available credits from 600086, 600089, 600100 in T2  Subject to an overall minimum of 40 available credits and an overall maximum of 40 available credits ]",,,21,T1,Compulsory,6,600098,600098,Games Architecture,20,600098T12222,
UGCSGDMF,1,Taught,,,2024,Y,MS1MNG16,UGCSGD,MEng,Computer Science for Games Development,3,2023/24,ST1A,Enrolment Block,2024-UGCSGDMF-1-3-ST1A,,2023-UGCSGDMF-1-3-ST1A,"Year=0 - Selections: 600091 in T12, 600098 in T1, 600090 in T2 Student Module Electives  [, 600097 in T12, a maximum of 20.00 available credits from 600088, 600095, 600096 in T1, a maximum of 20.00 available credits from 600086, 600089, 600100 in T2  Subject to an overall minimum of 40 available credits and an overall maximum of 40 available credits ] [, 20.00 available credits from 600088, 600095, 600096 in T1, 20.00 available credits from 600086, 600089, 600100 in T2  Subject to an overall minimum of 40 available credits and an overall maximum of 40 available credits ]",,,31,,Optional,6,UGCSGDMF1MS1MNG16UGCSGD318S1O1,600095,,20,No matching MAP,
UGCSGDMF,1,Taught,,,2024,Y,MS1MNG16,UGCSGD,MEng,Computer Science for Games Development,3,2023/24,ST1A,Enrolment Block,2024-UGCSGDMF-1-3-ST1A,,2023-UGCSGDMF-1-3-ST1A,"Year=0 - Selections: 600091 in T12, 600098 in T1, 600090 in T2 Student Module Electives  [, 600097 in T12, a maximum of 20.00 available credits from 600088, 600095, 600096 in T1, a maximum of 20.00 available credits from 600086, 600089, 600100 in T2  Subject to an overall minimum of 40 available credits and an overall maximum of 40 available credits ] [, 20.00 available credits from 600088, 600095, 600096 in T1, 20.00 available credits from 600086, 600089, 600100 in T2  Subject to an overall minimum of 40 available credits and an overall maximum of 40 available credits ]",,,31,T1,Optional,6,UGCSGDMF1MS1MNG16UGCSGD318S1O1,600088,Virtual Environments,20,600088T12021,
UGCSGDMF,1,Taught,,,2024,Y,MS1MNG16,UGCSGD,MEng,Computer Science for Games Development,3,2023/24,ST1A,Enrolment Block,2024-UGCSGDMF-1-3-ST1A,,2023-UGCSGDMF-1-3-ST1A,"Year=0 - Selections: 600091 in T12, 600098 in T1, 600090 in T2 Student Module Electives  [, 600097 in T12, a maximum of 20.00 available credits from 600088, 600095, 600096 in T1, a maximum of 20.00 available credits from 600086, 600089, 600100 in T2  Subject to an overall minimum of 40 available credits and an overall maximum of 40 available credits ] [, 20.00 available credits from 600088, 600095, 600096 in T1, 20.00 available credits from 600086, 600089, 600100 in T2  Subject to an overall minimum of 40 available credits and an overall maximum of 40 available credits ]",,,31,T1,Optional,6,UGCSGDMF1MS1MNG16UGCSGD318S1O1,600096,Mobile Devices and Applications,20,600096T11919,
UGCSGDMF,1,Taught,,,2024,Y,MS1MNG16,UGCSGD,MEng,Computer Science for Games Development,3,2023/24,ST1A,Enrolment Block,2024-UGCSGDMF-1-3-ST1A,,2023-UGCSGDMF-1-3-ST1A,"Year=0 - Selections: 600091 in T12, 600098 in T1, 600090 in T2 Student Module Electives  [, 600097 in T12, a maximum of 20.00 available credits from 600088, 600095, 600096 in T1, a maximum of 20.00 available credits from 600086, 600089, 600100 in T2  Subject to an overall minimum of 40 available credits and an overall maximum of 40 available credits ] [, 20.00 available credits from 600088, 600095, 600096 in T1, 20.00 available credits from 600086, 600089, 600100 in T2  Subject to an overall minimum of 40 available credits and an overall maximum of 40 available credits ]",,,41,T2,Compulsory,6,600090,600090,Commercial Games Development Process,20,600090T21818,
UGCSGDMF,1,Taught,,,2024,Y,MS1MNG16,UGCSGD,MEng,Computer Science for Games Development,3,2023/24,ST1A,Enrolment Block,2024-UGCSGDMF-1-3-ST1A,,2023-UGCSGDMF-1-3-ST1A,"Year=0 - Selections: 600091 in T12, 600098 in T1, 600090 in T2 Student Module Electives  [, 600097 in T12, a maximum of 20.00 available credits from 600088, 600095, 600096 in T1, a maximum of 20.00 available credits from 600086, 600089, 600100 in T2  Subject to an overall minimum of 40 available credits and an overall maximum of 40 available credits ] [, 20.00 available credits from 600088, 600095, 600096 in T1, 20.00 available credits from 600086, 600089, 600100 in T2  Subject to an overall minimum of 40 available credits and an overall maximum of 40 available credits ]",,,51,T2,Optional,6,UGCSGDMF1MS1MNG16UGCSGD318S2O1,600086,Parallel and Concurrent Programming,20,600086T22222,
UGCSGDMF,1,Taught,,,2024,Y,MS1MNG16,UGCSGD,MEng,Computer Science for Games Development,3,2023/24,ST1A,Enrolment Block,2024-UGCSGDMF-1-3-ST1A,,2023-UGCSGDMF-1-3-ST1A,"Year=0 - Selections: 600091 in T12, 600098 in T1, 600090 in T2 Student Module Electives  [, 600097 in T12, a maximum of 20.00 available credits from 600088, 600095, 600096 in T1, a maximum of 20.00 available credits from 600086, 600089, 600100 in T2  Subject to an overall minimum of 40 available credits and an overall maximum of 40 available credits ] [, 20.00 available credits from 600088, 600095, 600096 in T1, 20.00 available credits from 600086, 600089, 600100 in T2  Subject to an overall minimum of 40 available credits and an overall maximum of 40 available credits ]",,,51,T2,Optional,6,UGCSGDMF1MS1MNG16UGCSGD318S2O1,600089,Distributed Systems Programming,20,600089T22323,
UGCSGDMF,1,Taught,,,2024,Y,MS1MNG16,UGCSGD,MEng,Computer Science for Games Development,3,2023/24,ST1A,Enrolment Block,2024-UGCSGDMF-1-3-ST1A,,2023-UGCSGDMF-1-3-ST1A,"Year=0 - Selections: 600091 in T12, 600098 in T1, 600090 in T2 Student Module Electives  [, 600097 in T12, a maximum of 20.00 available credits from 600088, 600095, 600096 in T1, a maximum of 20.00 available credits from 600086, 600089, 600100 in T2  Subject to an overall minimum of 40 available credits and an overall maximum of 40 available credits ] [, 20.00 available credits from 600088, 600095, 600096 in T1, 20.00 available credits from 600086, 600089, 600100 in T2  Subject to an overall minimum of 40 available credits and an overall maximum of 40 available credits ]",,,51,T2,Optional,6,UGCSGDMF1MS1MNG16UGCSGD318S2O1,600100,Computer Vision,20,600100T2323,
UGCSGDMF,1,Taught,,,2024,Y,MS1MNG16,UGCSGD,MEng,Computer Science for Games Development,3,2023/24,ST1A,Enrolment Block,2024-UGCSGDMF-1-3-ST1A,,2023-UGCSGDMF-1-3-ST1A,"Year=0 - Selections: 600091 in T12, 600098 in T1, 600090 in T2 Student Module Electives  [, 600097 in T12, a maximum of 20.00 available credits from 600088, 600095, 600096 in T1, a maximum of 20.00 available credits from 600086, 600089, 600100 in T2  Subject to an overall minimum of 40 available credits and an overall maximum of 40 available credits ] [, 20.00 available credits from 600088, 600095, 600096 in T1, 20.00 available credits from 600086, 600089, 600100 in T2  Subject to an overall minimum of 40 available credits and an overall maximum of 40 available credits ]",,,60,,Optional,6,UGCSGDMF1MS1MNG16UGCSGD318S1O1,600095,,20,No matching MAP,
UGCSGDMF,1,Taught,,,2024,Y,MS1MNG16,UGCSGD,MEng,Computer Science for Games Development,3,2023/24,ST1A,Enrolment Block,2024-UGCSGDMF-1-3-ST1A,,2023-UGCSGDMF-1-3-ST1A,"Year=0 - Selections: 600091 in T12, 600098 in T1, 600090 in T2 Student Module Electives  [, 600097 in T12, a maximum of 20.00 available credits from 600088, 600095, 600096 in T1, a maximum of 20.00 available credits from 600086, 600089, 600100 in T2  Subject to an overall minimum of 40 available credits and an overall maximum of 40 available credits ] [, 20.00 available credits from 600088, 600095, 600096 in T1, 20.00 available credits from 600086, 600089, 600100 in T2  Subject to an overall minimum of 40 available credits and an overall maximum of 40 available credits ]",,,60,T1,Optional,6,UGCSGDMF1MS1MNG16UGCSGD318S1O1,600088,Virtual Environments,20,600088T12021,
UGCSGDMF,1,Taught,,,2024,Y,MS1MNG16,UGCSGD,MEng,Computer Science for Games Development,3,2023/24,ST1A,Enrolment Block,2024-UGCSGDMF-1-3-ST1A,,2023-UGCSGDMF-1-3-ST1A,"Year=0 - Selections: 600091 in T12, 600098 in T1, 600090 in T2 Student Module Electives  [, 600097 in T12, a maximum of 20.00 available credits from 600088, 600095, 600096 in T1, a maximum of 20.00 available credits from 600086, 600089, 600100 in T2  Subject to an overall minimum of 40 available credits and an overall maximum of 40 available credits ] [, 20.00 available credits from 600088, 600095, 600096 in T1, 20.00 available credits from 600086, 600089, 600100 in T2  Subject to an overall minimum of 40 available credits and an overall maximum of 40 available credits ]",,,60,T1,Optional,6,UGCSGDMF1MS1MNG16UGCSGD318S1O1,600096,Mobile Devices and Applications,20,600096T11919,
UGCSGDMF,1,Taught,,,2024,Y,MS1MNG16,UGCSGD,MEng,Computer Science for Games Development,3,2023/24,ST1A,Enrolment Block,2024-UGCSGDMF-1-3-ST1A,,2023-UGCSGDMF-1-3-ST1A,"Year=0 - Selections: 600091 in T12, 600098 in T1, 600090 in T2 Student Module Electives  [, 600097 in T12, a maximum of 20.00 available credits from 600088, 600095, 600096 in T1, a maximum of 20.00 available credits from 600086, 600089, 600100 in T2  Subject to an overall minimum of 40 available credits and an overall maximum of 40 available credits ] [, 20.00 available credits from 600088, 600095, 600096 in T1, 20.00 available credits from 600086, 600089, 600100 in T2  Subject to an overall minimum of 40 available credits and an overall maximum of 40 available credits ]",,,70,T2,Optional,6,UGCSGDMF1MS1MNG16UGCSGD318S2O1,600086,Parallel and Concurrent Programming,20,600086T22222,
UGCSGDMF,1,Taught,,,2024,Y,MS1MNG16,UGCSGD,MEng,Computer Science for Games Development,3,2023/24,ST1A,Enrolment Block,2024-UGCSGDMF-1-3-ST1A,,2023-UGCSGDMF-1-3-ST1A,"Year=0 - Selections: 600091 in T12, 600098 in T1, 600090 in T2 Student Module Electives  [, 600097 in T12, a maximum of 20.00 available credits from 600088, 600095, 600096 in T1, a maximum of 20.00 available credits from 600086, 600089, 600100 in T2  Subject to an overall minimum of 40 available credits and an overall maximum of 40 available credits ] [, 20.00 available credits from 600088, 600095, 600096 in T1, 20.00 available credits from 600086, 600089, 600100 in T2  Subject to an overall minimum of 40 available credits and an overall maximum of 40 available credits ]",,,70,T2,Optional,6,UGCSGDMF1MS1MNG16UGCSGD318S2O1,600089,Distributed Systems Programming,20,600089T22323,
UGCSGDMF,1,Taught,,,2024,Y,MS1MNG16,UGCSGD,MEng,Computer Science for Games Development,3,2023/24,ST1A,Enrolment Block,2024-UGCSGDMF-1-3-ST1A,,2023-UGCSGDMF-1-3-ST1A,"Year=0 - Selections: 600091 in T12, 600098 in T1, 600090 in T2 Student Module Electives  [, 600097 in T12, a maximum of 20.00 available credits from 600088, 600095, 600096 in T1, a maximum of 20.00 available credits from 600086, 600089, 600100 in T2  Subject to an overall minimum of 40 available credits and an overall maximum of 40 available credits ] [, 20.00 available credits from 600088, 600095, 600096 in T1, 20.00 available credits from 600086, 600089, 600100 in T2  Subject to an overall minimum of 40 available credits and an overall maximum of 40 available credits ]",,,70,T2,Optional,6,UGCSGDMF1MS1MNG16UGCSGD318S2O1,600100,Computer Vision,20,600100T2323,
UGCSGDMF,1,Taught,,,2024,Y,MS1MNG16,UGCSGD,MEng,Computer Science for Games Development,M,2023/24,ST1A,Enrolment Block,2024-UGCSGDMF-1-M-ST1A,,2023-UGCSGDMF-1-M-ST1A,"Year=0 - Selections: 700118 in T12, 700106 in T1, 700120 in T1, 700105 in T2, 700119 in T2, 441190 in T12",,,1,T12,Core,7,700118,700118,Commercial Development Practice,40,700118T1222,
UGCSGDMF,1,Taught,,,2024,Y,MS1MNG16,UGCSGD,MEng,Computer Science for Games Development,M,2023/24,ST1A,Enrolment Block,2024-UGCSGDMF-1-M-ST1A,,2023-UGCSGDMF-1-M-ST1A,"Year=0 - Selections: 700118 in T12, 700106 in T1, 700120 in T1, 700105 in T2, 700119 in T2, 441190 in T12",,,11,T1,Compulsory,7,700106,700106,Real Time Graphics,20,700106T11818,
UGCSGDMF,1,Taught,,,2024,Y,MS1MNG16,UGCSGD,MEng,Computer Science for Games Development,M,2023/24,ST1A,Enrolment Block,2024-UGCSGDMF-1-M-ST1A,,2023-UGCSGDMF-1-M-ST1A,"Year=0 - Selections: 700118 in T12, 700106 in T1, 700120 in T1, 700105 in T2, 700119 in T2, 441190 in T12",,,21,T1,Compulsory,7,700120,700120,C++ Programming and Design,20,700120T12323,
UGCSGDMF,1,Taught,,,2024,Y,MS1MNG16,UGCSGD,MEng,Computer Science for Games Development,M,2023/24,ST1A,Enrolment Block,2024-UGCSGDMF-1-M-ST1A,,2023-UGCSGDMF-1-M-ST1A,"Year=0 - Selections: 700118 in T12, 700106 in T1, 700120 in T1, 700105 in T2, 700119 in T2, 441190 in T12",,,31,T2,Compulsory,7,700105,700105,Games Architecture and Concurrency,20,700105T22020,
UGCSGDMF,1,Taught,,,2024,Y,MS1MNG16,UGCSGD,MEng,Computer Science for Games Development,M,2023/24,ST1A,Enrolment Block,2024-UGCSGDMF-1-M-ST1A,,2023-UGCSGDMF-1-M-ST1A,"Year=0 - Selections: 700118 in T12, 700106 in T1, 700120 in T1, 700105 in T2, 700119 in T2, 441190 in T12",,,41,T2,Compulsory,7,700119,700119,Advanced Rendering and Virtual Environments,20,700119T21818,
UGCSGDMF,1,Taught,,,2024,Y,MS1MNG16,UGCSGD,MEng,Computer Science for Games Development,M,2023/24,ST1A,Enrolment Block,2024-UGCSGDMF-1-M-ST1A,,2023-UGCSGDMF-1-M-ST1A,"Year=0 - Selections: 700118 in T12, 700106 in T1, 700120 in T1, 700105 in T2, 700119 in T2, 441190 in T12",,,50,,Compulsory,4,441190,441190,,0,No matching MAP,
UGCSGDMF,2,Taught,,2022,,Y,MS1MNG19,UGCSGD,MEng,Computer Science for Games Development,1,2023/24,ST1A,Enrolment Block,2024-UGCSGDMF-2-1-ST1A,,2023-UGCSGDMF-2-1-ST1A,"Year=0 - Selections: 441101 in T12, 441104 in T2, 441105 in T1, 441102 in T2, 441108 in T1, 441187 in T12, 441190 in T12",,,10,T12,Core,4,441101,441101,Programming Portfolio,40,441101T1&222,
UGCSGDMF,2,Taught,,2022,,Y,MS1MNG19,UGCSGD,MEng,Computer Science for Games Development,1,2023/24,ST1A,Enrolment Block,2024-UGCSGDMF-2-1-ST1A,,2023-UGCSGDMF-2-1-ST1A,"Year=0 - Selections: 441101 in T12, 441104 in T2, 441105 in T1, 441102 in T2, 441108 in T1, 441187 in T12, 441190 in T12",,,20,T2,Compulsory,4,441104,441104,Computational Thinking,20,441104T12222,
UGCSGDMF,2,Taught,,2022,,Y,MS1MNG19,UGCSGD,MEng,Computer Science for Games Development,1,2023/24,ST1A,Enrolment Block,2024-UGCSGDMF-2-1-ST1A,,2023-UGCSGDMF-2-1-ST1A,"Year=0 - Selections: 441101 in T12, 441104 in T2, 441105 in T1, 441102 in T2, 441108 in T1, 441187 in T12, 441190 in T12",,,30,T1,Compulsory,4,441105,441105,Algorithms and Data Structures,20,441105T12222,
UGCSGDMF,2,Taught,,2022,,Y,MS1MNG19,UGCSGD,MEng,Computer Science for Games Development,1,2023/24,ST1A,Enrolment Block,2024-UGCSGDMF-2-1-ST1A,,2023-UGCSGDMF-2-1-ST1A,"Year=0 - Selections: 441101 in T12, 441104 in T2, 441105 in T1, 441102 in T2, 441108 in T1, 441187 in T12, 441190 in T12",,,40,T2,Compulsory,4,441102,441102,"Architectures, Operating Systems and the Cloud",20,441102T22222,
UGCSGDMF,2,Taught,,2022,,Y,MS1MNG19,UGCSGD,MEng,Computer Science for Games Development,1,2023/24,ST1A,Enrolment Block,2024-UGCSGDMF-2-1-ST1A,,2023-UGCSGDMF-2-1-ST1A,"Year=0 - Selections: 441101 in T12, 441104 in T2, 441105 in T1, 441102 in T2, 441108 in T1, 441187 in T12, 441190 in T12",,,50,T1,Compulsory,4,441108,441108,Professional Development,20,441108T22222,
UGCSGDMF,2,Taught,,2022,,Y,MS1MNG19,UGCSGD,MEng,Computer Science for Games Development,1,2023/24,ST1A,Enrolment Block,2024-UGCSGDMF-2-1-ST1A,,2023-UGCSGDMF-2-1-ST1A,"Year=0 - Selections: 441101 in T12, 441104 in T2, 441105 in T1, 441102 in T2, 441108 in T1, 441187 in T12, 441190 in T12",,,60,T12,Compulsory,4,441187,441187,Computer Science PASS module,0,No matching MAP,
UGCSGDMF,2,Taught,,2022,,Y,MS1MNG19,UGCSGD,MEng,Computer Science for Games Development,1,2023/24,ST1A,Enrolment Block,2024-UGCSGDMF-2-1-ST1A,,2023-UGCSGDMF-2-1-ST1A,"Year=0 - Selections: 441101 in T12, 441104 in T2, 441105 in T1, 441102 in T2, 441108 in T1, 441187 in T12, 441190 in T12",,,70,,Compulsory,4,441190,441190,,0,No matching MAP,
UGCSGDMF,2,Taught,,2022,,Y,MS1MNG19,UGCSGD,MEng,Computer Science for Games Development,2,2023/24,ST1A,Enrolment Block,2024-UGCSGDMF-2-2-ST1A,,2023-UGCSGDMF-2-2-ST1A,"Year=0 - Selections: 551462 in T12, 551455 in T1, 551459 in T1, 500083 in T2, 551461 in T2, 441190 in T12",,,10,T12,Core,5,551462,551462,Design Develop Deploy,40,551462T1222,
UGCSGDMF,2,Taught,,2022,,Y,MS1MNG19,UGCSGD,MEng,Computer Science for Games Development,2,2023/24,ST1A,Enrolment Block,2024-UGCSGDMF-2-2-ST1A,,2023-UGCSGDMF-2-2-ST1A,"Year=0 - Selections: 551462 in T12, 551455 in T1, 551459 in T1, 500083 in T2, 551461 in T2, 441190 in T12",,,20,T1,Compulsory,5,551455,551455,Graphics Programming and Simulation 1,20,551455T12222,
UGCSGDMF,2,Taught,,2022,,Y,MS1MNG19,UGCSGD,MEng,Computer Science for Games Development,2,2023/24,ST1A,Enrolment Block,2024-UGCSGDMF-2-2-ST1A,,2023-UGCSGDMF-2-2-ST1A,"Year=0 - Selections: 551462 in T12, 551455 in T1, 551459 in T1, 500083 in T2, 551461 in T2, 441190 in T12",,,30,T1,Compulsory,5,551459,551459,Artificial Intelligence for Games,20,551459T12222,
UGCSGDMF,2,Taught,,2022,,Y,MS1MNG19,UGCSGD,MEng,Computer Science for Games Development,2,2023/24,ST1A,Enrolment Block,2024-UGCSGDMF-2-2-ST1A,,2023-UGCSGDMF-2-2-ST1A,"Year=0 - Selections: 551462 in T12, 551455 in T1, 551459 in T1, 500083 in T2, 551461 in T2, 441190 in T12",,,40,T2,Compulsory,5,500083,500083,Advanced Programming,20,500083T22222,
UGCSGDMF,2,Taught,,2022,,Y,MS1MNG19,UGCSGD,MEng,Computer Science for Games Development,2,2023/24,ST1A,Enrolment Block,2024-UGCSGDMF-2-2-ST1A,,2023-UGCSGDMF-2-2-ST1A,"Year=0 - Selections: 551462 in T12, 551455 in T1, 551459 in T1, 500083 in T2, 551461 in T2, 441190 in T12",,,50,T2,Compulsory,5,551461,551461,Mixed Reality Development,20,551461T22323,
UGCSGDMF,2,Taught,,2022,,Y,MS1MNG19,UGCSGD,MEng,Computer Science for Games Development,2,2023/24,ST1A,Enrolment Block,2024-UGCSGDMF-2-2-ST1A,,2023-UGCSGDMF-2-2-ST1A,"Year=0 - Selections: 551462 in T12, 551455 in T1, 551459 in T1, 500083 in T2, 551461 in T2, 441190 in T12",,,60,,Compulsory,4,441190,441190,,0,No matching MAP,
UGCSGDMF,2,Taught,,2022,,Y,MS1MNG19,UGCSGD,MEng,Computer Science for Games Development,3,2023/24,ST1A,Enrolment Block,2024-UGCSGDMF-2-3-ST1A,,2023-UGCSGDMF-2-3-ST1A,"Year=0 - Selections: 600098 in T1, 661981 in T1, 600086 in T2, 441190 in T12, 600089 in T2 - Electives: 40.00 available credits from 600091, 662004 in T12",,,10,T12,Elective - If chosen cannot condone or compenste,6,COMP SCI L6 T12 OPTS,600091,Honours Stage Project,40,60009112222,
UGCSGDMF,2,Taught,,2022,,Y,MS1MNG19,UGCSGD,MEng,Computer Science for Games Development,3,2023/24,ST1A,Enrolment Block,2024-UGCSGDMF-2-3-ST1A,,2023-UGCSGDMF-2-3-ST1A,"Year=0 - Selections: 600098 in T1, 661981 in T1, 600086 in T2, 441190 in T12, 600089 in T2 - Electives: 40.00 available credits from 600091, 662004 in T12",,,10,T12,Elective - If chosen cannot condone or compenste,6,COMP SCI L6 T12 OPTS,662004,Communicating and Teaching Computing,40,6.62E+11,
UGCSGDMF,2,Taught,,2022,,Y,MS1MNG19,UGCSGD,MEng,Computer Science for Games Development,3,2023/24,ST1A,Enrolment Block,2024-UGCSGDMF-2-3-ST1A,,2023-UGCSGDMF-2-3-ST1A,"Year=0 - Selections: 600098 in T1, 661981 in T1, 600086 in T2, 441190 in T12, 600089 in T2 - Electives: 40.00 available credits from 600091, 662004 in T12",,,20,T1,Compulsory,6,600098,600098,Games Architecture,20,600098T12222,
UGCSGDMF,2,Taught,,2022,,Y,MS1MNG19,UGCSGD,MEng,Computer Science for Games Development,3,2023/24,ST1A,Enrolment Block,2024-UGCSGDMF-2-3-ST1A,,2023-UGCSGDMF-2-3-ST1A,"Year=0 - Selections: 600098 in T1, 661981 in T1, 600086 in T2, 441190 in T12, 600089 in T2 - Electives: 40.00 available credits from 600091, 662004 in T12",,,30,T1,Compulsory,6,661981,661981,Graphics Programming and Simulation 2,20,661981T12222,
UGCSGDMF,2,Taught,,2022,,Y,MS1MNG19,UGCSGD,MEng,Computer Science for Games Development,3,2023/24,ST1A,Enrolment Block,2024-UGCSGDMF-2-3-ST1A,,2023-UGCSGDMF-2-3-ST1A,"Year=0 - Selections: 600098 in T1, 661981 in T1, 600086 in T2, 441190 in T12, 600089 in T2 - Electives: 40.00 available credits from 600091, 662004 in T12",,,40,T2,Compulsory,6,600086,600086,Parallel and Concurrent Programming,20,600086T22222,
UGCSGDMF,2,Taught,,2022,,Y,MS1MNG19,UGCSGD,MEng,Computer Science for Games Development,3,2023/24,ST1A,Enrolment Block,2024-UGCSGDMF-2-3-ST1A,,2023-UGCSGDMF-2-3-ST1A,"Year=0 - Selections: 600098 in T1, 661981 in T1, 600086 in T2, 441190 in T12, 600089 in T2 - Electives: 40.00 available credits from 600091, 662004 in T12",,,60,,Compulsory,4,441190,441190,,0,No matching MAP,
UGCSGDMF,2,Taught,,2022,,Y,MS1MNG19,UGCSGD,MEng,Computer Science for Games Development,3,2023/24,ST1A,Enrolment Block,2024-UGCSGDMF-2-3-ST1A,,2023-UGCSGDMF-2-3-ST1A,"Year=0 - Selections: 600098 in T1, 661981 in T1, 600086 in T2, 441190 in T12, 600089 in T2 - Electives: 40.00 available credits from 600091, 662004 in T12",,,70,T2,Compulsory,6,600089,600089,Distributed Systems Programming,20,600089T22323,
UGCSGDMF,2,Taught,,2022,,Y,MS1MNG19,UGCSGD,MEng,Computer Science for Games Development,M,2023/24,ST1A,Enrolment Block,2024-UGCSGDMF-2-M-ST1A,,2023-UGCSGDMF-2-M-ST1A,"Year=0 - Selections: 700118 in T12, 771864 in T1, 771865 in T1, 771863 in T2, 771860 in T2, 441190 in T12",,,10,T12,Core,7,700118,700118,Commercial Development Practice,40,700118T1222,
UGCSGDMF,2,Taught,,2022,,Y,MS1MNG19,UGCSGD,MEng,Computer Science for Games Development,M,2023/24,ST1A,Enrolment Block,2024-UGCSGDMF-2-M-ST1A,,2023-UGCSGDMF-2-M-ST1A,"Year=0 - Selections: 700118 in T12, 771864 in T1, 771865 in T1, 771863 in T2, 771860 in T2, 441190 in T12",,,20,,Compulsory,7,771864,771864,,20,No matching MAP,
UGCSGDMF,2,Taught,,2022,,Y,MS1MNG19,UGCSGD,MEng,Computer Science for Games Development,M,2023/24,ST1A,Enrolment Block,2024-UGCSGDMF-2-M-ST1A,,2023-UGCSGDMF-2-M-ST1A,"Year=0 - Selections: 700118 in T12, 771864 in T1, 771865 in T1, 771863 in T2, 771860 in T2, 441190 in T12",,,30,,Compulsory,7,771865,771865,,30,No matching MAP,
UGCSGDMF,2,Taught,,2022,,Y,MS1MNG19,UGCSGD,MEng,Computer Science for Games Development,M,2023/24,ST1A,Enrolment Block,2024-UGCSGDMF-2-M-ST1A,,2023-UGCSGDMF-2-M-ST1A,"Year=0 - Selections: 700118 in T12, 771864 in T1, 771865 in T1, 771863 in T2, 771860 in T2, 441190 in T12",,,40,,Compulsory,7,771863,771863,,20,No matching MAP,
UGCSGDMF,2,Taught,,2022,,Y,MS1MNG19,UGCSGD,MEng,Computer Science for Games Development,M,2023/24,ST1A,Enrolment Block,2024-UGCSGDMF-2-M-ST1A,,2023-UGCSGDMF-2-M-ST1A,"Year=0 - Selections: 700118 in T12, 771864 in T1, 771865 in T1, 771863 in T2, 771860 in T2, 441190 in T12",,,50,,Compulsory,7,771860,771860,,20,No matching MAP,
UGCSGDMF,2,Taught,,2022,,Y,MS1MNG19,UGCSGD,MEng,Computer Science for Games Development,M,2023/24,ST1A,Enrolment Block,2024-UGCSGDMF-2-M-ST1A,,2023-UGCSGDMF-2-M-ST1A,"Year=0 - Selections: 700118 in T12, 771864 in T1, 771865 in T1, 771863 in T2, 771860 in T2, 441190 in T12",,,60,,Compulsory,4,441190,441190,,0,No matching MAP,
UGCSGDMF,3,Taught,,2022,,Y,MS2MNG19,UGCOGD,MEng,Computing (Games Development),1,2023/24,ST1A,Enrolment Block,2024-UGCSGDMF-3-1-ST1A,,2023-UGCSGDMF-3-1-ST1A,,,,10,T12,Core,4,441101,441101,Programming Portfolio,40,441101T1&222,
UGCSGDMF,3,Taught,,2022,,Y,MS2MNG19,UGCOGD,MEng,Computing (Games Development),1,2023/24,ST1A,Enrolment Block,2024-UGCSGDMF-3-1-ST1A,,2023-UGCSGDMF-3-1-ST1A,,,,20,T2,Compulsory,4,441104,441104,Computational Thinking,20,441104T12222,
UGCSGDMF,3,Taught,,2022,,Y,MS2MNG19,UGCOGD,MEng,Computing (Games Development),1,2023/24,ST1A,Enrolment Block,2024-UGCSGDMF-3-1-ST1A,,2023-UGCSGDMF-3-1-ST1A,,,,30,T1,Compulsory,4,441105,441105,Algorithms and Data Structures,20,441105T12222,
UGCSGDMF,3,Taught,,2022,,Y,MS2MNG19,UGCOGD,MEng,Computing (Games Development),1,2023/24,ST1A,Enrolment Block,2024-UGCSGDMF-3-1-ST1A,,2023-UGCSGDMF-3-1-ST1A,,,,40,T2,Compulsory,4,441102,441102,"Architectures, Operating Systems and the Cloud",20,441102T22222,
UGCSGDMF,3,Taught,,2022,,Y,MS2MNG19,UGCOGD,MEng,Computing (Games Development),1,2023/24,ST1A,Enrolment Block,2024-UGCSGDMF-3-1-ST1A,,2023-UGCSGDMF-3-1-ST1A,,,,50,T1,Compulsory,4,441108,441108,Professional Development,20,441108T22222,
UGCSGDMF,3,Taught,,2022,,Y,MS2MNG19,UGCOGD,MEng,Computing (Games Development),2,2023/24,ST1A,Enrolment Block,2024-UGCSGDMF-3-2-ST1A,,2023-UGCSGDMF-3-2-ST1A,"Year=0 - Selections: 551462 in T12, 551455 in T1, 551459 in T1, 500083 in T2, 551461 in T2, 441190 in T12",,,10,T12,Core,5,551462,551462,Design Develop Deploy,40,551462T1222,
UGCSGDMF,3,Taught,,2022,,Y,MS2MNG19,UGCOGD,MEng,Computing (Games Development),2,2023/24,ST1A,Enrolment Block,2024-UGCSGDMF-3-2-ST1A,,2023-UGCSGDMF-3-2-ST1A,"Year=0 - Selections: 551462 in T12, 551455 in T1, 551459 in T1, 500083 in T2, 551461 in T2, 441190 in T12",,,20,T1,Compulsory,5,551455,551455,Graphics Programming and Simulation 1,20,551455T12222,
UGCSGDMF,3,Taught,,2022,,Y,MS2MNG19,UGCOGD,MEng,Computing (Games Development),2,2023/24,ST1A,Enrolment Block,2024-UGCSGDMF-3-2-ST1A,,2023-UGCSGDMF-3-2-ST1A,"Year=0 - Selections: 551462 in T12, 551455 in T1, 551459 in T1, 500083 in T2, 551461 in T2, 441190 in T12",,,30,T1,Compulsory,5,551459,551459,Artificial Intelligence for Games,20,551459T12222,
UGCSGDMF,3,Taught,,2022,,Y,MS2MNG19,UGCOGD,MEng,Computing (Games Development),2,2023/24,ST1A,Enrolment Block,2024-UGCSGDMF-3-2-ST1A,,2023-UGCSGDMF-3-2-ST1A,"Year=0 - Selections: 551462 in T12, 551455 in T1, 551459 in T1, 500083 in T2, 551461 in T2, 441190 in T12",,,40,T2,Compulsory,5,500083,500083,Advanced Programming,20,500083T22222,
UGCSGDMF,3,Taught,,2022,,Y,MS2MNG19,UGCOGD,MEng,Computing (Games Development),2,2023/24,ST1A,Enrolment Block,2024-UGCSGDMF-3-2-ST1A,,2023-UGCSGDMF-3-2-ST1A,"Year=0 - Selections: 551462 in T12, 551455 in T1, 551459 in T1, 500083 in T2, 551461 in T2, 441190 in T12",,,50,T2,Compulsory,5,551461,551461,Mixed Reality Development,20,551461T22323,
UGCSGDMF,3,Taught,,2022,,Y,MS2MNG19,UGCOGD,MEng,Computing (Games Development),2,2023/24,ST1A,Enrolment Block,2024-UGCSGDMF-3-2-ST1A,,2023-UGCSGDMF-3-2-ST1A,"Year=0 - Selections: 551462 in T12, 551455 in T1, 551459 in T1, 500083 in T2, 551461 in T2, 441190 in T12",,,60,,Compulsory,4,441190,441190,,0,No matching MAP,
UGCSGDMF,3,Taught,,2022,,Y,MS2MNG19,UGCOGD,MEng,Computing (Games Development),3,2023/24,ST1A,Enrolment Block,2024-UGCSGDMF-3-3-ST1A,,2023-UGCSGDMF-3-3-ST1A,"Year=0 - Selections: 600098 in T1, 661981 in T1, 600086 in T2, 600089 in T2, 441190 in T12 - Electives: 40.00 available credits from 600091, 662004 in T12",,,10,T12,Elective - If chosen cannot condone or compenste,6,COMP SCI L6 T12 OPTS,600091,Honours Stage Project,40,60009112222,
UGCSGDMF,3,Taught,,2022,,Y,MS2MNG19,UGCOGD,MEng,Computing (Games Development),3,2023/24,ST1A,Enrolment Block,2024-UGCSGDMF-3-3-ST1A,,2023-UGCSGDMF-3-3-ST1A,"Year=0 - Selections: 600098 in T1, 661981 in T1, 600086 in T2, 600089 in T2, 441190 in T12 - Electives: 40.00 available credits from 600091, 662004 in T12",,,10,T12,Elective - If chosen cannot condone or compenste,6,COMP SCI L6 T12 OPTS,662004,Communicating and Teaching Computing,40,6.62E+11,
UGCSGDMF,3,Taught,,2022,,Y,MS2MNG19,UGCOGD,MEng,Computing (Games Development),3,2023/24,ST1A,Enrolment Block,2024-UGCSGDMF-3-3-ST1A,,2023-UGCSGDMF-3-3-ST1A,"Year=0 - Selections: 600098 in T1, 661981 in T1, 600086 in T2, 600089 in T2, 441190 in T12 - Electives: 40.00 available credits from 600091, 662004 in T12",,,20,T1,Compulsory,6,600098,600098,Games Architecture,20,600098T12222,
UGCSGDMF,3,Taught,,2022,,Y,MS2MNG19,UGCOGD,MEng,Computing (Games Development),3,2023/24,ST1A,Enrolment Block,2024-UGCSGDMF-3-3-ST1A,,2023-UGCSGDMF-3-3-ST1A,"Year=0 - Selections: 600098 in T1, 661981 in T1, 600086 in T2, 600089 in T2, 441190 in T12 - Electives: 40.00 available credits from 600091, 662004 in T12",,,30,T1,Compulsory,6,661981,661981,Graphics Programming and Simulation 2,20,661981T12222,
UGCSGDMF,3,Taught,,2022,,Y,MS2MNG19,UGCOGD,MEng,Computing (Games Development),3,2023/24,ST1A,Enrolment Block,2024-UGCSGDMF-3-3-ST1A,,2023-UGCSGDMF-3-3-ST1A,"Year=0 - Selections: 600098 in T1, 661981 in T1, 600086 in T2, 600089 in T2, 441190 in T12 - Electives: 40.00 available credits from 600091, 662004 in T12",,,40,T2,Compulsory,6,600086,600086,Parallel and Concurrent Programming,20,600086T22222,
UGCSGDMF,3,Taught,,2022,,Y,MS2MNG19,UGCOGD,MEng,Computing (Games Development),3,2023/24,ST1A,Enrolment Block,2024-UGCSGDMF-3-3-ST1A,,2023-UGCSGDMF-3-3-ST1A,"Year=0 - Selections: 600098 in T1, 661981 in T1, 600086 in T2, 600089 in T2, 441190 in T12 - Electives: 40.00 available credits from 600091, 662004 in T12",,,50,T2,Compulsory,6,600089,600089,Distributed Systems Programming,20,600089T22323,
UGCSGDMF,3,Taught,,2022,,Y,MS2MNG19,UGCOGD,MEng,Computing (Games Development),3,2023/24,ST1A,Enrolment Block,2024-UGCSGDMF-3-3-ST1A,,2023-UGCSGDMF-3-3-ST1A,"Year=0 - Selections: 600098 in T1, 661981 in T1, 600086 in T2, 600089 in T2, 441190 in T12 - Electives: 40.00 available credits from 600091, 662004 in T12",,,60,,Compulsory,4,441190,441190,,0,No matching MAP,
UGCSGDMF,3,Taught,,2022,,Y,MS2MNG19,UGCOGD,MEng,Computing (Games Development),M,2023/24,ST1A,Enrolment Block,2024-UGCSGDMF-3-M-ST1A,,2023-UGCSGDMF-3-M-ST1A,"Year=0 - Selections: 700118 in T12, 771864 in T1, 771865 in T1, 771863 in T2, 771860 in T2, 441190 in T12",,,10,T12,Core,7,700118,700118,Commercial Development Practice,40,700118T1222,
UGCSGDMF,3,Taught,,2022,,Y,MS2MNG19,UGCOGD,MEng,Computing (Games Development),M,2023/24,ST1A,Enrolment Block,2024-UGCSGDMF-3-M-ST1A,,2023-UGCSGDMF-3-M-ST1A,"Year=0 - Selections: 700118 in T12, 771864 in T1, 771865 in T1, 771863 in T2, 771860 in T2, 441190 in T12",,,20,,Compulsory,7,771864,771864,,20,No matching MAP,
UGCSGDMF,3,Taught,,2022,,Y,MS2MNG19,UGCOGD,MEng,Computing (Games Development),M,2023/24,ST1A,Enrolment Block,2024-UGCSGDMF-3-M-ST1A,,2023-UGCSGDMF-3-M-ST1A,"Year=0 - Selections: 700118 in T12, 771864 in T1, 771865 in T1, 771863 in T2, 771860 in T2, 441190 in T12",,,30,,Compulsory,7,771865,771865,,30,No matching MAP,
UGCSGDMF,3,Taught,,2022,,Y,MS2MNG19,UGCOGD,MEng,Computing (Games Development),M,2023/24,ST1A,Enrolment Block,2024-UGCSGDMF-3-M-ST1A,,2023-UGCSGDMF-3-M-ST1A,"Year=0 - Selections: 700118 in T12, 771864 in T1, 771865 in T1, 771863 in T2, 771860 in T2, 441190 in T12",,,40,,Compulsory,7,771863,771863,,20,No matching MAP,
UGCSGDMF,3,Taught,,2022,,Y,MS2MNG19,UGCOGD,MEng,Computing (Games Development),M,2023/24,ST1A,Enrolment Block,2024-UGCSGDMF-3-M-ST1A,,2023-UGCSGDMF-3-M-ST1A,"Year=0 - Selections: 700118 in T12, 771864 in T1, 771865 in T1, 771863 in T2, 771860 in T2, 441190 in T12",,,50,,Compulsory,7,771860,771860,,20,No matching MAP,
UGCSGDMF,3,Taught,,2022,,Y,MS2MNG19,UGCOGD,MEng,Computing (Games Development),M,2023/24,ST1A,Enrolment Block,2024-UGCSGDMF-3-M-ST1A,,2023-UGCSGDMF-3-M-ST1A,"Year=0 - Selections: 700118 in T12, 771864 in T1, 771865 in T1, 771863 in T2, 771860 in T2, 441190 in T12",,,60,,Compulsory,4,441190,441190,,0,No matching MAP,
UGCSGDMF,4,Taught,,2023,,,MS1MNG19,UGCSGP,MEng,Computer Science for Games Programming,1,2023/24,ST1A,Enrolment Block,2024-UGCSGDMF-4-1-ST1A,,2023-UGCSGDMF-4-1-ST1A,"Year=0 - Selections: 441101 in T12, 441104 in T2, 441105 in T1, 441102 in T2, 441108 in T1, 441187 in T12, 441190 in T12",,,10,T12,Core,4,441101,441101,Programming Portfolio,40,441101T1&222,
UGCSGDMF,4,Taught,,2023,,,MS1MNG19,UGCSGP,MEng,Computer Science for Games Programming,1,2023/24,ST1A,Enrolment Block,2024-UGCSGDMF-4-1-ST1A,,2023-UGCSGDMF-4-1-ST1A,"Year=0 - Selections: 441101 in T12, 441104 in T2, 441105 in T1, 441102 in T2, 441108 in T1, 441187 in T12, 441190 in T12",,,20,T2,Compulsory,4,441104,441104,Computational Thinking,20,441104T12222,
UGCSGDMF,4,Taught,,2023,,,MS1MNG19,UGCSGP,MEng,Computer Science for Games Programming,1,2023/24,ST1A,Enrolment Block,2024-UGCSGDMF-4-1-ST1A,,2023-UGCSGDMF-4-1-ST1A,"Year=0 - Selections: 441101 in T12, 441104 in T2, 441105 in T1, 441102 in T2, 441108 in T1, 441187 in T12, 441190 in T12",,,30,T1,Compulsory,4,441105,441105,Algorithms and Data Structures,20,441105T12222,
UGCSGDMF,4,Taught,,2023,,,MS1MNG19,UGCSGP,MEng,Computer Science for Games Programming,1,2023/24,ST1A,Enrolment Block,2024-UGCSGDMF-4-1-ST1A,,2023-UGCSGDMF-4-1-ST1A,"Year=0 - Selections: 441101 in T12, 441104 in T2, 441105 in T1, 441102 in T2, 441108 in T1, 441187 in T12, 441190 in T12",,,40,T2,Compulsory,4,441102,441102,"Architectures, Operating Systems and the Cloud",20,441102T22222,
UGCSGDMF,4,Taught,,2023,,,MS1MNG19,UGCSGP,MEng,Computer Science for Games Programming,1,2023/24,ST1A,Enrolment Block,2024-UGCSGDMF-4-1-ST1A,,2023-UGCSGDMF-4-1-ST1A,"Year=0 - Selections: 441101 in T12, 441104 in T2, 441105 in T1, 441102 in T2, 441108 in T1, 441187 in T12, 441190 in T12",,,50,T1,Compulsory,4,441108,441108,Professional Development,20,441108T22222,
UGCSGDMF,4,Taught,,2023,,,MS1MNG19,UGCSGP,MEng,Computer Science for Games Programming,1,2023/24,ST1A,Enrolment Block,2024-UGCSGDMF-4-1-ST1A,,2023-UGCSGDMF-4-1-ST1A,"Year=0 - Selections: 441101 in T12, 441104 in T2, 441105 in T1, 441102 in T2, 441108 in T1, 441187 in T12, 441190 in T12",,,60,T12,Compulsory,4,441187,441187,Computer Science PASS module,0,No matching MAP,
UGCSGDMF,4,Taught,,2023,,,MS1MNG19,UGCSGP,MEng,Computer Science for Games Programming,1,2023/24,ST1A,Enrolment Block,2024-UGCSGDMF-4-1-ST1A,,2023-UGCSGDMF-4-1-ST1A,"Year=0 - Selections: 441101 in T12, 441104 in T2, 441105 in T1, 441102 in T2, 441108 in T1, 441187 in T12, 441190 in T12",,,70,,Compulsory,4,441190,441190,,0,No matching MAP,
UGCSGDMF,4,Taught,,2023,,,MS1MNG19,UGCSGP,MEng,Computer Science for Games Programming,2,2023/24,ST1A,Enrolment Block,2024-UGCSGDMF-4-2-ST1A,,,,No 2023* diet for this VCO/CBO,,,,,,,,,,No matching MAP,
UGCSGDMF,4,Taught,,2023,,,MS1MNG19,UGCSGP,MEng,Computer Science for Games Programming,3,2023/24,ST1A,Enrolment Block,,No Online diet for this VCO/CBO,,,No 2023* diet for this VCO/CBO,,,,,,,,,,No matching MAP,
UGCSGDMF,4,Taught,,2023,,,MS1MNG19,UGCSGP,MEng,Computer Science for Games Programming,M,2023/24,ST1A,Enrolment Block,,No Online diet for this VCO/CBO,,,No 2023* diet for this VCO/CBO,,,,,,,,,,No matching MAP,
UGCSGDMF,5,Taught,,2023,,,MS2MNG19,UGCGPR,MEng,Computing (Games Programming),1,2023/24,ST1A,Enrolment Block,2024-UGCSGDMF-5-1-ST1A,,2023-UGCSGDMF-5-1-ST1A,,,,10,T12,Core,4,441101,441101,Programming Portfolio,40,441101T1&222,
UGCSGDMF,5,Taught,,2023,,,MS2MNG19,UGCGPR,MEng,Computing (Games Programming),1,2023/24,ST1A,Enrolment Block,2024-UGCSGDMF-5-1-ST1A,,2023-UGCSGDMF-5-1-ST1A,,,,20,T2,Compulsory,4,441104,441104,Computational Thinking,20,441104T12222,
UGCSGDMF,5,Taught,,2023,,,MS2MNG19,UGCGPR,MEng,Computing (Games Programming),1,2023/24,ST1A,Enrolment Block,2024-UGCSGDMF-5-1-ST1A,,2023-UGCSGDMF-5-1-ST1A,,,,30,T1,Compulsory,4,441105,441105,Algorithms and Data Structures,20,441105T12222,
UGCSGDMF,5,Taught,,2023,,,MS2MNG19,UGCGPR,MEng,Computing (Games Programming),1,2023/24,ST1A,Enrolment Block,2024-UGCSGDMF-5-1-ST1A,,2023-UGCSGDMF-5-1-ST1A,,,,40,T2,Compulsory,4,441102,441102,"Architectures, Operating Systems and the Cloud",20,441102T22222,
UGCSGDMF,5,Taught,,2023,,,MS2MNG19,UGCGPR,MEng,Computing (Games Programming),1,2023/24,ST1A,Enrolment Block,2024-UGCSGDMF-5-1-ST1A,,2023-UGCSGDMF-5-1-ST1A,,,,50,T1,Compulsory,4,441108,441108,Professional Development,20,441108T22222,
UGCSGDMF,5,Taught,,2023,,,MS2MNG19,UGCGPR,MEng,Computing (Games Programming),2,2023/24,ST1A,Enrolment Block,2024-UGCSGDMF-5-2-ST1A,,,,No 2023* diet for this VCO/CBO,,,,,,,,,,No matching MAP,
UGCSGDMF,5,Taught,,2023,,,MS2MNG19,UGCGPR,MEng,Computing (Games Programming),3,2023/24,ST1A,Enrolment Block,,No Online diet for this VCO/CBO,,,No 2023* diet for this VCO/CBO,,,,,,,,,,No matching MAP,
UGCSGDMF,5,Taught,,2023,,,MS2MNG19,UGCGPR,MEng,Computing (Games Programming),M,2023/24,ST1A,Enrolment Block,,No Online diet for this VCO/CBO,,,No 2023* diet for this VCO/CBO,,,,,,,,,,No matching MAP,
UGCSGDPF,1,Taught,,,2023,N,US1CMP16,UGCSGD,BSc,Computer Science for Games Development with Industrial Experience,1,2023/24,ST1A,Enrolment Block,2024-UGCSGDPF-1-1-ST1A,,2023-UGCSGDPF-1-1-ST1A,"Year=0 - Selections: 441104 in T1, 441105 in T1, 441101 in T12, 441102 in T2, 441108 in T2",,,1,T12,Core,4,441101,441101,Programming Portfolio,40,441101T1&222,
UGCSGDPF,1,Taught,,,2023,N,US1CMP16,UGCSGD,BSc,Computer Science for Games Development with Industrial Experience,1,2023/24,ST1A,Enrolment Block,2024-UGCSGDPF-1-1-ST1A,,2023-UGCSGDPF-1-1-ST1A,"Year=0 - Selections: 441104 in T1, 441105 in T1, 441101 in T12, 441102 in T2, 441108 in T2",,,11,,Compulsory,4,441104,441104,,20,No matching MAP,
UGCSGDPF,1,Taught,,,2023,N,US1CMP16,UGCSGD,BSc,Computer Science for Games Development with Industrial Experience,1,2023/24,ST1A,Enrolment Block,2024-UGCSGDPF-1-1-ST1A,,2023-UGCSGDPF-1-1-ST1A,"Year=0 - Selections: 441104 in T1, 441105 in T1, 441101 in T12, 441102 in T2, 441108 in T2",,,31,T1,Compulsory,4,441105,441105,Algorithms and Data Structures,20,441105T12222,
UGCSGDPF,1,Taught,,,2023,N,US1CMP16,UGCSGD,BSc,Computer Science for Games Development with Industrial Experience,1,2023/24,ST1A,Enrolment Block,2024-UGCSGDPF-1-1-ST1A,,2023-UGCSGDPF-1-1-ST1A,"Year=0 - Selections: 441104 in T1, 441105 in T1, 441101 in T12, 441102 in T2, 441108 in T2",,,41,T2,Compulsory,4,441102,441102,"Architectures, Operating Systems and the Cloud",20,441102T22222,
UGCSGDPF,1,Taught,,,2023,N,US1CMP16,UGCSGD,BSc,Computer Science for Games Development with Industrial Experience,1,2023/24,ST1A,Enrolment Block,2024-UGCSGDPF-1-1-ST1A,,2023-UGCSGDPF-1-1-ST1A,"Year=0 - Selections: 441104 in T1, 441105 in T1, 441101 in T12, 441102 in T2, 441108 in T2",,,61,,Compulsory,4,441108,441108,,20,No matching MAP,
UGCSGDPF,1,Taught,,,2023,N,US1CMP16,UGCSGD,BSc,Computer Science for Games Development with Industrial Experience,2,2023/24,ST1A,Enrolment Block,2024-UGCSGDPF-1-2-ST1A,,2023-UGCSGDPF-1-2-ST1A,"Year=0 - Selections: 500084 in T1, 500085 in T1, 500086 in T1, 500079 in T2, 500081 in T2, 500083 in T2",,,1,,Compulsory,5,500084,500084,,20,No matching MAP,
UGCSGDPF,1,Taught,,,2023,N,US1CMP16,UGCSGD,BSc,Computer Science for Games Development with Industrial Experience,2,2023/24,ST1A,Enrolment Block,2024-UGCSGDPF-1-2-ST1A,,2023-UGCSGDPF-1-2-ST1A,"Year=0 - Selections: 500084 in T1, 500085 in T1, 500086 in T1, 500079 in T2, 500081 in T2, 500083 in T2",,,11,,Compulsory,5,500085,500085,,20,No matching MAP,
UGCSGDPF,1,Taught,,,2023,N,US1CMP16,UGCSGD,BSc,Computer Science for Games Development with Industrial Experience,2,2023/24,ST1A,Enrolment Block,2024-UGCSGDPF-1-2-ST1A,,2023-UGCSGDPF-1-2-ST1A,"Year=0 - Selections: 500084 in T1, 500085 in T1, 500086 in T1, 500079 in T2, 500081 in T2, 500083 in T2",,,21,,Compulsory,5,500086,500086,,20,No matching MAP,
UGCSGDPF,1,Taught,,,2023,N,US1CMP16,UGCSGD,BSc,Computer Science for Games Development with Industrial Experience,2,2023/24,ST1A,Enrolment Block,2024-UGCSGDPF-1-2-ST1A,,2023-UGCSGDPF-1-2-ST1A,"Year=0 - Selections: 500084 in T1, 500085 in T1, 500086 in T1, 500079 in T2, 500081 in T2, 500083 in T2",,,31,,Compulsory,5,500079,500079,,20,No matching MAP,
UGCSGDPF,1,Taught,,,2023,N,US1CMP16,UGCSGD,BSc,Computer Science for Games Development with Industrial Experience,2,2023/24,ST1A,Enrolment Block,2024-UGCSGDPF-1-2-ST1A,,2023-UGCSGDPF-1-2-ST1A,"Year=0 - Selections: 500084 in T1, 500085 in T1, 500086 in T1, 500079 in T2, 500081 in T2, 500083 in T2",,,41,,Compulsory,5,500081,500081,,20,No matching MAP,
UGCSGDPF,1,Taught,,,2023,N,US1CMP16,UGCSGD,BSc,Computer Science for Games Development with Industrial Experience,2,2023/24,ST1A,Enrolment Block,2024-UGCSGDPF-1-2-ST1A,,2023-UGCSGDPF-1-2-ST1A,"Year=0 - Selections: 500084 in T1, 500085 in T1, 500086 in T1, 500079 in T2, 500081 in T2, 500083 in T2",,,51,T2,Compulsory,5,500083,500083,Advanced Programming,20,500083T22222,
UGCSGDPF,1,Taught,,,2023,N,US1CMP16,UGCSGD,BSc,Computer Science for Games Development with Industrial Experience,3,2023/24,ST1A,Enrolment Block,2024-UGCSGDPF-1-3-ST1A,,2023-UGCSGDPF-1-3-ST1A,"Year=0 - Selections: 600091 in T12, 600098 in T1, 600090 in T2 Student Module Electives  [, 600097 in T12, a maximum of 20.00 available credits from 600088, 600096 in T1, a maximum of 20.00 available credits from 600086, 600089, 600100 in T2  Subject to an overall minimum of 40 available credits and an overall maximum of 40 available credits ] [, 20.00 available credits from 600088, 600096 in T1, 20.00 available credits from 600086, 600089, 600100 in T2  Subject to an overall minimum of 40 available credits and an overall maximum of 40 available credits ]",,,1,T12,Core,6,600091,600091,Honours Stage Project,40,60009112222,
UGCSGDPF,1,Taught,,,2023,N,US1CMP16,UGCSGD,BSc,Computer Science for Games Development with Industrial Experience,3,2023/24,ST1A,Enrolment Block,2024-UGCSGDPF-1-3-ST1A,,2023-UGCSGDPF-1-3-ST1A,"Year=0 - Selections: 600091 in T12, 600098 in T1, 600090 in T2 Student Module Electives  [, 600097 in T12, a maximum of 20.00 available credits from 600088, 600096 in T1, a maximum of 20.00 available credits from 600086, 600089, 600100 in T2  Subject to an overall minimum of 40 available credits and an overall maximum of 40 available credits ] [, 20.00 available credits from 600088, 600096 in T1, 20.00 available credits from 600086, 600089, 600100 in T2  Subject to an overall minimum of 40 available credits and an overall maximum of 40 available credits ]",,,11,,Optional,6,UGCSGDXF1US1CMP16UGCSGD31819O1,600097,,20,No matching MAP,This module is limited to 15 students. Students will be required to attend an interview and complete a DBS if taking this module.
UGCSGDPF,1,Taught,,,2023,N,US1CMP16,UGCSGD,BSc,Computer Science for Games Development with Industrial Experience,3,2023/24,ST1A,Enrolment Block,2024-UGCSGDPF-1-3-ST1A,,2023-UGCSGDPF-1-3-ST1A,"Year=0 - Selections: 600091 in T12, 600098 in T1, 600090 in T2 Student Module Electives  [, 600097 in T12, a maximum of 20.00 available credits from 600088, 600096 in T1, a maximum of 20.00 available credits from 600086, 600089, 600100 in T2  Subject to an overall minimum of 40 available credits and an overall maximum of 40 available credits ] [, 20.00 available credits from 600088, 600096 in T1, 20.00 available credits from 600086, 600089, 600100 in T2  Subject to an overall minimum of 40 available credits and an overall maximum of 40 available credits ]",,,21,T1,Compulsory,6,600098,600098,Games Architecture,20,600098T12222,
UGCSGDPF,1,Taught,,,2023,N,US1CMP16,UGCSGD,BSc,Computer Science for Games Development with Industrial Experience,3,2023/24,ST1A,Enrolment Block,2024-UGCSGDPF-1-3-ST1A,,2023-UGCSGDPF-1-3-ST1A,"Year=0 - Selections: 600091 in T12, 600098 in T1, 600090 in T2 Student Module Electives  [, 600097 in T12, a maximum of 20.00 available credits from 600088, 600096 in T1, a maximum of 20.00 available credits from 600086, 600089, 600100 in T2  Subject to an overall minimum of 40 available credits and an overall maximum of 40 available credits ] [, 20.00 available credits from 600088, 600096 in T1, 20.00 available credits from 600086, 600089, 600100 in T2  Subject to an overall minimum of 40 available credits and an overall maximum of 40 available credits ]",,,31,T1,Optional,6,UGCSGDXF1US1CMP16UGCSGD318S1O1,600088,Virtual Environments,20,600088T12021,
UGCSGDPF,1,Taught,,,2023,N,US1CMP16,UGCSGD,BSc,Computer Science for Games Development with Industrial Experience,3,2023/24,ST1A,Enrolment Block,2024-UGCSGDPF-1-3-ST1A,,2023-UGCSGDPF-1-3-ST1A,"Year=0 - Selections: 600091 in T12, 600098 in T1, 600090 in T2 Student Module Electives  [, 600097 in T12, a maximum of 20.00 available credits from 600088, 600096 in T1, a maximum of 20.00 available credits from 600086, 600089, 600100 in T2  Subject to an overall minimum of 40 available credits and an overall maximum of 40 available credits ] [, 20.00 available credits from 600088, 600096 in T1, 20.00 available credits from 600086, 600089, 600100 in T2  Subject to an overall minimum of 40 available credits and an overall maximum of 40 available credits ]",,,31,T1,Optional,6,UGCSGDXF1US1CMP16UGCSGD318S1O1,600096,Mobile Devices and Applications,20,600096T11919,
UGCSGDPF,1,Taught,,,2023,N,US1CMP16,UGCSGD,BSc,Computer Science for Games Development with Industrial Experience,3,2023/24,ST1A,Enrolment Block,2024-UGCSGDPF-1-3-ST1A,,2023-UGCSGDPF-1-3-ST1A,"Year=0 - Selections: 600091 in T12, 600098 in T1, 600090 in T2 Student Module Electives  [, 600097 in T12, a maximum of 20.00 available credits from 600088, 600096 in T1, a maximum of 20.00 available credits from 600086, 600089, 600100 in T2  Subject to an overall minimum of 40 available credits and an overall maximum of 40 available credits ] [, 20.00 available credits from 600088, 600096 in T1, 20.00 available credits from 600086, 600089, 600100 in T2  Subject to an overall minimum of 40 available credits and an overall maximum of 40 available credits ]",,,41,T2,Compulsory,6,600090,600090,Commercial Games Development Process,20,600090T21818,
UGCSGDPF,1,Taught,,,2023,N,US1CMP16,UGCSGD,BSc,Computer Science for Games Development with Industrial Experience,3,2023/24,ST1A,Enrolment Block,2024-UGCSGDPF-1-3-ST1A,,2023-UGCSGDPF-1-3-ST1A,"Year=0 - Selections: 600091 in T12, 600098 in T1, 600090 in T2 Student Module Electives  [, 600097 in T12, a maximum of 20.00 available credits from 600088, 600096 in T1, a maximum of 20.00 available credits from 600086, 600089, 600100 in T2  Subject to an overall minimum of 40 available credits and an overall maximum of 40 available credits ] [, 20.00 available credits from 600088, 600096 in T1, 20.00 available credits from 600086, 600089, 600100 in T2  Subject to an overall minimum of 40 available credits and an overall maximum of 40 available credits ]",,,51,T2,Optional,6,UGCSGDXF1US1CMP16UGCSGD318S2O1,600086,Parallel and Concurrent Programming,20,600086T22222,
UGCSGDPF,1,Taught,,,2023,N,US1CMP16,UGCSGD,BSc,Computer Science for Games Development with Industrial Experience,3,2023/24,ST1A,Enrolment Block,2024-UGCSGDPF-1-3-ST1A,,2023-UGCSGDPF-1-3-ST1A,"Year=0 - Selections: 600091 in T12, 600098 in T1, 600090 in T2 Student Module Electives  [, 600097 in T12, a maximum of 20.00 available credits from 600088, 600096 in T1, a maximum of 20.00 available credits from 600086, 600089, 600100 in T2  Subject to an overall minimum of 40 available credits and an overall maximum of 40 available credits ] [, 20.00 available credits from 600088, 600096 in T1, 20.00 available credits from 600086, 600089, 600100 in T2  Subject to an overall minimum of 40 available credits and an overall maximum of 40 available credits ]",,,51,T2,Optional,6,UGCSGDXF1US1CMP16UGCSGD318S2O1,600089,Distributed Systems Programming,20,600089T22323,
UGCSGDPF,1,Taught,,,2023,N,US1CMP16,UGCSGD,BSc,Computer Science for Games Development with Industrial Experience,3,2023/24,ST1A,Enrolment Block,2024-UGCSGDPF-1-3-ST1A,,2023-UGCSGDPF-1-3-ST1A,"Year=0 - Selections: 600091 in T12, 600098 in T1, 600090 in T2 Student Module Electives  [, 600097 in T12, a maximum of 20.00 available credits from 600088, 600096 in T1, a maximum of 20.00 available credits from 600086, 600089, 600100 in T2  Subject to an overall minimum of 40 available credits and an overall maximum of 40 available credits ] [, 20.00 available credits from 600088, 600096 in T1, 20.00 available credits from 600086, 600089, 600100 in T2  Subject to an overall minimum of 40 available credits and an overall maximum of 40 available credits ]",,,51,T2,Optional,6,UGCSGDXF1US1CMP16UGCSGD318S2O1,600100,Computer Vision,20,600100T2323,
UGCSGDPF,1,Taught,,,2023,N,US1CMP16,UGCSGD,BSc,Computer Science for Games Development with Industrial Experience,3,2023/24,ST1A,Enrolment Block,2024-UGCSGDPF-1-3-ST1A,,2023-UGCSGDPF-1-3-ST1A,"Year=0 - Selections: 600091 in T12, 600098 in T1, 600090 in T2 Student Module Electives  [, 600097 in T12, a maximum of 20.00 available credits from 600088, 600096 in T1, a maximum of 20.00 available credits from 600086, 600089, 600100 in T2  Subject to an overall minimum of 40 available credits and an overall maximum of 40 available credits ] [, 20.00 available credits from 600088, 600096 in T1, 20.00 available credits from 600086, 600089, 600100 in T2  Subject to an overall minimum of 40 available credits and an overall maximum of 40 available credits ]",,,60,T1,Optional,6,UGCSGDXF1US1CMP16UGCSGD318S1O1,600088,Virtual Environments,20,600088T12021,
UGCSGDPF,1,Taught,,,2023,N,US1CMP16,UGCSGD,BSc,Computer Science for Games Development with Industrial Experience,3,2023/24,ST1A,Enrolment Block,2024-UGCSGDPF-1-3-ST1A,,2023-UGCSGDPF-1-3-ST1A,"Year=0 - Selections: 600091 in T12, 600098 in T1, 600090 in T2 Student Module Electives  [, 600097 in T12, a maximum of 20.00 available credits from 600088, 600096 in T1, a maximum of 20.00 available credits from 600086, 600089, 600100 in T2  Subject to an overall minimum of 40 available credits and an overall maximum of 40 available credits ] [, 20.00 available credits from 600088, 600096 in T1, 20.00 available credits from 600086, 600089, 600100 in T2  Subject to an overall minimum of 40 available credits and an overall maximum of 40 available credits ]",,,60,T1,Optional,6,UGCSGDXF1US1CMP16UGCSGD318S1O1,600096,Mobile Devices and Applications,20,600096T11919,
UGCSGDPF,1,Taught,,,2023,N,US1CMP16,UGCSGD,BSc,Computer Science for Games Development with Industrial Experience,3,2023/24,ST1A,Enrolment Block,2024-UGCSGDPF-1-3-ST1A,,2023-UGCSGDPF-1-3-ST1A,"Year=0 - Selections: 600091 in T12, 600098 in T1, 600090 in T2 Student Module Electives  [, 600097 in T12, a maximum of 20.00 available credits from 600088, 600096 in T1, a maximum of 20.00 available credits from 600086, 600089, 600100 in T2  Subject to an overall minimum of 40 available credits and an overall maximum of 40 available credits ] [, 20.00 available credits from 600088, 600096 in T1, 20.00 available credits from 600086, 600089, 600100 in T2  Subject to an overall minimum of 40 available credits and an overall maximum of 40 available credits ]",,,70,T2,Optional,6,UGCSGDXF1US1CMP16UGCSGD318S2O1,600086,Parallel and Concurrent Programming,20,600086T22222,
UGCSGDPF,1,Taught,,,2023,N,US1CMP16,UGCSGD,BSc,Computer Science for Games Development with Industrial Experience,3,2023/24,ST1A,Enrolment Block,2024-UGCSGDPF-1-3-ST1A,,2023-UGCSGDPF-1-3-ST1A,"Year=0 - Selections: 600091 in T12, 600098 in T1, 600090 in T2 Student Module Electives  [, 600097 in T12, a maximum of 20.00 available credits from 600088, 600096 in T1, a maximum of 20.00 available credits from 600086, 600089, 600100 in T2  Subject to an overall minimum of 40 available credits and an overall maximum of 40 available credits ] [, 20.00 available credits from 600088, 600096 in T1, 20.00 available credits from 600086, 600089, 600100 in T2  Subject to an overall minimum of 40 available credits and an overall maximum of 40 available credits ]",,,70,T2,Optional,6,UGCSGDXF1US1CMP16UGCSGD318S2O1,600089,Distributed Systems Programming,20,600089T22323,
UGCSGDPF,1,Taught,,,2023,N,US1CMP16,UGCSGD,BSc,Computer Science for Games Development with Industrial Experience,3,2023/24,ST1A,Enrolment Block,2024-UGCSGDPF-1-3-ST1A,,2023-UGCSGDPF-1-3-ST1A,"Year=0 - Selections: 600091 in T12, 600098 in T1, 600090 in T2 Student Module Electives  [, 600097 in T12, a maximum of 20.00 available credits from 600088, 600096 in T1, a maximum of 20.00 available credits from 600086, 600089, 600100 in T2  Subject to an overall minimum of 40 available credits and an overall maximum of 40 available credits ] [, 20.00 available credits from 600088, 600096 in T1, 20.00 available credits from 600086, 600089, 600100 in T2  Subject to an overall minimum of 40 available credits and an overall maximum of 40 available credits ]",,,70,T2,Optional,6,UGCSGDXF1US1CMP16UGCSGD318S2O1,600100,Computer Vision,20,600100T2323,
UGCSGDPF,1,Taught,,,2023,N,US1CMP16,UGCSGD,BSc,Computer Science for Games Development with Industrial Experience,P,2023/24,ST1A,Enrolment Block,2024-UGCSGDPF-1-P-ST1A,,2023-UGCSGDPF-1-P-ST1A,Year=0 - Selections: 500091 in T12,,,1,T12,Core,5B,500091,500091,Year Out in Industry/Commerce,120,5.00E+11,
UGCSGDPF,2,Taught,,,2018,,US1CMP00,UGCSWG,BSc,Computer Science with Games Development (with Industrial Experience),1,2023/24,ST1A,Enrolment Block,2024-UGCSGDPF--1-ST1A,,2023-UGCSGDPF--1-ST1A,,,,,,,,,,,,No matching MAP,
UGCSGDPF,2,Taught,,,2018,,US1CMP00,UGCSWG,BSc,Computer Science with Games Development (with Industrial Experience),2,2023/24,ST1A,Enrolment Block,2024-UGCSGDPF--2-ST1A,,2023-UGCSGDPF--2-ST1A,,,,,,,,,,,,No matching MAP,
UGCSGDPF,2,Taught,,,2018,,US1CMP00,UGCSWG,BSc,Computer Science with Games Development (with Industrial Experience),3,2023/24,ST1A,Enrolment Block,2024-UGCSGDPF--3-ST1A,,2023-UGCSGDPF--3-ST1A,"Year=0 - Selections: 600098 in T1, 600091 in T12, 600090 in T2 - Electives: a maximum of 20.00 available credits from 600088, 600095, 600096 in T1, a maximum of 20.00 available credits from 600097 in T12, a maximum of 20.00 available credits from 600084, 600089, 600093 in T2",,,1,T12,Core,6,600091,600091,Honours Stage Project,40,60009112222,
UGCSGDPF,2,Taught,,,2018,,US1CMP00,UGCSWG,BSc,Computer Science with Games Development (with Industrial Experience),3,2023/24,ST1A,Enrolment Block,2024-UGCSGDPF--3-ST1A,,2023-UGCSGDPF--3-ST1A,"Year=0 - Selections: 600098 in T1, 600091 in T12, 600090 in T2 - Electives: a maximum of 20.00 available credits from 600088, 600095, 600096 in T1, a maximum of 20.00 available credits from 600097 in T12, a maximum of 20.00 available credits from 600084, 600089, 600093 in T2",,,11,,Optional,6,UGCSGDPF2US1CMP00UGCSWG31819O1,600097,,20,No matching MAP,This module is limited to 15 students. Students will be required to attend an interview and complete a DBS if taking this module.
UGCSGDPF,2,Taught,,,2018,,US1CMP00,UGCSWG,BSc,Computer Science with Games Development (with Industrial Experience),3,2023/24,ST1A,Enrolment Block,2024-UGCSGDPF--3-ST1A,,2023-UGCSGDPF--3-ST1A,"Year=0 - Selections: 600098 in T1, 600091 in T12, 600090 in T2 - Electives: a maximum of 20.00 available credits from 600088, 600095, 600096 in T1, a maximum of 20.00 available credits from 600097 in T12, a maximum of 20.00 available credits from 600084, 600089, 600093 in T2",,,21,T1,Compulsory,6,600098,600098,Games Architecture,20,600098T12222,
UGCSGDPF,2,Taught,,,2018,,US1CMP00,UGCSWG,BSc,Computer Science with Games Development (with Industrial Experience),3,2023/24,ST1A,Enrolment Block,2024-UGCSGDPF--3-ST1A,,2023-UGCSGDPF--3-ST1A,"Year=0 - Selections: 600098 in T1, 600091 in T12, 600090 in T2 - Electives: a maximum of 20.00 available credits from 600088, 600095, 600096 in T1, a maximum of 20.00 available credits from 600097 in T12, a maximum of 20.00 available credits from 600084, 600089, 600093 in T2",,,31,,Optional,6,UGCSGDPF2US1CMP00UGCSWG318S1O1,600095,,20,No matching MAP,
UGCSGDPF,2,Taught,,,2018,,US1CMP00,UGCSWG,BSc,Computer Science with Games Development (with Industrial Experience),3,2023/24,ST1A,Enrolment Block,2024-UGCSGDPF--3-ST1A,,2023-UGCSGDPF--3-ST1A,"Year=0 - Selections: 600098 in T1, 600091 in T12, 600090 in T2 - Electives: a maximum of 20.00 available credits from 600088, 600095, 600096 in T1, a maximum of 20.00 available credits from 600097 in T12, a maximum of 20.00 available credits from 600084, 600089, 600093 in T2",,,31,T1,Optional,6,UGCSGDPF2US1CMP00UGCSWG318S1O1,600088,Virtual Environments,20,600088T12021,
UGCSGDPF,2,Taught,,,2018,,US1CMP00,UGCSWG,BSc,Computer Science with Games Development (with Industrial Experience),3,2023/24,ST1A,Enrolment Block,2024-UGCSGDPF--3-ST1A,,2023-UGCSGDPF--3-ST1A,"Year=0 - Selections: 600098 in T1, 600091 in T12, 600090 in T2 - Electives: a maximum of 20.00 available credits from 600088, 600095, 600096 in T1, a maximum of 20.00 available credits from 600097 in T12, a maximum of 20.00 available credits from 600084, 600089, 600093 in T2",,,31,T1,Optional,6,UGCSGDPF2US1CMP00UGCSWG318S1O1,600096,Mobile Devices and Applications,20,600096T11919,
UGCSGDPF,2,Taught,,,2018,,US1CMP00,UGCSWG,BSc,Computer Science with Games Development (with Industrial Experience),3,2023/24,ST1A,Enrolment Block,2024-UGCSGDPF--3-ST1A,,2023-UGCSGDPF--3-ST1A,"Year=0 - Selections: 600098 in T1, 600091 in T12, 600090 in T2 - Electives: a maximum of 20.00 available credits from 600088, 600095, 600096 in T1, a maximum of 20.00 available credits from 600097 in T12, a maximum of 20.00 available credits from 600084, 600089, 600093 in T2",,,41,T2,Compulsory,6,600090,600090,Commercial Games Development Process,20,600090T21818,
UGCSGDPF,2,Taught,,,2018,,US1CMP00,UGCSWG,BSc,Computer Science with Games Development (with Industrial Experience),3,2023/24,ST1A,Enrolment Block,2024-UGCSGDPF--3-ST1A,,2023-UGCSGDPF--3-ST1A,"Year=0 - Selections: 600098 in T1, 600091 in T12, 600090 in T2 - Electives: a maximum of 20.00 available credits from 600088, 600095, 600096 in T1, a maximum of 20.00 available credits from 600097 in T12, a maximum of 20.00 available credits from 600084, 600089, 600093 in T2",,,51,,Optional,6,UGCSGDPF2US1CMP00UGCSWG318S2O1,600084,,20,No matching MAP,
UGCSGDPF,2,Taught,,,2018,,US1CMP00,UGCSWG,BSc,Computer Science with Games Development (with Industrial Experience),3,2023/24,ST1A,Enrolment Block,2024-UGCSGDPF--3-ST1A,,2023-UGCSGDPF--3-ST1A,"Year=0 - Selections: 600098 in T1, 600091 in T12, 600090 in T2 - Electives: a maximum of 20.00 available credits from 600088, 600095, 600096 in T1, a maximum of 20.00 available credits from 600097 in T12, a maximum of 20.00 available credits from 600084, 600089, 600093 in T2",,,51,T2,Optional,6,UGCSGDPF2US1CMP00UGCSWG318S2O1,600089,Distributed Systems Programming,20,600089T22323,
UGCSGDPF,2,Taught,,,2018,,US1CMP00,UGCSWG,BSc,Computer Science with Games Development (with Industrial Experience),3,2023/24,ST1A,Enrolment Block,2024-UGCSGDPF--3-ST1A,,2023-UGCSGDPF--3-ST1A,"Year=0 - Selections: 600098 in T1, 600091 in T12, 600090 in T2 - Electives: a maximum of 20.00 available credits from 600088, 600095, 600096 in T1, a maximum of 20.00 available credits from 600097 in T12, a maximum of 20.00 available credits from 600084, 600089, 600093 in T2",,,51,T2,Optional,6,UGCSGDPF2US1CMP00UGCSWG318S2O1,600093,Computational Science,20,600093T22222,
UGCSGDPF,2,Taught,,,2018,,US1CMP00,UGCSWG,BSc,Computer Science with Games Development (with Industrial Experience),P,2023/24,ST1A,Enrolment Block,2024-UGCSGDPF--P-ST1A,,2023-UGCSGDPF--P-ST1A,,,,,,,,,,,,No matching MAP,
UGCSGDPF,3,Taught,,2022,,Y,US1CMP19,UGCSGD,BSc,Computer Science for Games Development with Industrial Placement,1,2023/24,ST1A,Enrolment Block,2024-UGCSGDPF-3-1-ST1A,,2023-UGCSGDPF-3-1-ST1A,"Year=0 - Selections: 441101 in T12, 441104 in T2, 441105 in T1, 441102 in T2, 441108 in T1, 441187 in T12, 441190 in T12",,,10,T12,Core,4,441101,441101,Programming Portfolio,40,441101T1&222,
UGCSGDPF,3,Taught,,2022,,Y,US1CMP19,UGCSGD,BSc,Computer Science for Games Development with Industrial Placement,1,2023/24,ST1A,Enrolment Block,2024-UGCSGDPF-3-1-ST1A,,2023-UGCSGDPF-3-1-ST1A,"Year=0 - Selections: 441101 in T12, 441104 in T2, 441105 in T1, 441102 in T2, 441108 in T1, 441187 in T12, 441190 in T12",,,20,T2,Compulsory,4,441104,441104,Computational Thinking,20,441104T12222,
UGCSGDPF,3,Taught,,2022,,Y,US1CMP19,UGCSGD,BSc,Computer Science for Games Development with Industrial Placement,1,2023/24,ST1A,Enrolment Block,2024-UGCSGDPF-3-1-ST1A,,2023-UGCSGDPF-3-1-ST1A,"Year=0 - Selections: 441101 in T12, 441104 in T2, 441105 in T1, 441102 in T2, 441108 in T1, 441187 in T12, 441190 in T12",,,30,T1,Compulsory,4,441105,441105,Algorithms and Data Structures,20,441105T12222,
UGCSGDPF,3,Taught,,2022,,Y,US1CMP19,UGCSGD,BSc,Computer Science for Games Development with Industrial Placement,1,2023/24,ST1A,Enrolment Block,2024-UGCSGDPF-3-1-ST1A,,2023-UGCSGDPF-3-1-ST1A,"Year=0 - Selections: 441101 in T12, 441104 in T2, 441105 in T1, 441102 in T2, 441108 in T1, 441187 in T12, 441190 in T12",,,40,T2,Compulsory,4,441102,441102,"Architectures, Operating Systems and the Cloud",20,441102T22222,
UGCSGDPF,3,Taught,,2022,,Y,US1CMP19,UGCSGD,BSc,Computer Science for Games Development with Industrial Placement,1,2023/24,ST1A,Enrolment Block,2024-UGCSGDPF-3-1-ST1A,,2023-UGCSGDPF-3-1-ST1A,"Year=0 - Selections: 441101 in T12, 441104 in T2, 441105 in T1, 441102 in T2, 441108 in T1, 441187 in T12, 441190 in T12",,,50,T1,Compulsory,4,441108,441108,Professional Development,20,441108T22222,
UGCSGDPF,3,Taught,,2022,,Y,US1CMP19,UGCSGD,BSc,Computer Science for Games Development with Industrial Placement,1,2023/24,ST1A,Enrolment Block,2024-UGCSGDPF-3-1-ST1A,,2023-UGCSGDPF-3-1-ST1A,"Year=0 - Selections: 441101 in T12, 441104 in T2, 441105 in T1, 441102 in T2, 441108 in T1, 441187 in T12, 441190 in T12",,,60,T12,Compulsory,4,441187,441187,Computer Science PASS module,0,No matching MAP,
UGCSGDPF,3,Taught,,2022,,Y,US1CMP19,UGCSGD,BSc,Computer Science for Games Development with Industrial Placement,1,2023/24,ST1A,Enrolment Block,2024-UGCSGDPF-3-1-ST1A,,2023-UGCSGDPF-3-1-ST1A,"Year=0 - Selections: 441101 in T12, 441104 in T2, 441105 in T1, 441102 in T2, 441108 in T1, 441187 in T12, 441190 in T12",,,70,,Compulsory,4,441190,441190,,0,No matching MAP,
UGCSGDPF,3,Taught,,2022,,Y,US1CMP19,UGCSGD,BSc,Computer Science for Games Development with Industrial Placement,2,2023/24,ST1A,Enrolment Block,2024-UGCSGDPF-3-2-ST1A,,2023-UGCSGDPF-3-2-ST1A,"Year=0 - Selections: 551462 in T12, 551455 in T1, 551459 in T1, 500083 in T2, 551461 in T2, 441190 in T12",,,10,T12,Core,5,551462,551462,Design Develop Deploy,40,551462T1222,
UGCSGDPF,3,Taught,,2022,,Y,US1CMP19,UGCSGD,BSc,Computer Science for Games Development with Industrial Placement,2,2023/24,ST1A,Enrolment Block,2024-UGCSGDPF-3-2-ST1A,,2023-UGCSGDPF-3-2-ST1A,"Year=0 - Selections: 551462 in T12, 551455 in T1, 551459 in T1, 500083 in T2, 551461 in T2, 441190 in T12",,,20,T1,Compulsory,5,551455,551455,Graphics Programming and Simulation 1,20,551455T12222,
UGCSGDPF,3,Taught,,2022,,Y,US1CMP19,UGCSGD,BSc,Computer Science for Games Development with Industrial Placement,2,2023/24,ST1A,Enrolment Block,2024-UGCSGDPF-3-2-ST1A,,2023-UGCSGDPF-3-2-ST1A,"Year=0 - Selections: 551462 in T12, 551455 in T1, 551459 in T1, 500083 in T2, 551461 in T2, 441190 in T12",,,30,T1,Compulsory,5,551459,551459,Artificial Intelligence for Games,20,551459T12222,
UGCSGDPF,3,Taught,,2022,,Y,US1CMP19,UGCSGD,BSc,Computer Science for Games Development with Industrial Placement,2,2023/24,ST1A,Enrolment Block,2024-UGCSGDPF-3-2-ST1A,,2023-UGCSGDPF-3-2-ST1A,"Year=0 - Selections: 551462 in T12, 551455 in T1, 551459 in T1, 500083 in T2, 551461 in T2, 441190 in T12",,,40,T2,Compulsory,5,500083,500083,Advanced Programming,20,500083T22222,
UGCSGDPF,3,Taught,,2022,,Y,US1CMP19,UGCSGD,BSc,Computer Science for Games Development with Industrial Placement,2,2023/24,ST1A,Enrolment Block,2024-UGCSGDPF-3-2-ST1A,,2023-UGCSGDPF-3-2-ST1A,"Year=0 - Selections: 551462 in T12, 551455 in T1, 551459 in T1, 500083 in T2, 551461 in T2, 441190 in T12",,,50,T2,Compulsory,5,551461,551461,Mixed Reality Development,20,551461T22323,
UGCSGDPF,3,Taught,,2022,,Y,US1CMP19,UGCSGD,BSc,Computer Science for Games Development with Industrial Placement,2,2023/24,ST1A,Enrolment Block,2024-UGCSGDPF-3-2-ST1A,,2023-UGCSGDPF-3-2-ST1A,"Year=0 - Selections: 551462 in T12, 551455 in T1, 551459 in T1, 500083 in T2, 551461 in T2, 441190 in T12",,,60,,Compulsory,4,441190,441190,,0,No matching MAP,
UGCSGDPF,3,Taught,,2022,,Y,US1CMP19,UGCSGD,BSc,Computer Science for Games Development with Industrial Placement,3,2023/24,ST1A,Enrolment Block,2024-UGCSGDPF-3-3-ST1A,,2023-UGCSGDPF-3-3-ST1A,"Year=0 - Selections: 600098 in T1, 661981 in T1, 600086 in T2, 441190 in T12, 600089 in T2 - Electives: 40.00 available credits from 600091, 662004 in T12",,,10,T12,Elective - If chosen cannot condone or compenste,6,COMP SCI L6 T12 OPTS,600091,Honours Stage Project,40,60009112222,
UGCSGDPF,3,Taught,,2022,,Y,US1CMP19,UGCSGD,BSc,Computer Science for Games Development with Industrial Placement,3,2023/24,ST1A,Enrolment Block,2024-UGCSGDPF-3-3-ST1A,,2023-UGCSGDPF-3-3-ST1A,"Year=0 - Selections: 600098 in T1, 661981 in T1, 600086 in T2, 441190 in T12, 600089 in T2 - Electives: 40.00 available credits from 600091, 662004 in T12",,,10,T12,Elective - If chosen cannot condone or compenste,6,COMP SCI L6 T12 OPTS,662004,Communicating and Teaching Computing,40,6.62E+11,
UGCSGDPF,3,Taught,,2022,,Y,US1CMP19,UGCSGD,BSc,Computer Science for Games Development with Industrial Placement,3,2023/24,ST1A,Enrolment Block,2024-UGCSGDPF-3-3-ST1A,,2023-UGCSGDPF-3-3-ST1A,"Year=0 - Selections: 600098 in T1, 661981 in T1, 600086 in T2, 441190 in T12, 600089 in T2 - Electives: 40.00 available credits from 600091, 662004 in T12",,,20,T1,Compulsory,6,600098,600098,Games Architecture,20,600098T12222,
UGCSGDPF,3,Taught,,2022,,Y,US1CMP19,UGCSGD,BSc,Computer Science for Games Development with Industrial Placement,3,2023/24,ST1A,Enrolment Block,2024-UGCSGDPF-3-3-ST1A,,2023-UGCSGDPF-3-3-ST1A,"Year=0 - Selections: 600098 in T1, 661981 in T1, 600086 in T2, 441190 in T12, 600089 in T2 - Electives: 40.00 available credits from 600091, 662004 in T12",,,30,T1,Compulsory,6,661981,661981,Graphics Programming and Simulation 2,20,661981T12222,
UGCSGDPF,3,Taught,,2022,,Y,US1CMP19,UGCSGD,BSc,Computer Science for Games Development with Industrial Placement,3,2023/24,ST1A,Enrolment Block,2024-UGCSGDPF-3-3-ST1A,,2023-UGCSGDPF-3-3-ST1A,"Year=0 - Selections: 600098 in T1, 661981 in T1, 600086 in T2, 441190 in T12, 600089 in T2 - Electives: 40.00 available credits from 600091, 662004 in T12",,,40,T2,Compulsory,6,600086,600086,Parallel and Concurrent Programming,20,600086T22222,
UGCSGDPF,3,Taught,,2022,,Y,US1CMP19,UGCSGD,BSc,Computer Science for Games Development with Industrial Placement,3,2023/24,ST1A,Enrolment Block,2024-UGCSGDPF-3-3-ST1A,,2023-UGCSGDPF-3-3-ST1A,"Year=0 - Selections: 600098 in T1, 661981 in T1, 600086 in T2, 441190 in T12, 600089 in T2 - Electives: 40.00 available credits from 600091, 662004 in T12",,,60,,Compulsory,4,441190,441190,,0,No matching MAP,
UGCSGDPF,3,Taught,,2022,,Y,US1CMP19,UGCSGD,BSc,Computer Science for Games Development with Industrial Placement,3,2023/24,ST1A,Enrolment Block,2024-UGCSGDPF-3-3-ST1A,,2023-UGCSGDPF-3-3-ST1A,"Year=0 - Selections: 600098 in T1, 661981 in T1, 600086 in T2, 441190 in T12, 600089 in T2 - Electives: 40.00 available credits from 600091, 662004 in T12",,,70,T2,Compulsory,6,600089,600089,Distributed Systems Programming,20,600089T22323,
UGCSGDPF,3,Taught,,2022,,Y,US1CMP19,UGCSGD,BSc,Computer Science for Games Development with Industrial Placement,P,2023/24,ST1A,Enrolment Block,2024-UGCSGDPF-3-P-ST1A,,2023-UGCSGDPF-3-P-ST1A,Year=0 - Selections: 500091 in T123A,,,10,T123A,Core,5B,500091,500091,Year Out in Industry/Commerce,120,50009112322,
UGCSGDPF,4,Taught,,2022,,Y,US2CMP19,UGCOGD,BSc,Computing (Games Development) with Industrial Placement,1,2023/24,ST1A,Enrolment Block,2024-UGCSGDPF-4-1-ST1A,,2023-UGCSGDPF-4-1-ST1A,,,,10,T12,Core,4,441101,441101,Programming Portfolio,40,441101T1&222,
UGCSGDPF,4,Taught,,2022,,Y,US2CMP19,UGCOGD,BSc,Computing (Games Development) with Industrial Placement,1,2023/24,ST1A,Enrolment Block,2024-UGCSGDPF-4-1-ST1A,,2023-UGCSGDPF-4-1-ST1A,,,,20,T2,Compulsory,4,441104,441104,Computational Thinking,20,441104T12222,
UGCSGDPF,4,Taught,,2022,,Y,US2CMP19,UGCOGD,BSc,Computing (Games Development) with Industrial Placement,1,2023/24,ST1A,Enrolment Block,2024-UGCSGDPF-4-1-ST1A,,2023-UGCSGDPF-4-1-ST1A,,,,30,T1,Compulsory,4,441105,441105,Algorithms and Data Structures,20,441105T12222,
UGCSGDPF,4,Taught,,2022,,Y,US2CMP19,UGCOGD,BSc,Computing (Games Development) with Industrial Placement,1,2023/24,ST1A,Enrolment Block,2024-UGCSGDPF-4-1-ST1A,,2023-UGCSGDPF-4-1-ST1A,,,,40,T2,Compulsory,4,441102,441102,"Architectures, Operating Systems and the Cloud",20,441102T22222,
UGCSGDPF,4,Taught,,2022,,Y,US2CMP19,UGCOGD,BSc,Computing (Games Development) with Industrial Placement,1,2023/24,ST1A,Enrolment Block,2024-UGCSGDPF-4-1-ST1A,,2023-UGCSGDPF-4-1-ST1A,,,,50,T1,Compulsory,4,441108,441108,Professional Development,20,441108T22222,
UGCSGDPF,4,Taught,,2022,,Y,US2CMP19,UGCOGD,BSc,Computing (Games Development) with Industrial Placement,2,2023/24,ST1A,Enrolment Block,2024-UGCSGDPF-4-2-ST1A,,2023-UGCSGDPF-4-2-ST1A,"Year=0 - Selections: 551462 in T12, 551455 in T1, 551459 in T1, 500083 in T2, 551461 in T2, 441190 in T12",,,10,T12,Core,5,551462,551462,Design Develop Deploy,40,551462T1222,
UGCSGDPF,4,Taught,,2022,,Y,US2CMP19,UGCOGD,BSc,Computing (Games Development) with Industrial Placement,2,2023/24,ST1A,Enrolment Block,2024-UGCSGDPF-4-2-ST1A,,2023-UGCSGDPF-4-2-ST1A,"Year=0 - Selections: 551462 in T12, 551455 in T1, 551459 in T1, 500083 in T2, 551461 in T2, 441190 in T12",,,20,T1,Compulsory,5,551455,551455,Graphics Programming and Simulation 1,20,551455T12222,
UGCSGDPF,4,Taught,,2022,,Y,US2CMP19,UGCOGD,BSc,Computing (Games Development) with Industrial Placement,2,2023/24,ST1A,Enrolment Block,2024-UGCSGDPF-4-2-ST1A,,2023-UGCSGDPF-4-2-ST1A,"Year=0 - Selections: 551462 in T12, 551455 in T1, 551459 in T1, 500083 in T2, 551461 in T2, 441190 in T12",,,30,T1,Compulsory,5,551459,551459,Artificial Intelligence for Games,20,551459T12222,
UGCSGDPF,4,Taught,,2022,,Y,US2CMP19,UGCOGD,BSc,Computing (Games Development) with Industrial Placement,2,2023/24,ST1A,Enrolment Block,2024-UGCSGDPF-4-2-ST1A,,2023-UGCSGDPF-4-2-ST1A,"Year=0 - Selections: 551462 in T12, 551455 in T1, 551459 in T1, 500083 in T2, 551461 in T2, 441190 in T12",,,40,T2,Compulsory,5,500083,500083,Advanced Programming,20,500083T22222,
UGCSGDPF,4,Taught,,2022,,Y,US2CMP19,UGCOGD,BSc,Computing (Games Development) with Industrial Placement,2,2023/24,ST1A,Enrolment Block,2024-UGCSGDPF-4-2-ST1A,,2023-UGCSGDPF-4-2-ST1A,"Year=0 - Selections: 551462 in T12, 551455 in T1, 551459 in T1, 500083 in T2, 551461 in T2, 441190 in T12",,,50,T2,Compulsory,5,551461,551461,Mixed Reality Development,20,551461T22323,
UGCSGDPF,4,Taught,,2022,,Y,US2CMP19,UGCOGD,BSc,Computing (Games Development) with Industrial Placement,2,2023/24,ST1A,Enrolment Block,2024-UGCSGDPF-4-2-ST1A,,2023-UGCSGDPF-4-2-ST1A,"Year=0 - Selections: 551462 in T12, 551455 in T1, 551459 in T1, 500083 in T2, 551461 in T2, 441190 in T12",,,60,,Compulsory,4,441190,441190,,0,No matching MAP,
UGCSGDPF,4,Taught,,2022,,Y,US2CMP19,UGCOGD,BSc,Computing (Games Development) with Industrial Placement,3,2023/24,ST1A,Enrolment Block,2024-UGCSGDPF-4-3-ST1A,,2023-UGCSGDPF-4-3-ST1A,"Year=0 - Selections: 600098 in T1, 661981 in T1, 600086 in T2, 441190 in T12, 600089 in T2 - Electives: 40.00 available credits from 600091, 662004 in T12",,,10,T12,Elective - If chosen cannot condone or compenste,6,COMP SCI L6 T12 OPTS,600091,Honours Stage Project,40,60009112222,
UGCSGDPF,4,Taught,,2022,,Y,US2CMP19,UGCOGD,BSc,Computing (Games Development) with Industrial Placement,3,2023/24,ST1A,Enrolment Block,2024-UGCSGDPF-4-3-ST1A,,2023-UGCSGDPF-4-3-ST1A,"Year=0 - Selections: 600098 in T1, 661981 in T1, 600086 in T2, 441190 in T12, 600089 in T2 - Electives: 40.00 available credits from 600091, 662004 in T12",,,10,T12,Elective - If chosen cannot condone or compenste,6,COMP SCI L6 T12 OPTS,662004,Communicating and Teaching Computing,40,6.62E+11,
UGCSGDPF,4,Taught,,2022,,Y,US2CMP19,UGCOGD,BSc,Computing (Games Development) with Industrial Placement,3,2023/24,ST1A,Enrolment Block,2024-UGCSGDPF-4-3-ST1A,,2023-UGCSGDPF-4-3-ST1A,"Year=0 - Selections: 600098 in T1, 661981 in T1, 600086 in T2, 441190 in T12, 600089 in T2 - Electives: 40.00 available credits from 600091, 662004 in T12",,,20,T1,Compulsory,6,600098,600098,Games Architecture,20,600098T12222,
UGCSGDPF,4,Taught,,2022,,Y,US2CMP19,UGCOGD,BSc,Computing (Games Development) with Industrial Placement,3,2023/24,ST1A,Enrolment Block,2024-UGCSGDPF-4-3-ST1A,,2023-UGCSGDPF-4-3-ST1A,"Year=0 - Selections: 600098 in T1, 661981 in T1, 600086 in T2, 441190 in T12, 600089 in T2 - Electives: 40.00 available credits from 600091, 662004 in T12",,,30,T1,Compulsory,6,661981,661981,Graphics Programming and Simulation 2,20,661981T12222,
UGCSGDPF,4,Taught,,2022,,Y,US2CMP19,UGCOGD,BSc,Computing (Games Development) with Industrial Placement,3,2023/24,ST1A,Enrolment Block,2024-UGCSGDPF-4-3-ST1A,,2023-UGCSGDPF-4-3-ST1A,"Year=0 - Selections: 600098 in T1, 661981 in T1, 600086 in T2, 441190 in T12, 600089 in T2 - Electives: 40.00 available credits from 600091, 662004 in T12",,,40,T2,Compulsory,6,600086,600086,Parallel and Concurrent Programming,20,600086T22222,
UGCSGDPF,4,Taught,,2022,,Y,US2CMP19,UGCOGD,BSc,Computing (Games Development) with Industrial Placement,3,2023/24,ST1A,Enrolment Block,2024-UGCSGDPF-4-3-ST1A,,2023-UGCSGDPF-4-3-ST1A,"Year=0 - Selections: 600098 in T1, 661981 in T1, 600086 in T2, 441190 in T12, 600089 in T2 - Electives: 40.00 available credits from 600091, 662004 in T12",,,60,,Compulsory,4,441190,441190,,0,No matching MAP,
UGCSGDPF,4,Taught,,2022,,Y,US2CMP19,UGCOGD,BSc,Computing (Games Development) with Industrial Placement,3,2023/24,ST1A,Enrolment Block,2024-UGCSGDPF-4-3-ST1A,,2023-UGCSGDPF-4-3-ST1A,"Year=0 - Selections: 600098 in T1, 661981 in T1, 600086 in T2, 441190 in T12, 600089 in T2 - Electives: 40.00 available credits from 600091, 662004 in T12",,,70,T2,Compulsory,6,600089,600089,Distributed Systems Programming,20,600089T22323,
UGCSGDPF,4,Taught,,2022,,Y,US2CMP19,UGCOGD,BSc,Computing (Games Development) with Industrial Placement,P,2023/24,ST1A,Enrolment Block,2024-UGCSGDPF-4-P-ST1A,,2023-UGCSGDPF-4-P-ST1A,Year=0 - Selections: 500091 in T123A,,,10,T123A,Core,5B,500091,500091,Year Out in Industry/Commerce,120,50009112322,
UGCSGDPF,5,Taught,,2023,,,US1CMP19,UGCSGP,BSc,Computer Science for Games Programming with Industrial Experience,1,2023/24,ST1A,Enrolment Block,2024-UGCSGDPF-5-1-ST1A,,2023-UGCSGDPF-5-1-ST1A,"Year=0 - Selections: 441101 in T12, 441104 in T2, 441105 in T1, 441102 in T2, 441108 in T1, 441187 in T12, 441190 in T12",,,10,T12,Core,4,441101,441101,Programming Portfolio,40,441101T1&222,
UGCSGDPF,5,Taught,,2023,,,US1CMP19,UGCSGP,BSc,Computer Science for Games Programming with Industrial Experience,1,2023/24,ST1A,Enrolment Block,2024-UGCSGDPF-5-1-ST1A,,2023-UGCSGDPF-5-1-ST1A,"Year=0 - Selections: 441101 in T12, 441104 in T2, 441105 in T1, 441102 in T2, 441108 in T1, 441187 in T12, 441190 in T12",,,20,T2,Compulsory,4,441104,441104,Computational Thinking,20,441104T12222,
UGCSGDPF,5,Taught,,2023,,,US1CMP19,UGCSGP,BSc,Computer Science for Games Programming with Industrial Experience,1,2023/24,ST1A,Enrolment Block,2024-UGCSGDPF-5-1-ST1A,,2023-UGCSGDPF-5-1-ST1A,"Year=0 - Selections: 441101 in T12, 441104 in T2, 441105 in T1, 441102 in T2, 441108 in T1, 441187 in T12, 441190 in T12",,,30,T1,Compulsory,4,441105,441105,Algorithms and Data Structures,20,441105T12222,
UGCSGDPF,5,Taught,,2023,,,US1CMP19,UGCSGP,BSc,Computer Science for Games Programming with Industrial Experience,1,2023/24,ST1A,Enrolment Block,2024-UGCSGDPF-5-1-ST1A,,2023-UGCSGDPF-5-1-ST1A,"Year=0 - Selections: 441101 in T12, 441104 in T2, 441105 in T1, 441102 in T2, 441108 in T1, 441187 in T12, 441190 in T12",,,40,T2,Compulsory,4,441102,441102,"Architectures, Operating Systems and the Cloud",20,441102T22222,
UGCSGDPF,5,Taught,,2023,,,US1CMP19,UGCSGP,BSc,Computer Science for Games Programming with Industrial Experience,1,2023/24,ST1A,Enrolment Block,2024-UGCSGDPF-5-1-ST1A,,2023-UGCSGDPF-5-1-ST1A,"Year=0 - Selections: 441101 in T12, 441104 in T2, 441105 in T1, 441102 in T2, 441108 in T1, 441187 in T12, 441190 in T12",,,50,T1,Compulsory,4,441108,441108,Professional Development,20,441108T22222,
UGCSGDPF,5,Taught,,2023,,,US1CMP19,UGCSGP,BSc,Computer Science for Games Programming with Industrial Experience,1,2023/24,ST1A,Enrolment Block,2024-UGCSGDPF-5-1-ST1A,,2023-UGCSGDPF-5-1-ST1A,"Year=0 - Selections: 441101 in T12, 441104 in T2, 441105 in T1, 441102 in T2, 441108 in T1, 441187 in T12, 441190 in T12",,,60,T12,Compulsory,4,441187,441187,Computer Science PASS module,0,No matching MAP,
UGCSGDPF,5,Taught,,2023,,,US1CMP19,UGCSGP,BSc,Computer Science for Games Programming with Industrial Experience,1,2023/24,ST1A,Enrolment Block,2024-UGCSGDPF-5-1-ST1A,,2023-UGCSGDPF-5-1-ST1A,"Year=0 - Selections: 441101 in T12, 441104 in T2, 441105 in T1, 441102 in T2, 441108 in T1, 441187 in T12, 441190 in T12",,,70,,Compulsory,4,441190,441190,,0,No matching MAP,
UGCSGDPF,5,Taught,,2023,,,US1CMP19,UGCSGP,BSc,Computer Science for Games Programming with Industrial Experience,2,2023/24,ST1A,Enrolment Block,2024-UGCSGDPF-5-2-ST1A,,,,No 2023* diet for this VCO/CBO,,,,,,,,,,No matching MAP,
UGCSGDPF,5,Taught,,2023,,,US1CMP19,UGCSGP,BSc,Computer Science for Games Programming with Industrial Experience,3,2023/24,ST1A,Enrolment Block,,No Online diet for this VCO/CBO,,,No 2023* diet for this VCO/CBO,,,,,,,,,,No matching MAP,
UGCSGDPF,5,Taught,,2023,,,US1CMP19,UGCSGP,BSc,Computer Science for Games Programming with Industrial Experience,P,2023/24,ST1A,Enrolment Block,,No Online diet for this VCO/CBO,,,No 2023* diet for this VCO/CBO,,,,,,,,,,No matching MAP,
UGCSGDPF,6,Taught,,2023,,,US2CMP19,UGCGPR,BSc,Computing (Games Programming) with Industrial Experience,1,2023/24,ST1A,Enrolment Block,2024-UGCSGDPF-6-1-ST1A,,2023-UGCSGDPF-6-1-ST1A,,,,10,T12,Core,4,441101,441101,Programming Portfolio,40,441101T1&222,
UGCSGDPF,6,Taught,,2023,,,US2CMP19,UGCGPR,BSc,Computing (Games Programming) with Industrial Experience,1,2023/24,ST1A,Enrolment Block,2024-UGCSGDPF-6-1-ST1A,,2023-UGCSGDPF-6-1-ST1A,,,,20,T2,Compulsory,4,441104,441104,Computational Thinking,20,441104T12222,
UGCSGDPF,6,Taught,,2023,,,US2CMP19,UGCGPR,BSc,Computing (Games Programming) with Industrial Experience,1,2023/24,ST1A,Enrolment Block,2024-UGCSGDPF-6-1-ST1A,,2023-UGCSGDPF-6-1-ST1A,,,,30,T1,Compulsory,4,441105,441105,Algorithms and Data Structures,20,441105T12222,
UGCSGDPF,6,Taught,,2023,,,US2CMP19,UGCGPR,BSc,Computing (Games Programming) with Industrial Experience,1,2023/24,ST1A,Enrolment Block,2024-UGCSGDPF-6-1-ST1A,,2023-UGCSGDPF-6-1-ST1A,,,,40,T2,Compulsory,4,441102,441102,"Architectures, Operating Systems and the Cloud",20,441102T22222,
UGCSGDPF,6,Taught,,2023,,,US2CMP19,UGCGPR,BSc,Computing (Games Programming) with Industrial Experience,1,2023/24,ST1A,Enrolment Block,2024-UGCSGDPF-6-1-ST1A,,2023-UGCSGDPF-6-1-ST1A,,,,50,T1,Compulsory,4,441108,441108,Professional Development,20,441108T22222,
UGCSGDPF,6,Taught,,2023,,,US2CMP19,UGCGPR,BSc,Computing (Games Programming) with Industrial Experience,2,2023/24,ST1A,Enrolment Block,2024-UGCSGDPF-6-2-ST1A,,,,No 2023* diet for this VCO/CBO,,,,,,,,,,No matching MAP,
UGCSGDPF,6,Taught,,2023,,,US2CMP19,UGCGPR,BSc,Computing (Games Programming) with Industrial Experience,3,2023/24,ST1A,Enrolment Block,,No Online diet for this VCO/CBO,,,No 2023* diet for this VCO/CBO,,,,,,,,,,No matching MAP,
UGCSGDPF,6,Taught,,2023,,,US2CMP19,UGCGPR,BSc,Computing (Games Programming) with Industrial Experience,P,2023/24,ST1A,Enrolment Block,,No Online diet for this VCO/CBO,,,No 2023* diet for this VCO/CBO,,,,,,,,,,No matching MAP,
UGCSGDPF,7,Taught,,,,,US2CMO19,UGCSGD,BSc (Ordinary),Computer Science for Games Development with Industrial Experience,1,2023/24,ST1A,Enrolment Block,,No Online diet for this VCO/CBO,,,No 2023* diet for this VCO/CBO,,,,,,,,,,No matching MAP,
UGCSGDPF,7,Taught,,,,,US2CMO19,UGCSGD,BSc (Ordinary),Computer Science for Games Development with Industrial Experience,2,2023/24,ST1A,Enrolment Block,,No Online diet for this VCO/CBO,,,No 2023* diet for this VCO/CBO,,,,,,,,,,No matching MAP,
UGCSGDPF,7,Taught,,,,,US2CMO19,UGCSGD,BSc (Ordinary),Computer Science for Games Development with Industrial Experience,3,2023/24,ST1A,Enrolment Block,,No Online diet for this VCO/CBO,,,No 2023* diet for this VCO/CBO,,,,,,,,,,No matching MAP,
UGCSGDPF,7,Taught,,,,,US2CMO19,UGCSGD,BSc (Ordinary),Computer Science for Games Development with Industrial Experience,P,2023/24,ST1A,Enrolment Block,,No Online diet for this VCO/CBO,,,No 2023* diet for this VCO/CBO,,,,,,,,,,No matching MAP,
UGCSGDXF,1,Taught,,,2023,N,US1CMP16,UGCSGD,BSc,Computer Science for Games Development,1,2023/24,ST1A,Enrolment Block,2024-UGCSGDXF-1-1-ST1A,,2023-UGCSGDXF-1-1-ST1A,"Year=0 - Selections: 441104 in T1, 441105 in T1, 441101 in T12, 441102 in T2, 441108 in T2",,,1,T12,Core,4,441101,441101,Programming Portfolio,40,441101T1&222,
UGCSGDXF,1,Taught,,,2023,N,US1CMP16,UGCSGD,BSc,Computer Science for Games Development,1,2023/24,ST1A,Enrolment Block,2024-UGCSGDXF-1-1-ST1A,,2023-UGCSGDXF-1-1-ST1A,"Year=0 - Selections: 441104 in T1, 441105 in T1, 441101 in T12, 441102 in T2, 441108 in T2",,,11,,Compulsory,4,441104,441104,,20,No matching MAP,
UGCSGDXF,1,Taught,,,2023,N,US1CMP16,UGCSGD,BSc,Computer Science for Games Development,1,2023/24,ST1A,Enrolment Block,2024-UGCSGDXF-1-1-ST1A,,2023-UGCSGDXF-1-1-ST1A,"Year=0 - Selections: 441104 in T1, 441105 in T1, 441101 in T12, 441102 in T2, 441108 in T2",,,31,T1,Compulsory,4,441105,441105,Algorithms and Data Structures,20,441105T12222,
UGCSGDXF,1,Taught,,,2023,N,US1CMP16,UGCSGD,BSc,Computer Science for Games Development,1,2023/24,ST1A,Enrolment Block,2024-UGCSGDXF-1-1-ST1A,,2023-UGCSGDXF-1-1-ST1A,"Year=0 - Selections: 441104 in T1, 441105 in T1, 441101 in T12, 441102 in T2, 441108 in T2",,,41,T2,Compulsory,4,441102,441102,"Architectures, Operating Systems and the Cloud",20,441102T22222,
UGCSGDXF,1,Taught,,,2023,N,US1CMP16,UGCSGD,BSc,Computer Science for Games Development,1,2023/24,ST1A,Enrolment Block,2024-UGCSGDXF-1-1-ST1A,,2023-UGCSGDXF-1-1-ST1A,"Year=0 - Selections: 441104 in T1, 441105 in T1, 441101 in T12, 441102 in T2, 441108 in T2",,,61,,Compulsory,4,441108,441108,,20,No matching MAP,
UGCSGDXF,1,Taught,,,2023,N,US1CMP16,UGCSGD,BSc,Computer Science for Games Development,2,2023/24,ST1A,Enrolment Block,2024-UGCSGDXF-1-2-ST1A,,2023-UGCSGDXF-1-2-ST1A,"Year=0 - Selections: 500084 in T1, 500085 in T1, 500086 in T1, 500079 in T2, 500081 in T2, 500083 in T2",,,1,,Compulsory,5,500084,500084,,20,No matching MAP,
UGCSGDXF,1,Taught,,,2023,N,US1CMP16,UGCSGD,BSc,Computer Science for Games Development,2,2023/24,ST1A,Enrolment Block,2024-UGCSGDXF-1-2-ST1A,,2023-UGCSGDXF-1-2-ST1A,"Year=0 - Selections: 500084 in T1, 500085 in T1, 500086 in T1, 500079 in T2, 500081 in T2, 500083 in T2",,,11,,Compulsory,5,500085,500085,,20,No matching MAP,
UGCSGDXF,1,Taught,,,2023,N,US1CMP16,UGCSGD,BSc,Computer Science for Games Development,2,2023/24,ST1A,Enrolment Block,2024-UGCSGDXF-1-2-ST1A,,2023-UGCSGDXF-1-2-ST1A,"Year=0 - Selections: 500084 in T1, 500085 in T1, 500086 in T1, 500079 in T2, 500081 in T2, 500083 in T2",,,21,,Compulsory,5,500086,500086,,20,No matching MAP,
UGCSGDXF,1,Taught,,,2023,N,US1CMP16,UGCSGD,BSc,Computer Science for Games Development,2,2023/24,ST1A,Enrolment Block,2024-UGCSGDXF-1-2-ST1A,,2023-UGCSGDXF-1-2-ST1A,"Year=0 - Selections: 500084 in T1, 500085 in T1, 500086 in T1, 500079 in T2, 500081 in T2, 500083 in T2",,,31,,Compulsory,5,500079,500079,,20,No matching MAP,
UGCSGDXF,1,Taught,,,2023,N,US1CMP16,UGCSGD,BSc,Computer Science for Games Development,2,2023/24,ST1A,Enrolment Block,2024-UGCSGDXF-1-2-ST1A,,2023-UGCSGDXF-1-2-ST1A,"Year=0 - Selections: 500084 in T1, 500085 in T1, 500086 in T1, 500079 in T2, 500081 in T2, 500083 in T2",,,41,,Compulsory,5,500081,500081,,20,No matching MAP,
UGCSGDXF,1,Taught,,,2023,N,US1CMP16,UGCSGD,BSc,Computer Science for Games Development,2,2023/24,ST1A,Enrolment Block,2024-UGCSGDXF-1-2-ST1A,,2023-UGCSGDXF-1-2-ST1A,"Year=0 - Selections: 500084 in T1, 500085 in T1, 500086 in T1, 500079 in T2, 500081 in T2, 500083 in T2",,,51,T2,Compulsory,5,500083,500083,Advanced Programming,20,500083T22222,
UGCSGDXF,1,Taught,,,2023,N,US1CMP16,UGCSGD,BSc,Computer Science for Games Development,3,2023/24,ST1A,Enrolment Block,2024-UGCSGDXF-1-3-ST1A,,2023-UGCSGDXF-1-3-ST1A,"Year=0 - Selections: 600091 in T12, 600098 in T1, 600090 in T2 Student Module Electives  [, 600097 in T12, a maximum of 20.00 available credits from 600088, 600096 in T1, a maximum of 20.00 available credits from 600086, 600089, 600100 in T2  Subject to an overall minimum of 40 available credits and an overall maximum of 40 available credits ] [, 20.00 available credits from 600088, 600096 in T1, 20.00 available credits from 600086, 600089, 600100 in T2  Subject to an overall minimum of 40 available credits and an overall maximum of 40 available credits ]",,,1,T12,Core,6,600091,600091,Honours Stage Project,40,60009112222,
UGCSGDXF,1,Taught,,,2023,N,US1CMP16,UGCSGD,BSc,Computer Science for Games Development,3,2023/24,ST1A,Enrolment Block,2024-UGCSGDXF-1-3-ST1A,,2023-UGCSGDXF-1-3-ST1A,"Year=0 - Selections: 600091 in T12, 600098 in T1, 600090 in T2 Student Module Electives  [, 600097 in T12, a maximum of 20.00 available credits from 600088, 600096 in T1, a maximum of 20.00 available credits from 600086, 600089, 600100 in T2  Subject to an overall minimum of 40 available credits and an overall maximum of 40 available credits ] [, 20.00 available credits from 600088, 600096 in T1, 20.00 available credits from 600086, 600089, 600100 in T2  Subject to an overall minimum of 40 available credits and an overall maximum of 40 available credits ]",,,11,,Optional,6,UGCSGDXF1US1CMP16UGCSGD31819O1,600097,,20,No matching MAP,This module is limited to 15 students. Students will be required to attend an interview and complete a DBS if taking this module.
UGCSGDXF,1,Taught,,,2023,N,US1CMP16,UGCSGD,BSc,Computer Science for Games Development,3,2023/24,ST1A,Enrolment Block,2024-UGCSGDXF-1-3-ST1A,,2023-UGCSGDXF-1-3-ST1A,"Year=0 - Selections: 600091 in T12, 600098 in T1, 600090 in T2 Student Module Electives  [, 600097 in T12, a maximum of 20.00 available credits from 600088, 600096 in T1, a maximum of 20.00 available credits from 600086, 600089, 600100 in T2  Subject to an overall minimum of 40 available credits and an overall maximum of 40 available credits ] [, 20.00 available credits from 600088, 600096 in T1, 20.00 available credits from 600086, 600089, 600100 in T2  Subject to an overall minimum of 40 available credits and an overall maximum of 40 available credits ]",,,21,T1,Compulsory,6,600098,600098,Games Architecture,20,600098T12222,
UGCSGDXF,1,Taught,,,2023,N,US1CMP16,UGCSGD,BSc,Computer Science for Games Development,3,2023/24,ST1A,Enrolment Block,2024-UGCSGDXF-1-3-ST1A,,2023-UGCSGDXF-1-3-ST1A,"Year=0 - Selections: 600091 in T12, 600098 in T1, 600090 in T2 Student Module Electives  [, 600097 in T12, a maximum of 20.00 available credits from 600088, 600096 in T1, a maximum of 20.00 available credits from 600086, 600089, 600100 in T2  Subject to an overall minimum of 40 available credits and an overall maximum of 40 available credits ] [, 20.00 available credits from 600088, 600096 in T1, 20.00 available credits from 600086, 600089, 600100 in T2  Subject to an overall minimum of 40 available credits and an overall maximum of 40 available credits ]",,,31,T1,Optional,6,UGCSGDXF1US1CMP16UGCSGD318S1O1,600088,Virtual Environments,20,600088T12021,
UGCSGDXF,1,Taught,,,2023,N,US1CMP16,UGCSGD,BSc,Computer Science for Games Development,3,2023/24,ST1A,Enrolment Block,2024-UGCSGDXF-1-3-ST1A,,2023-UGCSGDXF-1-3-ST1A,"Year=0 - Selections: 600091 in T12, 600098 in T1, 600090 in T2 Student Module Electives  [, 600097 in T12, a maximum of 20.00 available credits from 600088, 600096 in T1, a maximum of 20.00 available credits from 600086, 600089, 600100 in T2  Subject to an overall minimum of 40 available credits and an overall maximum of 40 available credits ] [, 20.00 available credits from 600088, 600096 in T1, 20.00 available credits from 600086, 600089, 600100 in T2  Subject to an overall minimum of 40 available credits and an overall maximum of 40 available credits ]",,,31,T1,Optional,6,UGCSGDXF1US1CMP16UGCSGD318S1O1,600096,Mobile Devices and Applications,20,600096T11919,
UGCSGDXF,1,Taught,,,2023,N,US1CMP16,UGCSGD,BSc,Computer Science for Games Development,3,2023/24,ST1A,Enrolment Block,2024-UGCSGDXF-1-3-ST1A,,2023-UGCSGDXF-1-3-ST1A,"Year=0 - Selections: 600091 in T12, 600098 in T1, 600090 in T2 Student Module Electives  [, 600097 in T12, a maximum of 20.00 available credits from 600088, 600096 in T1, a maximum of 20.00 available credits from 600086, 600089, 600100 in T2  Subject to an overall minimum of 40 available credits and an overall maximum of 40 available credits ] [, 20.00 available credits from 600088, 600096 in T1, 20.00 available credits from 600086, 600089, 600100 in T2  Subject to an overall minimum of 40 available credits and an overall maximum of 40 available credits ]",,,41,T2,Compulsory,6,600090,600090,Commercial Games Development Process,20,600090T21818,
UGCSGDXF,1,Taught,,,2023,N,US1CMP16,UGCSGD,BSc,Computer Science for Games Development,3,2023/24,ST1A,Enrolment Block,2024-UGCSGDXF-1-3-ST1A,,2023-UGCSGDXF-1-3-ST1A,"Year=0 - Selections: 600091 in T12, 600098 in T1, 600090 in T2 Student Module Electives  [, 600097 in T12, a maximum of 20.00 available credits from 600088, 600096 in T1, a maximum of 20.00 available credits from 600086, 600089, 600100 in T2  Subject to an overall minimum of 40 available credits and an overall maximum of 40 available credits ] [, 20.00 available credits from 600088, 600096 in T1, 20.00 available credits from 600086, 600089, 600100 in T2  Subject to an overall minimum of 40 available credits and an overall maximum of 40 available credits ]",,,51,T2,Optional,6,UGCSGDXF1US1CMP16UGCSGD318S2O1,600086,Parallel and Concurrent Programming,20,600086T22222,
UGCSGDXF,1,Taught,,,2023,N,US1CMP16,UGCSGD,BSc,Computer Science for Games Development,3,2023/24,ST1A,Enrolment Block,2024-UGCSGDXF-1-3-ST1A,,2023-UGCSGDXF-1-3-ST1A,"Year=0 - Selections: 600091 in T12, 600098 in T1, 600090 in T2 Student Module Electives  [, 600097 in T12, a maximum of 20.00 available credits from 600088, 600096 in T1, a maximum of 20.00 available credits from 600086, 600089, 600100 in T2  Subject to an overall minimum of 40 available credits and an overall maximum of 40 available credits ] [, 20.00 available credits from 600088, 600096 in T1, 20.00 available credits from 600086, 600089, 600100 in T2  Subject to an overall minimum of 40 available credits and an overall maximum of 40 available credits ]",,,51,T2,Optional,6,UGCSGDXF1US1CMP16UGCSGD318S2O1,600089,Distributed Systems Programming,20,600089T22323,
UGCSGDXF,1,Taught,,,2023,N,US1CMP16,UGCSGD,BSc,Computer Science for Games Development,3,2023/24,ST1A,Enrolment Block,2024-UGCSGDXF-1-3-ST1A,,2023-UGCSGDXF-1-3-ST1A,"Year=0 - Selections: 600091 in T12, 600098 in T1, 600090 in T2 Student Module Electives  [, 600097 in T12, a maximum of 20.00 available credits from 600088, 600096 in T1, a maximum of 20.00 available credits from 600086, 600089, 600100 in T2  Subject to an overall minimum of 40 available credits and an overall maximum of 40 available credits ] [, 20.00 available credits from 600088, 600096 in T1, 20.00 available credits from 600086, 600089, 600100 in T2  Subject to an overall minimum of 40 available credits and an overall maximum of 40 available credits ]",,,51,T2,Optional,6,UGCSGDXF1US1CMP16UGCSGD318S2O1,600100,Computer Vision,20,600100T2323,
UGCSGDXF,1,Taught,,,2023,N,US1CMP16,UGCSGD,BSc,Computer Science for Games Development,3,2023/24,ST1A,Enrolment Block,2024-UGCSGDXF-1-3-ST1A,,2023-UGCSGDXF-1-3-ST1A,"Year=0 - Selections: 600091 in T12, 600098 in T1, 600090 in T2 Student Module Electives  [, 600097 in T12, a maximum of 20.00 available credits from 600088, 600096 in T1, a maximum of 20.00 available credits from 600086, 600089, 600100 in T2  Subject to an overall minimum of 40 available credits and an overall maximum of 40 available credits ] [, 20.00 available credits from 600088, 600096 in T1, 20.00 available credits from 600086, 600089, 600100 in T2  Subject to an overall minimum of 40 available credits and an overall maximum of 40 available credits ]",,,60,T1,Optional,6,UGCSGDXF1US1CMP16UGCSGD318S1O1,600088,Virtual Environments,20,600088T12021,
UGCSGDXF,1,Taught,,,2023,N,US1CMP16,UGCSGD,BSc,Computer Science for Games Development,3,2023/24,ST1A,Enrolment Block,2024-UGCSGDXF-1-3-ST1A,,2023-UGCSGDXF-1-3-ST1A,"Year=0 - Selections: 600091 in T12, 600098 in T1, 600090 in T2 Student Module Electives  [, 600097 in T12, a maximum of 20.00 available credits from 600088, 600096 in T1, a maximum of 20.00 available credits from 600086, 600089, 600100 in T2  Subject to an overall minimum of 40 available credits and an overall maximum of 40 available credits ] [, 20.00 available credits from 600088, 600096 in T1, 20.00 available credits from 600086, 600089, 600100 in T2  Subject to an overall minimum of 40 available credits and an overall maximum of 40 available credits ]",,,60,T1,Optional,6,UGCSGDXF1US1CMP16UGCSGD318S1O1,600096,Mobile Devices and Applications,20,600096T11919,
UGCSGDXF,1,Taught,,,2023,N,US1CMP16,UGCSGD,BSc,Computer Science for Games Development,3,2023/24,ST1A,Enrolment Block,2024-UGCSGDXF-1-3-ST1A,,2023-UGCSGDXF-1-3-ST1A,"Year=0 - Selections: 600091 in T12, 600098 in T1, 600090 in T2 Student Module Electives  [, 600097 in T12, a maximum of 20.00 available credits from 600088, 600096 in T1, a maximum of 20.00 available credits from 600086, 600089, 600100 in T2  Subject to an overall minimum of 40 available credits and an overall maximum of 40 available credits ] [, 20.00 available credits from 600088, 600096 in T1, 20.00 available credits from 600086, 600089, 600100 in T2  Subject to an overall minimum of 40 available credits and an overall maximum of 40 available credits ]",,,70,T2,Optional,6,UGCSGDXF1US1CMP16UGCSGD318S2O1,600086,Parallel and Concurrent Programming,20,600086T22222,
UGCSGDXF,1,Taught,,,2023,N,US1CMP16,UGCSGD,BSc,Computer Science for Games Development,3,2023/24,ST1A,Enrolment Block,2024-UGCSGDXF-1-3-ST1A,,2023-UGCSGDXF-1-3-ST1A,"Year=0 - Selections: 600091 in T12, 600098 in T1, 600090 in T2 Student Module Electives  [, 600097 in T12, a maximum of 20.00 available credits from 600088, 600096 in T1, a maximum of 20.00 available credits from 600086, 600089, 600100 in T2  Subject to an overall minimum of 40 available credits and an overall maximum of 40 available credits ] [, 20.00 available credits from 600088, 600096 in T1, 20.00 available credits from 600086, 600089, 600100 in T2  Subject to an overall minimum of 40 available credits and an overall maximum of 40 available credits ]",,,70,T2,Optional,6,UGCSGDXF1US1CMP16UGCSGD318S2O1,600089,Distributed Systems Programming,20,600089T22323,
UGCSGDXF,1,Taught,,,2023,N,US1CMP16,UGCSGD,BSc,Computer Science for Games Development,3,2023/24,ST1A,Enrolment Block,2024-UGCSGDXF-1-3-ST1A,,2023-UGCSGDXF-1-3-ST1A,"Year=0 - Selections: 600091 in T12, 600098 in T1, 600090 in T2 Student Module Electives  [, 600097 in T12, a maximum of 20.00 available credits from 600088, 600096 in T1, a maximum of 20.00 available credits from 600086, 600089, 600100 in T2  Subject to an overall minimum of 40 available credits and an overall maximum of 40 available credits ] [, 20.00 available credits from 600088, 600096 in T1, 20.00 available credits from 600086, 600089, 600100 in T2  Subject to an overall minimum of 40 available credits and an overall maximum of 40 available credits ]",,,70,T2,Optional,6,UGCSGDXF1US1CMP16UGCSGD318S2O1,600100,Computer Vision,20,600100T2323,
UGCSGDXF,2,Taught,,,,,US1CMO16,UGCSGD,BSc (Ordinary),Computer Science for Games Development,1,2023/24,ST1A,Enrolment Block,,No Online diet for this VCO/CBO,,,No 2023* diet for this VCO/CBO,,,,,,,,,,No matching MAP,
UGCSGDXF,2,Taught,,,,,US1CMO16,UGCSGD,BSc (Ordinary),Computer Science for Games Development,2,2023/24,ST1A,Enrolment Block,,No Online diet for this VCO/CBO,,,No 2023* diet for this VCO/CBO,,,,,,,,,,No matching MAP,
UGCSGDXF,2,Taught,,,,,US1CMO16,UGCSGD,BSc (Ordinary),Computer Science for Games Development,3,2023/24,ST1A,Enrolment Block,,No Online diet for this VCO/CBO,,,No 2023* diet for this VCO/CBO,,,,,,,,,,No matching MAP,
UGCSGDXF,3,Taught,,2022,,Y,US1CMP19,UGCSGD,BSc,Computer Science for Games Development,1,2023/24,ST1A,Enrolment Block,2024-UGCSGDXF-3-1-ST1A,,2023-UGCSGDXF-3-1-ST1A,"Year=0 - Selections: 441101 in T12, 441104 in T2, 441105 in T1, 441102 in T2, 441108 in T1, 441187 in T12, 441190 in T12",,,10,T12,Core,4,441101,441101,Programming Portfolio,40,441101T1&222,
UGCSGDXF,3,Taught,,2022,,Y,US1CMP19,UGCSGD,BSc,Computer Science for Games Development,1,2023/24,ST1A,Enrolment Block,2024-UGCSGDXF-3-1-ST1A,,2023-UGCSGDXF-3-1-ST1A,"Year=0 - Selections: 441101 in T12, 441104 in T2, 441105 in T1, 441102 in T2, 441108 in T1, 441187 in T12, 441190 in T12",,,20,T2,Compulsory,4,441104,441104,Computational Thinking,20,441104T12222,
UGCSGDXF,3,Taught,,2022,,Y,US1CMP19,UGCSGD,BSc,Computer Science for Games Development,1,2023/24,ST1A,Enrolment Block,2024-UGCSGDXF-3-1-ST1A,,2023-UGCSGDXF-3-1-ST1A,"Year=0 - Selections: 441101 in T12, 441104 in T2, 441105 in T1, 441102 in T2, 441108 in T1, 441187 in T12, 441190 in T12",,,30,T1,Compulsory,4,441105,441105,Algorithms and Data Structures,20,441105T12222,
UGCSGDXF,3,Taught,,2022,,Y,US1CMP19,UGCSGD,BSc,Computer Science for Games Development,1,2023/24,ST1A,Enrolment Block,2024-UGCSGDXF-3-1-ST1A,,2023-UGCSGDXF-3-1-ST1A,"Year=0 - Selections: 441101 in T12, 441104 in T2, 441105 in T1, 441102 in T2, 441108 in T1, 441187 in T12, 441190 in T12",,,40,T2,Compulsory,4,441102,441102,"Architectures, Operating Systems and the Cloud",20,441102T22222,
UGCSGDXF,3,Taught,,2022,,Y,US1CMP19,UGCSGD,BSc,Computer Science for Games Development,1,2023/24,ST1A,Enrolment Block,2024-UGCSGDXF-3-1-ST1A,,2023-UGCSGDXF-3-1-ST1A,"Year=0 - Selections: 441101 in T12, 441104 in T2, 441105 in T1, 441102 in T2, 441108 in T1, 441187 in T12, 441190 in T12",,,50,T1,Compulsory,4,441108,441108,Professional Development,20,441108T22222,
UGCSGDXF,3,Taught,,2022,,Y,US1CMP19,UGCSGD,BSc,Computer Science for Games Development,1,2023/24,ST1A,Enrolment Block,2024-UGCSGDXF-3-1-ST1A,,2023-UGCSGDXF-3-1-ST1A,"Year=0 - Selections: 441101 in T12, 441104 in T2, 441105 in T1, 441102 in T2, 441108 in T1, 441187 in T12, 441190 in T12",,,60,T12,Compulsory,4,441187,441187,Computer Science PASS module,0,No matching MAP,
UGCSGDXF,3,Taught,,2022,,Y,US1CMP19,UGCSGD,BSc,Computer Science for Games Development,1,2023/24,ST1A,Enrolment Block,2024-UGCSGDXF-3-1-ST1A,,2023-UGCSGDXF-3-1-ST1A,"Year=0 - Selections: 441101 in T12, 441104 in T2, 441105 in T1, 441102 in T2, 441108 in T1, 441187 in T12, 441190 in T12",,,70,,Compulsory,4,441190,441190,,0,No matching MAP,
UGCSGDXF,3,Taught,,2022,,Y,US1CMP19,UGCSGD,BSc,Computer Science for Games Development,2,2023/24,ST1A,Enrolment Block,2024-UGCSGDXF-3-2-ST1A,,2023-UGCSGDXF-3-2-ST1A,"Year=0 - Selections: 551462 in T12, 551455 in T1, 551459 in T1, 500083 in T2, 551461 in T2, 441190 in T12",,,10,T12,Core,5,551462,551462,Design Develop Deploy,40,551462T1222,
UGCSGDXF,3,Taught,,2022,,Y,US1CMP19,UGCSGD,BSc,Computer Science for Games Development,2,2023/24,ST1A,Enrolment Block,2024-UGCSGDXF-3-2-ST1A,,2023-UGCSGDXF-3-2-ST1A,"Year=0 - Selections: 551462 in T12, 551455 in T1, 551459 in T1, 500083 in T2, 551461 in T2, 441190 in T12",,,20,T1,Compulsory,5,551455,551455,Graphics Programming and Simulation 1,20,551455T12222,
UGCSGDXF,3,Taught,,2022,,Y,US1CMP19,UGCSGD,BSc,Computer Science for Games Development,2,2023/24,ST1A,Enrolment Block,2024-UGCSGDXF-3-2-ST1A,,2023-UGCSGDXF-3-2-ST1A,"Year=0 - Selections: 551462 in T12, 551455 in T1, 551459 in T1, 500083 in T2, 551461 in T2, 441190 in T12",,,30,T1,Compulsory,5,551459,551459,Artificial Intelligence for Games,20,551459T12222,
UGCSGDXF,3,Taught,,2022,,Y,US1CMP19,UGCSGD,BSc,Computer Science for Games Development,2,2023/24,ST1A,Enrolment Block,2024-UGCSGDXF-3-2-ST1A,,2023-UGCSGDXF-3-2-ST1A,"Year=0 - Selections: 551462 in T12, 551455 in T1, 551459 in T1, 500083 in T2, 551461 in T2, 441190 in T12",,,40,T2,Compulsory,5,500083,500083,Advanced Programming,20,500083T22222,
UGCSGDXF,3,Taught,,2022,,Y,US1CMP19,UGCSGD,BSc,Computer Science for Games Development,2,2023/24,ST1A,Enrolment Block,2024-UGCSGDXF-3-2-ST1A,,2023-UGCSGDXF-3-2-ST1A,"Year=0 - Selections: 551462 in T12, 551455 in T1, 551459 in T1, 500083 in T2, 551461 in T2, 441190 in T12",,,50,T2,Compulsory,5,551461,551461,Mixed Reality Development,20,551461T22323,
UGCSGDXF,3,Taught,,2022,,Y,US1CMP19,UGCSGD,BSc,Computer Science for Games Development,2,2023/24,ST1A,Enrolment Block,2024-UGCSGDXF-3-2-ST1A,,2023-UGCSGDXF-3-2-ST1A,"Year=0 - Selections: 551462 in T12, 551455 in T1, 551459 in T1, 500083 in T2, 551461 in T2, 441190 in T12",,,60,,Compulsory,4,441190,441190,,0,No matching MAP,
UGCSGDXF,3,Taught,,2022,,Y,US1CMP19,UGCSGD,BSc,Computer Science for Games Development,3,2023/24,ST1A,Enrolment Block,2024-UGCSGDXF-3-3-ST1A,,2023-UGCSGDXF-3-3-ST1A,"Year=0 - Selections: 600098 in T1, 661981 in T1, 600086 in T2, 441190 in T12, 600089 in T2 - Electives: 40.00 available credits from 600091, 662004 in T12",,,10,T12,Elective - If chosen cannot condone or compenste,6,COMP SCI L6 T12 OPTS,600091,Honours Stage Project,40,60009112222,
UGCSGDXF,3,Taught,,2022,,Y,US1CMP19,UGCSGD,BSc,Computer Science for Games Development,3,2023/24,ST1A,Enrolment Block,2024-UGCSGDXF-3-3-ST1A,,2023-UGCSGDXF-3-3-ST1A,"Year=0 - Selections: 600098 in T1, 661981 in T1, 600086 in T2, 441190 in T12, 600089 in T2 - Electives: 40.00 available credits from 600091, 662004 in T12",,,10,T12,Elective - If chosen cannot condone or compenste,6,COMP SCI L6 T12 OPTS,662004,Communicating and Teaching Computing,40,6.62E+11,
UGCSGDXF,3,Taught,,2022,,Y,US1CMP19,UGCSGD,BSc,Computer Science for Games Development,3,2023/24,ST1A,Enrolment Block,2024-UGCSGDXF-3-3-ST1A,,2023-UGCSGDXF-3-3-ST1A,"Year=0 - Selections: 600098 in T1, 661981 in T1, 600086 in T2, 441190 in T12, 600089 in T2 - Electives: 40.00 available credits from 600091, 662004 in T12",,,20,T1,Compulsory,6,600098,600098,Games Architecture,20,600098T12222,
UGCSGDXF,3,Taught,,2022,,Y,US1CMP19,UGCSGD,BSc,Computer Science for Games Development,3,2023/24,ST1A,Enrolment Block,2024-UGCSGDXF-3-3-ST1A,,2023-UGCSGDXF-3-3-ST1A,"Year=0 - Selections: 600098 in T1, 661981 in T1, 600086 in T2, 441190 in T12, 600089 in T2 - Electives: 40.00 available credits from 600091, 662004 in T12",,,30,T1,Compulsory,6,661981,661981,Graphics Programming and Simulation 2,20,661981T12222,
UGCSGDXF,3,Taught,,2022,,Y,US1CMP19,UGCSGD,BSc,Computer Science for Games Development,3,2023/24,ST1A,Enrolment Block,2024-UGCSGDXF-3-3-ST1A,,2023-UGCSGDXF-3-3-ST1A,"Year=0 - Selections: 600098 in T1, 661981 in T1, 600086 in T2, 441190 in T12, 600089 in T2 - Electives: 40.00 available credits from 600091, 662004 in T12",,,40,T2,Compulsory,6,600086,600086,Parallel and Concurrent Programming,20,600086T22222,
UGCSGDXF,3,Taught,,2022,,Y,US1CMP19,UGCSGD,BSc,Computer Science for Games Development,3,2023/24,ST1A,Enrolment Block,2024-UGCSGDXF-3-3-ST1A,,2023-UGCSGDXF-3-3-ST1A,"Year=0 - Selections: 600098 in T1, 661981 in T1, 600086 in T2, 441190 in T12, 600089 in T2 - Electives: 40.00 available credits from 600091, 662004 in T12",,,60,,Compulsory,4,441190,441190,,0,No matching MAP,
UGCSGDXF,3,Taught,,2022,,Y,US1CMP19,UGCSGD,BSc,Computer Science for Games Development,3,2023/24,ST1A,Enrolment Block,2024-UGCSGDXF-3-3-ST1A,,2023-UGCSGDXF-3-3-ST1A,"Year=0 - Selections: 600098 in T1, 661981 in T1, 600086 in T2, 441190 in T12, 600089 in T2 - Electives: 40.00 available credits from 600091, 662004 in T12",,,70,T2,Compulsory,6,600089,600089,Distributed Systems Programming,20,600089T22323,
UGCSGDXF,4,Taught,,2022,,Y,US2CMP19,UGCOGD,BSc,Computing (Games Development),1,2023/24,ST1A,Enrolment Block,2024-UGCSGDXF-4-1-ST1A,,2023-UGCSGDXF-4-1-ST1A,,,,10,T12,Core,4,441101,441101,Programming Portfolio,40,441101T1&222,
UGCSGDXF,4,Taught,,2022,,Y,US2CMP19,UGCOGD,BSc,Computing (Games Development),1,2023/24,ST1A,Enrolment Block,2024-UGCSGDXF-4-1-ST1A,,2023-UGCSGDXF-4-1-ST1A,,,,20,T2,Compulsory,4,441104,441104,Computational Thinking,20,441104T12222,
UGCSGDXF,4,Taught,,2022,,Y,US2CMP19,UGCOGD,BSc,Computing (Games Development),1,2023/24,ST1A,Enrolment Block,2024-UGCSGDXF-4-1-ST1A,,2023-UGCSGDXF-4-1-ST1A,,,,30,T1,Compulsory,4,441105,441105,Algorithms and Data Structures,20,441105T12222,
UGCSGDXF,4,Taught,,2022,,Y,US2CMP19,UGCOGD,BSc,Computing (Games Development),1,2023/24,ST1A,Enrolment Block,2024-UGCSGDXF-4-1-ST1A,,2023-UGCSGDXF-4-1-ST1A,,,,40,T2,Compulsory,4,441102,441102,"Architectures, Operating Systems and the Cloud",20,441102T22222,
UGCSGDXF,4,Taught,,2022,,Y,US2CMP19,UGCOGD,BSc,Computing (Games Development),1,2023/24,ST1A,Enrolment Block,2024-UGCSGDXF-4-1-ST1A,,2023-UGCSGDXF-4-1-ST1A,,,,50,T1,Compulsory,4,441108,441108,Professional Development,20,441108T22222,
UGCSGDXF,4,Taught,,2022,,Y,US2CMP19,UGCOGD,BSc,Computing (Games Development),2,2023/24,ST1A,Enrolment Block,2024-UGCSGDXF-4-2-ST1A,,2023-UGCSGDXF-4-2-ST1A,"Year=0 - Selections: 551462 in T12, 551455 in T1, 551459 in T1, 500083 in T2, 551461 in T2, 441190 in T12",,,10,T12,Core,5,551462,551462,Design Develop Deploy,40,551462T1222,
UGCSGDXF,4,Taught,,2022,,Y,US2CMP19,UGCOGD,BSc,Computing (Games Development),2,2023/24,ST1A,Enrolment Block,2024-UGCSGDXF-4-2-ST1A,,2023-UGCSGDXF-4-2-ST1A,"Year=0 - Selections: 551462 in T12, 551455 in T1, 551459 in T1, 500083 in T2, 551461 in T2, 441190 in T12",,,20,T1,Compulsory,5,551455,551455,Graphics Programming and Simulation 1,20,551455T12222,
UGCSGDXF,4,Taught,,2022,,Y,US2CMP19,UGCOGD,BSc,Computing (Games Development),2,2023/24,ST1A,Enrolment Block,2024-UGCSGDXF-4-2-ST1A,,2023-UGCSGDXF-4-2-ST1A,"Year=0 - Selections: 551462 in T12, 551455 in T1, 551459 in T1, 500083 in T2, 551461 in T2, 441190 in T12",,,30,T1,Compulsory,5,551459,551459,Artificial Intelligence for Games,20,551459T12222,
UGCSGDXF,4,Taught,,2022,,Y,US2CMP19,UGCOGD,BSc,Computing (Games Development),2,2023/24,ST1A,Enrolment Block,2024-UGCSGDXF-4-2-ST1A,,2023-UGCSGDXF-4-2-ST1A,"Year=0 - Selections: 551462 in T12, 551455 in T1, 551459 in T1, 500083 in T2, 551461 in T2, 441190 in T12",,,40,T2,Compulsory,5,500083,500083,Advanced Programming,20,500083T22222,
UGCSGDXF,4,Taught,,2022,,Y,US2CMP19,UGCOGD,BSc,Computing (Games Development),2,2023/24,ST1A,Enrolment Block,2024-UGCSGDXF-4-2-ST1A,,2023-UGCSGDXF-4-2-ST1A,"Year=0 - Selections: 551462 in T12, 551455 in T1, 551459 in T1, 500083 in T2, 551461 in T2, 441190 in T12",,,50,T2,Compulsory,5,551461,551461,Mixed Reality Development,20,551461T22323,
UGCSGDXF,4,Taught,,2022,,Y,US2CMP19,UGCOGD,BSc,Computing (Games Development),2,2023/24,ST1A,Enrolment Block,2024-UGCSGDXF-4-2-ST1A,,2023-UGCSGDXF-4-2-ST1A,"Year=0 - Selections: 551462 in T12, 551455 in T1, 551459 in T1, 500083 in T2, 551461 in T2, 441190 in T12",,,60,,Compulsory,4,441190,441190,,0,No matching MAP,
UGCSGDXF,4,Taught,,2022,,Y,US2CMP19,UGCOGD,BSc,Computing (Games Development),3,2023/24,ST1A,Enrolment Block,2024-UGCSGDXF-4-3-ST1A,,2023-UGCSGDXF-4-3-ST1A,"Year=0 - Selections: 600098 in T1, 661981 in T1, 600086 in T2, 441190 in T12, 600089 in T2 - Electives: 40.00 available credits from 600091, 662004 in T12",,,10,T12,Elective - If chosen cannot condone or compenste,6,COMP SCI L6 T12 OPTS,600091,Honours Stage Project,40,60009112222,
UGCSGDXF,4,Taught,,2022,,Y,US2CMP19,UGCOGD,BSc,Computing (Games Development),3,2023/24,ST1A,Enrolment Block,2024-UGCSGDXF-4-3-ST1A,,2023-UGCSGDXF-4-3-ST1A,"Year=0 - Selections: 600098 in T1, 661981 in T1, 600086 in T2, 441190 in T12, 600089 in T2 - Electives: 40.00 available credits from 600091, 662004 in T12",,,10,T12,Elective - If chosen cannot condone or compenste,6,COMP SCI L6 T12 OPTS,662004,Communicating and Teaching Computing,40,6.62E+11,
UGCSGDXF,4,Taught,,2022,,Y,US2CMP19,UGCOGD,BSc,Computing (Games Development),3,2023/24,ST1A,Enrolment Block,2024-UGCSGDXF-4-3-ST1A,,2023-UGCSGDXF-4-3-ST1A,"Year=0 - Selections: 600098 in T1, 661981 in T1, 600086 in T2, 441190 in T12, 600089 in T2 - Electives: 40.00 available credits from 600091, 662004 in T12",,,20,T1,Compulsory,6,600098,600098,Games Architecture,20,600098T12222,
UGCSGDXF,4,Taught,,2022,,Y,US2CMP19,UGCOGD,BSc,Computing (Games Development),3,2023/24,ST1A,Enrolment Block,2024-UGCSGDXF-4-3-ST1A,,2023-UGCSGDXF-4-3-ST1A,"Year=0 - Selections: 600098 in T1, 661981 in T1, 600086 in T2, 441190 in T12, 600089 in T2 - Electives: 40.00 available credits from 600091, 662004 in T12",,,30,T1,Compulsory,6,661981,661981,Graphics Programming and Simulation 2,20,661981T12222,
UGCSGDXF,4,Taught,,2022,,Y,US2CMP19,UGCOGD,BSc,Computing (Games Development),3,2023/24,ST1A,Enrolment Block,2024-UGCSGDXF-4-3-ST1A,,2023-UGCSGDXF-4-3-ST1A,"Year=0 - Selections: 600098 in T1, 661981 in T1, 600086 in T2, 441190 in T12, 600089 in T2 - Electives: 40.00 available credits from 600091, 662004 in T12",,,40,T2,Compulsory,6,600086,600086,Parallel and Concurrent Programming,20,600086T22222,
UGCSGDXF,4,Taught,,2022,,Y,US2CMP19,UGCOGD,BSc,Computing (Games Development),3,2023/24,ST1A,Enrolment Block,2024-UGCSGDXF-4-3-ST1A,,2023-UGCSGDXF-4-3-ST1A,"Year=0 - Selections: 600098 in T1, 661981 in T1, 600086 in T2, 441190 in T12, 600089 in T2 - Electives: 40.00 available credits from 600091, 662004 in T12",,,60,,Compulsory,4,441190,441190,,0,No matching MAP,
UGCSGDXF,4,Taught,,2022,,Y,US2CMP19,UGCOGD,BSc,Computing (Games Development),3,2023/24,ST1A,Enrolment Block,2024-UGCSGDXF-4-3-ST1A,,2023-UGCSGDXF-4-3-ST1A,"Year=0 - Selections: 600098 in T1, 661981 in T1, 600086 in T2, 441190 in T12, 600089 in T2 - Electives: 40.00 available credits from 600091, 662004 in T12",,,70,T2,Compulsory,6,600089,600089,Distributed Systems Programming,20,600089T22323,
UGCSGDXF,5,Taught,,2023,,,US1CMP19,UGCSGP,BSc,Computer Science for Games Programming,1,2023/24,ST1A,Enrolment Block,2024-UGCSGDXF-5-1-ST1A,,2023-UGCSGDXF-5-1-ST1A,"Year=0 - Selections: 441101 in T12, 441104 in T2, 441105 in T1, 441102 in T2, 441108 in T1, 441187 in T12, 441190 in T12",,,10,T12,Core,4,441101,441101,Programming Portfolio,40,441101T1&222,
UGCSGDXF,5,Taught,,2023,,,US1CMP19,UGCSGP,BSc,Computer Science for Games Programming,1,2023/24,ST1A,Enrolment Block,2024-UGCSGDXF-5-1-ST1A,,2023-UGCSGDXF-5-1-ST1A,"Year=0 - Selections: 441101 in T12, 441104 in T2, 441105 in T1, 441102 in T2, 441108 in T1, 441187 in T12, 441190 in T12",,,20,T2,Compulsory,4,441104,441104,Computational Thinking,20,441104T12222,
UGCSGDXF,5,Taught,,2023,,,US1CMP19,UGCSGP,BSc,Computer Science for Games Programming,1,2023/24,ST1A,Enrolment Block,2024-UGCSGDXF-5-1-ST1A,,2023-UGCSGDXF-5-1-ST1A,"Year=0 - Selections: 441101 in T12, 441104 in T2, 441105 in T1, 441102 in T2, 441108 in T1, 441187 in T12, 441190 in T12",,,30,T1,Compulsory,4,441105,441105,Algorithms and Data Structures,20,441105T12222,
UGCSGDXF,5,Taught,,2023,,,US1CMP19,UGCSGP,BSc,Computer Science for Games Programming,1,2023/24,ST1A,Enrolment Block,2024-UGCSGDXF-5-1-ST1A,,2023-UGCSGDXF-5-1-ST1A,"Year=0 - Selections: 441101 in T12, 441104 in T2, 441105 in T1, 441102 in T2, 441108 in T1, 441187 in T12, 441190 in T12",,,40,T2,Compulsory,4,441102,441102,"Architectures, Operating Systems and the Cloud",20,441102T22222,
UGCSGDXF,5,Taught,,2023,,,US1CMP19,UGCSGP,BSc,Computer Science for Games Programming,1,2023/24,ST1A,Enrolment Block,2024-UGCSGDXF-5-1-ST1A,,2023-UGCSGDXF-5-1-ST1A,"Year=0 - Selections: 441101 in T12, 441104 in T2, 441105 in T1, 441102 in T2, 441108 in T1, 441187 in T12, 441190 in T12",,,50,T1,Compulsory,4,441108,441108,Professional Development,20,441108T22222,
UGCSGDXF,5,Taught,,2023,,,US1CMP19,UGCSGP,BSc,Computer Science for Games Programming,1,2023/24,ST1A,Enrolment Block,2024-UGCSGDXF-5-1-ST1A,,2023-UGCSGDXF-5-1-ST1A,"Year=0 - Selections: 441101 in T12, 441104 in T2, 441105 in T1, 441102 in T2, 441108 in T1, 441187 in T12, 441190 in T12",,,60,T12,Compulsory,4,441187,441187,Computer Science PASS module,0,No matching MAP,
UGCSGDXF,5,Taught,,2023,,,US1CMP19,UGCSGP,BSc,Computer Science for Games Programming,1,2023/24,ST1A,Enrolment Block,2024-UGCSGDXF-5-1-ST1A,,2023-UGCSGDXF-5-1-ST1A,"Year=0 - Selections: 441101 in T12, 441104 in T2, 441105 in T1, 441102 in T2, 441108 in T1, 441187 in T12, 441190 in T12",,,70,,Compulsory,4,441190,441190,,0,No matching MAP,
UGCSGDXF,5,Taught,,2023,,,US1CMP19,UGCSGP,BSc,Computer Science for Games Programming,2,2023/24,ST1A,Enrolment Block,2024-UGCSGDXF-5-2-ST1A,,,,No 2023* diet for this VCO/CBO,,,,,,,,,,No matching MAP,
UGCSGDXF,5,Taught,,2023,,,US1CMP19,UGCSGP,BSc,Computer Science for Games Programming,3,2023/24,ST1A,Enrolment Block,,No Online diet for this VCO/CBO,,,No 2023* diet for this VCO/CBO,,,,,,,,,,No matching MAP,
UGCSGDXF,6,Taught,,2023,,,US2CMP19,UGCGPR,BSc,Computing (Games Programming),1,2023/24,ST1A,Enrolment Block,2024-UGCSGDXF-6-1-ST1A,,2023-UGCSGDXF-6-1-ST1A,,,,10,T12,Core,4,441101,441101,Programming Portfolio,40,441101T1&222,
UGCSGDXF,6,Taught,,2023,,,US2CMP19,UGCGPR,BSc,Computing (Games Programming),1,2023/24,ST1A,Enrolment Block,2024-UGCSGDXF-6-1-ST1A,,2023-UGCSGDXF-6-1-ST1A,,,,20,T2,Compulsory,4,441104,441104,Computational Thinking,20,441104T12222,
UGCSGDXF,6,Taught,,2023,,,US2CMP19,UGCGPR,BSc,Computing (Games Programming),1,2023/24,ST1A,Enrolment Block,2024-UGCSGDXF-6-1-ST1A,,2023-UGCSGDXF-6-1-ST1A,,,,30,T1,Compulsory,4,441105,441105,Algorithms and Data Structures,20,441105T12222,
UGCSGDXF,6,Taught,,2023,,,US2CMP19,UGCGPR,BSc,Computing (Games Programming),1,2023/24,ST1A,Enrolment Block,2024-UGCSGDXF-6-1-ST1A,,2023-UGCSGDXF-6-1-ST1A,,,,40,T2,Compulsory,4,441102,441102,"Architectures, Operating Systems and the Cloud",20,441102T22222,
UGCSGDXF,6,Taught,,2023,,,US2CMP19,UGCGPR,BSc,Computing (Games Programming),1,2023/24,ST1A,Enrolment Block,2024-UGCSGDXF-6-1-ST1A,,2023-UGCSGDXF-6-1-ST1A,,,,50,T1,Compulsory,4,441108,441108,Professional Development,20,441108T22222,
UGCSGDXF,6,Taught,,2023,,,US2CMP19,UGCGPR,BSc,Computing (Games Programming),2,2023/24,ST1A,Enrolment Block,2024-UGCSGDXF-6-2-ST1A,,,,No 2023* diet for this VCO/CBO,,,,,,,,,,No matching MAP,
UGCSGDXF,6,Taught,,2023,,,US2CMP19,UGCGPR,BSc,Computing (Games Programming),3,2023/24,ST1A,Enrolment Block,,No Online diet for this VCO/CBO,,,No 2023* diet for this VCO/CBO,,,,,,,,,,No matching MAP,
UGCSGDXF,8,Taught,,,,,US2CMO19,UGCSGD,BSc (Ordinary),Computer Science for Games Development,1,2023/24,ST1A,Enrolment Block,,No Online diet for this VCO/CBO,,,No 2023* diet for this VCO/CBO,,,,,,,,,,No matching MAP,
UGCSGDXF,8,Taught,,,,,US2CMO19,UGCSGD,BSc (Ordinary),Computer Science for Games Development,2,2023/24,ST1A,Enrolment Block,,No Online diet for this VCO/CBO,,,No 2023* diet for this VCO/CBO,,,,,,,,,,No matching MAP,
UGCSGDXF,8,Taught,,,,,US2CMO19,UGCSGD,BSc (Ordinary),Computer Science for Games Development,3,2023/24,ST1A,Enrolment Block,,No Online diet for this VCO/CBO,,,No 2023* diet for this VCO/CBO,,,,,,,,,,No matching MAP,
UGCSGDXF,9,Taught,,2022,,,US2CMO19,UGCOGD,BSc (Ordinary),Computing (Games Development),1,2023/24,ST1A,Enrolment Block,,No Online diet for this VCO/CBO,,,No 2023* diet for this VCO/CBO,,,,,,,,,,No matching MAP,
UGCSGDXF,9,Taught,,2022,,,US2CMO19,UGCOGD,BSc (Ordinary),Computing (Games Development),2,2023/24,ST1A,Enrolment Block,2024-UGCSGDXF-9-2-ST1A,,2023-UGCSGDXF-9-2-ST1A,,,,10,,Compulsory,4,441190,441190,,0,No matching MAP,
UGCSGDXF,9,Taught,,2022,,,US2CMO19,UGCOGD,BSc (Ordinary),Computing (Games Development),3,2023/24,ST1A,Enrolment Block,2024-UGCSGDXF-9-3-ST1A,,2023-UGCSGDXF-9-3-ST1A,,,,10,,Compulsory,4,441190,441190,,0,No matching MAP,
UGCSLLXF,1,Taught,Validated Course,,,,US1CMP16,UGCOMS,BSc,Computer Science (Lincoln College),1,2023/24,ST1A,Enrolment Block,,No Online diet for this VCO/CBO,,,No 2023* diet for this VCO/CBO,,,,,,,,,,No matching MAP,
UGCSLLXF,1,Taught,Validated Course,,,,US1CMP16,UGCOMS,BSc,Computer Science (Lincoln College),2,2023/24,ST1A,Enrolment Block,,No Online diet for this VCO/CBO,,,No 2023* diet for this VCO/CBO,,,,,,,,,,No matching MAP,
UGCSLLXF,1,Taught,Validated Course,,,,US1CMP16,UGCOMS,BSc,Computer Science (Lincoln College),3,2023/24,ST1A,Enrolment Block,,No Online diet for this VCO/CBO,,,No 2023* diet for this VCO/CBO,,,,,,,,,,No matching MAP,
UGCSLLXP,1,Taught,Validated Course,,,,US1CMP00,UGCOMS,BSc,Computer Science (Lincoln College),1,2023/24,ST1A,Enrolment Block,,No Online diet for this VCO/CBO,,,No 2023* diet for this VCO/CBO,,,,,,,,,,No matching MAP,
UGCSLLXP,1,Taught,Validated Course,,,,US1CMP00,UGCOMS,BSc,Computer Science (Lincoln College),2,2023/24,ST1A,Enrolment Block,,No Online diet for this VCO/CBO,,,No 2023* diet for this VCO/CBO,,,,,,,,,,No matching MAP,
UGCSLLXP,1,Taught,Validated Course,,,,US1CMP00,UGCOMS,BSc,Computer Science (Lincoln College),3,2023/24,ST1A,Enrolment Block,,No Online diet for this VCO/CBO,,,No 2023* diet for this VCO/CBO,,,,,,,,,,No matching MAP,
UGCSLLXP,1,Taught,Validated Course,,,,US1CMP00,UGCOMS,BSc,Computer Science (Lincoln College),4,2023/24,ST1A,Enrolment Block,,No Online diet for this VCO/CBO,,,No 2023* diet for this VCO/CBO,,,,,,,,,,No matching MAP,
UGCSLLXP,1,Taught,Validated Course,,,,US1CMP00,UGCOMS,BSc,Computer Science (Lincoln College),5,2023/24,ST1A,Enrolment Block,,No Online diet for this VCO/CBO,,,No 2023* diet for this VCO/CBO,,,,,,,,,,No matching MAP,
UGCSLLXP,1,Taught,Validated Course,,,,US1CMP00,UGCOMS,BSc,Computer Science (Lincoln College),6,2023/24,ST1A,Enrolment Block,,No Online diet for this VCO/CBO,,,No 2023* diet for this VCO/CBO,,,,,,,,,,No matching MAP,
UGINSYPF,1,Taught,,,2021,,US1CMP00,UGINSY,BSc,Information Systems with Industrial Experience,1,2023/24,ST1A,Enrolment Block,2024-UGINSYPF--1-ST1A,,2023-UGINSYPF--1-ST1A,,,,,,,,,,,,No matching MAP,
UGINSYPF,1,Taught,,,2021,,US1CMP00,UGINSY,BSc,Information Systems with Industrial Experience,2,2023/24,ST1A,Enrolment Block,2024-UGINSYPF--2-ST1A,,2023-UGINSYPF--2-ST1A,,,,,,,,,,,,No matching MAP,
UGINSYPF,1,Taught,,,2021,,US1CMP00,UGINSY,BSc,Information Systems with Industrial Experience,3,2023/24,ST1A,Enrolment Block,2024-UGINSYPF--3-ST1A,,2023-UGINSYPF--3-ST1A,"Year=0 - Selections: 600091 in T12 - Electives: a minimum of 20.00 available credits and a maximum of 40.00 available credits from 600092, 600095, 600096, 600517 in T1, a maximum of 20.00 available credits from 600097 in T12, a minimum of 20.00 available credits and a maximum of 40.00 available credits from 600089, 600094, 500355 in T2",,,1,T12,Core,6,600091,600091,Honours Stage Project,40,60009112222,
UGINSYPF,1,Taught,,,2021,,US1CMP00,UGINSY,BSc,Information Systems with Industrial Experience,3,2023/24,ST1A,Enrolment Block,2024-UGINSYPF--3-ST1A,,2023-UGINSYPF--3-ST1A,"Year=0 - Selections: 600091 in T12 - Electives: a minimum of 20.00 available credits and a maximum of 40.00 available credits from 600092, 600095, 600096, 600517 in T1, a maximum of 20.00 available credits from 600097 in T12, a minimum of 20.00 available credits and a maximum of 40.00 available credits from 600089, 600094, 500355 in T2",,,11,,Optional,6,UGINSYPF1US1CMP00UGINSY31819O1,600097,,20,No matching MAP,
UGINSYPF,1,Taught,,,2021,,US1CMP00,UGINSY,BSc,Information Systems with Industrial Experience,3,2023/24,ST1A,Enrolment Block,2024-UGINSYPF--3-ST1A,,2023-UGINSYPF--3-ST1A,"Year=0 - Selections: 600091 in T12 - Electives: a minimum of 20.00 available credits and a maximum of 40.00 available credits from 600092, 600095, 600096, 600517 in T1, a maximum of 20.00 available credits from 600097 in T12, a minimum of 20.00 available credits and a maximum of 40.00 available credits from 600089, 600094, 500355 in T2",,,21,,Optional,6,UGINSYPF1US1CMP00UGINSY318S1O2,600095,,20,No matching MAP,
UGINSYPF,1,Taught,,,2021,,US1CMP00,UGINSY,BSc,Information Systems with Industrial Experience,3,2023/24,ST1A,Enrolment Block,2024-UGINSYPF--3-ST1A,,2023-UGINSYPF--3-ST1A,"Year=0 - Selections: 600091 in T12 - Electives: a minimum of 20.00 available credits and a maximum of 40.00 available credits from 600092, 600095, 600096, 600517 in T1, a maximum of 20.00 available credits from 600097 in T12, a minimum of 20.00 available credits and a maximum of 40.00 available credits from 600089, 600094, 500355 in T2",,,21,,Optional,6,UGINSYPF1US1CMP00UGINSY318S1O2,600517,,20,No matching MAP,
UGINSYPF,1,Taught,,,2021,,US1CMP00,UGINSY,BSc,Information Systems with Industrial Experience,3,2023/24,ST1A,Enrolment Block,2024-UGINSYPF--3-ST1A,,2023-UGINSYPF--3-ST1A,"Year=0 - Selections: 600091 in T12 - Electives: a minimum of 20.00 available credits and a maximum of 40.00 available credits from 600092, 600095, 600096, 600517 in T1, a maximum of 20.00 available credits from 600097 in T12, a minimum of 20.00 available credits and a maximum of 40.00 available credits from 600089, 600094, 500355 in T2",,,21,T1,Optional,6,UGINSYPF1US1CMP00UGINSY318S1O2,600092,Data Mining and Decision Systems,20,600092T12121,
UGINSYPF,1,Taught,,,2021,,US1CMP00,UGINSY,BSc,Information Systems with Industrial Experience,3,2023/24,ST1A,Enrolment Block,2024-UGINSYPF--3-ST1A,,2023-UGINSYPF--3-ST1A,"Year=0 - Selections: 600091 in T12 - Electives: a minimum of 20.00 available credits and a maximum of 40.00 available credits from 600092, 600095, 600096, 600517 in T1, a maximum of 20.00 available credits from 600097 in T12, a minimum of 20.00 available credits and a maximum of 40.00 available credits from 600089, 600094, 500355 in T2",,,21,T1,Optional,6,UGINSYPF1US1CMP00UGINSY318S1O2,600096,Mobile Devices and Applications,20,600096T11919,
UGINSYPF,1,Taught,,,2021,,US1CMP00,UGINSY,BSc,Information Systems with Industrial Experience,3,2023/24,ST1A,Enrolment Block,2024-UGINSYPF--3-ST1A,,2023-UGINSYPF--3-ST1A,"Year=0 - Selections: 600091 in T12 - Electives: a minimum of 20.00 available credits and a maximum of 40.00 available credits from 600092, 600095, 600096, 600517 in T1, a maximum of 20.00 available credits from 600097 in T12, a minimum of 20.00 available credits and a maximum of 40.00 available credits from 600089, 600094, 500355 in T2",,,31,,Optional,5,UGINSYPF1US1CMP00UGINSY318S2O3,500355,,20,No matching MAP,
UGINSYPF,1,Taught,,,2021,,US1CMP00,UGINSY,BSc,Information Systems with Industrial Experience,3,2023/24,ST1A,Enrolment Block,2024-UGINSYPF--3-ST1A,,2023-UGINSYPF--3-ST1A,"Year=0 - Selections: 600091 in T12 - Electives: a minimum of 20.00 available credits and a maximum of 40.00 available credits from 600092, 600095, 600096, 600517 in T1, a maximum of 20.00 available credits from 600097 in T12, a minimum of 20.00 available credits and a maximum of 40.00 available credits from 600089, 600094, 500355 in T2",,,31,T2,Optional,6,UGINSYPF1US1CMP00UGINSY318S2O3,600089,Distributed Systems Programming,20,600089T22323,
UGINSYPF,1,Taught,,,2021,,US1CMP00,UGINSY,BSc,Information Systems with Industrial Experience,3,2023/24,ST1A,Enrolment Block,2024-UGINSYPF--3-ST1A,,2023-UGINSYPF--3-ST1A,"Year=0 - Selections: 600091 in T12 - Electives: a minimum of 20.00 available credits and a maximum of 40.00 available credits from 600092, 600095, 600096, 600517 in T1, a maximum of 20.00 available credits from 600097 in T12, a minimum of 20.00 available credits and a maximum of 40.00 available credits from 600089, 600094, 500355 in T2",,,31,T2,Optional,6,UGINSYPF1US1CMP00UGINSY318S2O3,600094,Advanced Software Engineering,20,600094T21818,
UGINSYPF,1,Taught,,,2021,,US1CMP00,UGINSY,BSc,Information Systems with Industrial Experience,P,2023/24,ST1A,Enrolment Block,2024-UGINSYPF--P-ST1A,,2023-UGINSYPF--P-ST1A,,,,,,,,,,,,No matching MAP,
UGMEROFF,1,Taught,,2018,2024,Y,US1BEN16,UGMERO,BEng,Mechatronics and Robotics (with Foundation Year),2,2023/24,ST1A,Enrolment Block,2024-UGMEROFF-1-2-ST1A,,2023-UGMEROFF-1-2-ST1A,"Year=0 - Selections: 500662 in T1, 500680 in T1, 551458 in T1, 500081 in T2, 500681 in T2, 500682 in T2",,,1,T1,Compulsory,5,551458,551458,Artificial Intelligence,20,551458T12222,
UGMEROFF,1,Taught,,2018,2024,Y,US1BEN16,UGMERO,BEng,Mechatronics and Robotics (with Foundation Year),2,2023/24,ST1A,Enrolment Block,2024-UGMEROFF-1-2-ST1A,,2023-UGMEROFF-1-2-ST1A,"Year=0 - Selections: 500662 in T1, 500680 in T1, 551458 in T1, 500081 in T2, 500681 in T2, 500682 in T2",,,11,T1,Compulsory,5,500662,500662,Control Engineering,20,500662T12121,
UGMEROFF,1,Taught,,2018,2024,Y,US1BEN16,UGMERO,BEng,Mechatronics and Robotics (with Foundation Year),2,2023/24,ST1A,Enrolment Block,2024-UGMEROFF-1-2-ST1A,,2023-UGMEROFF-1-2-ST1A,"Year=0 - Selections: 500662 in T1, 500680 in T1, 551458 in T1, 500081 in T2, 500681 in T2, 500682 in T2",,,21,,Compulsory,5,500680,500680,,20,No matching MAP,
UGMEROFF,1,Taught,,2018,2024,Y,US1BEN16,UGMERO,BEng,Mechatronics and Robotics (with Foundation Year),2,2023/24,ST1A,Enrolment Block,2024-UGMEROFF-1-2-ST1A,,2023-UGMEROFF-1-2-ST1A,"Year=0 - Selections: 500662 in T1, 500680 in T1, 551458 in T1, 500081 in T2, 500681 in T2, 500682 in T2",,,31,,Compulsory,5,500081,500081,,20,No matching MAP,
UGMEROFF,1,Taught,,2018,2024,Y,US1BEN16,UGMERO,BEng,Mechatronics and Robotics (with Foundation Year),2,2023/24,ST1A,Enrolment Block,2024-UGMEROFF-1-2-ST1A,,2023-UGMEROFF-1-2-ST1A,"Year=0 - Selections: 500662 in T1, 500680 in T1, 551458 in T1, 500081 in T2, 500681 in T2, 500682 in T2",,,41,,Compulsory,5,500681,500681,,20,No matching MAP,
UGMEROFF,1,Taught,,2018,2024,Y,US1BEN16,UGMERO,BEng,Mechatronics and Robotics (with Foundation Year),2,2023/24,ST1A,Enrolment Block,2024-UGMEROFF-1-2-ST1A,,2023-UGMEROFF-1-2-ST1A,"Year=0 - Selections: 500662 in T1, 500680 in T1, 551458 in T1, 500081 in T2, 500681 in T2, 500682 in T2",,,51,,Compulsory,5,500682,500682,,20,No matching MAP,
UGMEROFF,1,Taught,,2018,2024,Y,US1BEN16,UGMERO,BEng,Mechatronics and Robotics (with Foundation Year),3,2023/24,ST1A,Enrolment Block,2024-UGMEROFF-1-3-ST1A,,2023-UGMEROFF-1-3-ST1A,"Year=0 - Selections: 600085 in T1, 601098 in T1, 600091 in T12, 601089 in T2, 601097 in T2",,,1,T12,Core,6,600091,600091,Honours Stage Project,40,60009112222,
UGMEROFF,1,Taught,,2018,2024,Y,US1BEN16,UGMERO,BEng,Mechatronics and Robotics (with Foundation Year),3,2023/24,ST1A,Enrolment Block,2024-UGMEROFF-1-3-ST1A,,2023-UGMEROFF-1-3-ST1A,"Year=0 - Selections: 600085 in T1, 601098 in T1, 600091 in T12, 601089 in T2, 601097 in T2",,,11,T1,Compulsory,6,601098,601098,Stress Analysis and Dynamics for Robotics,20,601098T12222,
UGMEROFF,1,Taught,,2018,2024,Y,US1BEN16,UGMERO,BEng,Mechatronics and Robotics (with Foundation Year),3,2023/24,ST1A,Enrolment Block,2024-UGMEROFF-1-3-ST1A,,2023-UGMEROFF-1-3-ST1A,"Year=0 - Selections: 600085 in T1, 601098 in T1, 600091 in T12, 601089 in T2, 601097 in T2",,,21,T1,Compulsory,6,600085,600085,Embedded Systems Development,20,600085T12323,
UGMEROFF,1,Taught,,2018,2024,Y,US1BEN16,UGMERO,BEng,Mechatronics and Robotics (with Foundation Year),3,2023/24,ST1A,Enrolment Block,2024-UGMEROFF-1-3-ST1A,,2023-UGMEROFF-1-3-ST1A,"Year=0 - Selections: 600085 in T1, 601098 in T1, 600091 in T12, 601089 in T2, 601097 in T2",,,31,T2,Compulsory,6,601089,601089,Robotics and Automation,20,601089T22323,
UGMEROFF,1,Taught,,2018,2024,Y,US1BEN16,UGMERO,BEng,Mechatronics and Robotics (with Foundation Year),3,2023/24,ST1A,Enrolment Block,2024-UGMEROFF-1-3-ST1A,,2023-UGMEROFF-1-3-ST1A,"Year=0 - Selections: 600085 in T1, 601098 in T1, 600091 in T12, 601089 in T2, 601097 in T2",,,41,T2,Compulsory,6,601097,601097,Machine Vision and Sensor Fusion,20,601097T22121,
UGMEROFF,2,Taught,,2022,,,US1BEO16,UGMERO,BEng (Ordinary),Mechatronics and Robotics (with Foundation Year),2,2023/24,ST1A,Enrolment Block,2024-UGMEROFF-2-2-ST1A,,2023-UGMEROFF-2-2-ST1A,Year=0 - Selections: 441190 in T12,,,10,,Compulsory,4,441190,441190,,0,No matching MAP,
UGMEROFF,2,Taught,,2022,,,US1BEO16,UGMERO,BEng (Ordinary),Mechatronics and Robotics (with Foundation Year),3,2023/24,ST1A,Enrolment Block,2024-UGMEROFF-2-3-ST1A,,2023-UGMEROFF-2-3-ST1A,,,,10,,Compulsory,4,441190,441190,,0,No matching MAP,
UGMEROLF,1,Taught,,2018,2025,Y,MS1MNG16,UGMERO,MEng,Mechatronics and Robotics (with Industrial Placement),1,2023/24,ST1A,Enrolment Block,2024-UGMEROLF-1-1-ST1A,,2023-UGMEROLF-1-1-ST1A,"Year=0 - Selections: 400470 in T1, 441060 in T1, 441061 in T1, 400471 in T2, 441059 in T2, 441108 in T2",,,1,T1,Compulsory,4,441061,441061,Fundamentals of Engineering,20,441061T12021,
UGMEROLF,1,Taught,,2018,2025,Y,MS1MNG16,UGMERO,MEng,Mechatronics and Robotics (with Industrial Placement),1,2023/24,ST1A,Enrolment Block,2024-UGMEROLF-1-1-ST1A,,2023-UGMEROLF-1-1-ST1A,"Year=0 - Selections: 400470 in T1, 441060 in T1, 441061 in T1, 400471 in T2, 441059 in T2, 441108 in T2",,,11,T1,Compulsory,4,441060,441060,Mathematics for Engineers,20,441060T12323,
UGMEROLF,1,Taught,,2018,2025,Y,MS1MNG16,UGMERO,MEng,Mechatronics and Robotics (with Industrial Placement),1,2023/24,ST1A,Enrolment Block,2024-UGMEROLF-1-1-ST1A,,2023-UGMEROLF-1-1-ST1A,"Year=0 - Selections: 400470 in T1, 441060 in T1, 441061 in T1, 400471 in T2, 441059 in T2, 441108 in T2",,,21,,Compulsory,4,400470,400470,,20,No matching MAP,
UGMEROLF,1,Taught,,2018,2025,Y,MS1MNG16,UGMERO,MEng,Mechatronics and Robotics (with Industrial Placement),1,2023/24,ST1A,Enrolment Block,2024-UGMEROLF-1-1-ST1A,,2023-UGMEROLF-1-1-ST1A,"Year=0 - Selections: 400470 in T1, 441060 in T1, 441061 in T1, 400471 in T2, 441059 in T2, 441108 in T2",,,31,T2,Compulsory,4,441059,441059,Programming and Control,20,441059T22021,
UGMEROLF,1,Taught,,2018,2025,Y,MS1MNG16,UGMERO,MEng,Mechatronics and Robotics (with Industrial Placement),1,2023/24,ST1A,Enrolment Block,2024-UGMEROLF-1-1-ST1A,,2023-UGMEROLF-1-1-ST1A,"Year=0 - Selections: 400470 in T1, 441060 in T1, 441061 in T1, 400471 in T2, 441059 in T2, 441108 in T2",,,41,,Compulsory,4,400471,400471,,20,No matching MAP,
UGMEROLF,1,Taught,,2018,2025,Y,MS1MNG16,UGMERO,MEng,Mechatronics and Robotics (with Industrial Placement),1,2023/24,ST1A,Enrolment Block,2024-UGMEROLF-1-1-ST1A,,2023-UGMEROLF-1-1-ST1A,"Year=0 - Selections: 400470 in T1, 441060 in T1, 441061 in T1, 400471 in T2, 441059 in T2, 441108 in T2",,,51,,Compulsory,4,441108,441108,,20,No matching MAP,
UGMEROLF,1,Taught,,2018,2025,Y,MS1MNG16,UGMERO,MEng,Mechatronics and Robotics (with Industrial Placement),2,2023/24,ST1A,Enrolment Block,2024-UGMEROLF-1-2-ST1A,,2023-UGMEROLF-1-2-ST1A,"Year=0 - Selections: 500662 in T1, 500680 in T1, 551458 in T1, 500081 in T2, 500681 in T2, 500682 in T2",,,1,T1,Compulsory,5,551458,551458,Artificial Intelligence,20,551458T12222,
UGMEROLF,1,Taught,,2018,2025,Y,MS1MNG16,UGMERO,MEng,Mechatronics and Robotics (with Industrial Placement),2,2023/24,ST1A,Enrolment Block,2024-UGMEROLF-1-2-ST1A,,2023-UGMEROLF-1-2-ST1A,"Year=0 - Selections: 500662 in T1, 500680 in T1, 551458 in T1, 500081 in T2, 500681 in T2, 500682 in T2",,,11,T1,Compulsory,5,500662,500662,Control Engineering,20,500662T12121,
UGMEROLF,1,Taught,,2018,2025,Y,MS1MNG16,UGMERO,MEng,Mechatronics and Robotics (with Industrial Placement),2,2023/24,ST1A,Enrolment Block,2024-UGMEROLF-1-2-ST1A,,2023-UGMEROLF-1-2-ST1A,"Year=0 - Selections: 500662 in T1, 500680 in T1, 551458 in T1, 500081 in T2, 500681 in T2, 500682 in T2",,,21,,Compulsory,5,500680,500680,,20,No matching MAP,
UGMEROLF,1,Taught,,2018,2025,Y,MS1MNG16,UGMERO,MEng,Mechatronics and Robotics (with Industrial Placement),2,2023/24,ST1A,Enrolment Block,2024-UGMEROLF-1-2-ST1A,,2023-UGMEROLF-1-2-ST1A,"Year=0 - Selections: 500662 in T1, 500680 in T1, 551458 in T1, 500081 in T2, 500681 in T2, 500682 in T2",,,31,,Compulsory,5,500081,500081,,20,No matching MAP,
UGMEROLF,1,Taught,,2018,2025,Y,MS1MNG16,UGMERO,MEng,Mechatronics and Robotics (with Industrial Placement),2,2023/24,ST1A,Enrolment Block,2024-UGMEROLF-1-2-ST1A,,2023-UGMEROLF-1-2-ST1A,"Year=0 - Selections: 500662 in T1, 500680 in T1, 551458 in T1, 500081 in T2, 500681 in T2, 500682 in T2",,,41,,Compulsory,5,500681,500681,,20,No matching MAP,
UGMEROLF,1,Taught,,2018,2025,Y,MS1MNG16,UGMERO,MEng,Mechatronics and Robotics (with Industrial Placement),2,2023/24,ST1A,Enrolment Block,2024-UGMEROLF-1-2-ST1A,,2023-UGMEROLF-1-2-ST1A,"Year=0 - Selections: 500662 in T1, 500680 in T1, 551458 in T1, 500081 in T2, 500681 in T2, 500682 in T2",,,51,,Compulsory,5,500682,500682,,20,No matching MAP,
UGMEROLF,1,Taught,,2018,2025,Y,MS1MNG16,UGMERO,MEng,Mechatronics and Robotics (with Industrial Placement),3,2023/24,ST1A,Enrolment Block,2024-UGMEROLF-1-3-ST1A,,2023-UGMEROLF-1-3-ST1A,"Year=0 - Selections: 600085 in T1, 601098 in T1, 600091 in T12, 601089 in T2, 601097 in T2",,,1,T12,Core,6,600091,600091,Honours Stage Project,40,60009112222,
UGMEROLF,1,Taught,,2018,2025,Y,MS1MNG16,UGMERO,MEng,Mechatronics and Robotics (with Industrial Placement),3,2023/24,ST1A,Enrolment Block,2024-UGMEROLF-1-3-ST1A,,2023-UGMEROLF-1-3-ST1A,"Year=0 - Selections: 600085 in T1, 601098 in T1, 600091 in T12, 601089 in T2, 601097 in T2",,,11,T1,Compulsory,6,601098,601098,Stress Analysis and Dynamics for Robotics,20,601098T12222,
UGMEROLF,1,Taught,,2018,2025,Y,MS1MNG16,UGMERO,MEng,Mechatronics and Robotics (with Industrial Placement),3,2023/24,ST1A,Enrolment Block,2024-UGMEROLF-1-3-ST1A,,2023-UGMEROLF-1-3-ST1A,"Year=0 - Selections: 600085 in T1, 601098 in T1, 600091 in T12, 601089 in T2, 601097 in T2",,,21,T1,Compulsory,6,600085,600085,Embedded Systems Development,20,600085T12323,
UGMEROLF,1,Taught,,2018,2025,Y,MS1MNG16,UGMERO,MEng,Mechatronics and Robotics (with Industrial Placement),3,2023/24,ST1A,Enrolment Block,2024-UGMEROLF-1-3-ST1A,,2023-UGMEROLF-1-3-ST1A,"Year=0 - Selections: 600085 in T1, 601098 in T1, 600091 in T12, 601089 in T2, 601097 in T2",,,31,T2,Compulsory,6,601089,601089,Robotics and Automation,20,601089T22323,
UGMEROLF,1,Taught,,2018,2025,Y,MS1MNG16,UGMERO,MEng,Mechatronics and Robotics (with Industrial Placement),3,2023/24,ST1A,Enrolment Block,2024-UGMEROLF-1-3-ST1A,,2023-UGMEROLF-1-3-ST1A,"Year=0 - Selections: 600085 in T1, 601098 in T1, 600091 in T12, 601089 in T2, 601097 in T2",,,41,T2,Compulsory,6,601097,601097,Machine Vision and Sensor Fusion,20,601097T22121,
UGMEROLF,1,Taught,,2018,2025,Y,MS1MNG16,UGMERO,MEng,Mechatronics and Robotics (with Industrial Placement),M,2023/24,ST1A,Enrolment Block,2024-UGMEROLF-1-M-ST1A,,2023-UGMEROLF-1-M-ST1A,"Year=0 - Selections: 701030 in T12, 701026 in T1, 700104 in T1, 441190 in T12 - Electives: 40.00 available credits from 701028, 700911, 701029 in T2",,,1,T12,Core,7,701030,701030,MEng Group Project (Robotics and Mechatronics),40,7.01E+11,
UGMEROLF,1,Taught,,2018,2025,Y,MS1MNG16,UGMERO,MEng,Mechatronics and Robotics (with Industrial Placement),M,2023/24,ST1A,Enrolment Block,2024-UGMEROLF-1-M-ST1A,,2023-UGMEROLF-1-M-ST1A,"Year=0 - Selections: 701030 in T12, 701026 in T1, 700104 in T1, 441190 in T12 - Electives: 40.00 available credits from 701028, 700911, 701029 in T2",,,11,T1,Compulsory,7,701026,701026,Real-Time Dependable Systems,20,701026T12222,
UGMEROLF,1,Taught,,2018,2025,Y,MS1MNG16,UGMERO,MEng,Mechatronics and Robotics (with Industrial Placement),M,2023/24,ST1A,Enrolment Block,2024-UGMEROLF-1-M-ST1A,,2023-UGMEROLF-1-M-ST1A,"Year=0 - Selections: 701030 in T12, 701026 in T1, 700104 in T1, 441190 in T12 - Electives: 40.00 available credits from 701028, 700911, 701029 in T2",,,21,T1,Compulsory,7,700104,700104,Robotic Systems and Artificial Intelligence,20,700104T21919,
UGMEROLF,1,Taught,,2018,2025,Y,MS1MNG16,UGMERO,MEng,Mechatronics and Robotics (with Industrial Placement),M,2023/24,ST1A,Enrolment Block,2024-UGMEROLF-1-M-ST1A,,2023-UGMEROLF-1-M-ST1A,"Year=0 - Selections: 701030 in T12, 701026 in T1, 700104 in T1, 441190 in T12 - Electives: 40.00 available credits from 701028, 700911, 701029 in T2",,,30,T2,Optional,7,MENG MECH & ROB T2 OPTS,700911,Engineering for Quality and Six Sigma,20,700911T22121,
UGMEROLF,1,Taught,,2018,2025,Y,MS1MNG16,UGMERO,MEng,Mechatronics and Robotics (with Industrial Placement),M,2023/24,ST1A,Enrolment Block,2024-UGMEROLF-1-M-ST1A,,2023-UGMEROLF-1-M-ST1A,"Year=0 - Selections: 701030 in T12, 701026 in T1, 700104 in T1, 441190 in T12 - Electives: 40.00 available credits from 701028, 700911, 701029 in T2",,,30,T2,Optional,7,MENG MECH & ROB T2 OPTS,701029,Computer Aided Analysis and CADCAM,20,701029T22121,
UGMEROLF,1,Taught,,2018,2025,Y,MS1MNG16,UGMERO,MEng,Mechatronics and Robotics (with Industrial Placement),M,2023/24,ST1A,Enrolment Block,2024-UGMEROLF-1-M-ST1A,,2023-UGMEROLF-1-M-ST1A,"Year=0 - Selections: 701030 in T12, 701026 in T1, 700104 in T1, 441190 in T12 - Electives: 40.00 available credits from 701028, 700911, 701029 in T2",,,40,,Compulsory,4,441190,441190,,0,No matching MAP,
UGMEROLF,1,Taught,,2018,2025,Y,MS1MNG16,UGMERO,MEng,Mechatronics and Robotics (with Industrial Placement),P,2023/24,ST1A,Enrolment Block,2024-UGMEROLF-1-P-ST1A,,2023-UGMEROLF-1-P-ST1A,Year=0 - Selections: 601092 in T12,,,1,T12,Core,6B,601092,601092,Industrial Placement,120,6.01E+11,
UGMEROMF,1,Taught,,2018,2024,Y,MS1MNG16,UGMERO,MEng,Mechatronics and Robotics,3,2023/24,ST1A,Enrolment Block,2024-UGMEROMF-1-3-ST1A,,2023-UGMEROMF-1-3-ST1A,"Year=0 - Selections: 600085 in T1, 601098 in T1, 600091 in T12, 601089 in T2, 601097 in T2",,,1,T12,Core,6,600091,600091,Honours Stage Project,40,60009112222,
UGMEROMF,1,Taught,,2018,2024,Y,MS1MNG16,UGMERO,MEng,Mechatronics and Robotics,3,2023/24,ST1A,Enrolment Block,2024-UGMEROMF-1-3-ST1A,,2023-UGMEROMF-1-3-ST1A,"Year=0 - Selections: 600085 in T1, 601098 in T1, 600091 in T12, 601089 in T2, 601097 in T2",,,11,T1,Compulsory,6,601098,601098,Stress Analysis and Dynamics for Robotics,20,601098T12222,
UGMEROMF,1,Taught,,2018,2024,Y,MS1MNG16,UGMERO,MEng,Mechatronics and Robotics,3,2023/24,ST1A,Enrolment Block,2024-UGMEROMF-1-3-ST1A,,2023-UGMEROMF-1-3-ST1A,"Year=0 - Selections: 600085 in T1, 601098 in T1, 600091 in T12, 601089 in T2, 601097 in T2",,,21,T1,Compulsory,6,600085,600085,Embedded Systems Development,20,600085T12323,
UGMEROMF,1,Taught,,2018,2024,Y,MS1MNG16,UGMERO,MEng,Mechatronics and Robotics,3,2023/24,ST1A,Enrolment Block,2024-UGMEROMF-1-3-ST1A,,2023-UGMEROMF-1-3-ST1A,"Year=0 - Selections: 600085 in T1, 601098 in T1, 600091 in T12, 601089 in T2, 601097 in T2",,,31,T2,Compulsory,6,601089,601089,Robotics and Automation,20,601089T22323,
UGMEROMF,1,Taught,,2018,2024,Y,MS1MNG16,UGMERO,MEng,Mechatronics and Robotics,3,2023/24,ST1A,Enrolment Block,2024-UGMEROMF-1-3-ST1A,,2023-UGMEROMF-1-3-ST1A,"Year=0 - Selections: 600085 in T1, 601098 in T1, 600091 in T12, 601089 in T2, 601097 in T2",,,41,T2,Compulsory,6,601097,601097,Machine Vision and Sensor Fusion,20,601097T22121,
UGMEROMF,1,Taught,,2018,2024,Y,MS1MNG16,UGMERO,MEng,Mechatronics and Robotics,M,2023/24,ST1A,Enrolment Block,2024-UGMEROMF-1-M-ST1A,,2023-UGMEROMF-1-M-ST1A,"Year=0 - Selections: 701030 in T12, 701026 in T1, 700104 in T1, 441190 in T12 - Electives: 40.00 available credits from 701028, 700911, 701029 in T2",,,1,T12,Core,7,701030,701030,MEng Group Project (Robotics and Mechatronics),40,7.01E+11,
UGMEROMF,1,Taught,,2018,2024,Y,MS1MNG16,UGMERO,MEng,Mechatronics and Robotics,M,2023/24,ST1A,Enrolment Block,2024-UGMEROMF-1-M-ST1A,,2023-UGMEROMF-1-M-ST1A,"Year=0 - Selections: 701030 in T12, 701026 in T1, 700104 in T1, 441190 in T12 - Electives: 40.00 available credits from 701028, 700911, 701029 in T2",,,11,T1,Compulsory,7,701026,701026,Real-Time Dependable Systems,20,701026T12222,
UGMEROMF,1,Taught,,2018,2024,Y,MS1MNG16,UGMERO,MEng,Mechatronics and Robotics,M,2023/24,ST1A,Enrolment Block,2024-UGMEROMF-1-M-ST1A,,2023-UGMEROMF-1-M-ST1A,"Year=0 - Selections: 701030 in T12, 701026 in T1, 700104 in T1, 441190 in T12 - Electives: 40.00 available credits from 701028, 700911, 701029 in T2",,,21,T1,Compulsory,7,700104,700104,Robotic Systems and Artificial Intelligence,20,700104T21919,
UGMEROMF,1,Taught,,2018,2024,Y,MS1MNG16,UGMERO,MEng,Mechatronics and Robotics,M,2023/24,ST1A,Enrolment Block,2024-UGMEROMF-1-M-ST1A,,2023-UGMEROMF-1-M-ST1A,"Year=0 - Selections: 701030 in T12, 701026 in T1, 700104 in T1, 441190 in T12 - Electives: 40.00 available credits from 701028, 700911, 701029 in T2",,,30,T2,Optional,7,MENG MECH & ROB T2 OPTS,700911,Engineering for Quality and Six Sigma,20,700911T22121,
UGMEROMF,1,Taught,,2018,2024,Y,MS1MNG16,UGMERO,MEng,Mechatronics and Robotics,M,2023/24,ST1A,Enrolment Block,2024-UGMEROMF-1-M-ST1A,,2023-UGMEROMF-1-M-ST1A,"Year=0 - Selections: 701030 in T12, 701026 in T1, 700104 in T1, 441190 in T12 - Electives: 40.00 available credits from 701028, 700911, 701029 in T2",,,30,T2,Optional,7,MENG MECH & ROB T2 OPTS,701029,Computer Aided Analysis and CADCAM,20,701029T22121,
UGMEROMF,1,Taught,,2018,2024,Y,MS1MNG16,UGMERO,MEng,Mechatronics and Robotics,M,2023/24,ST1A,Enrolment Block,2024-UGMEROMF-1-M-ST1A,,2023-UGMEROMF-1-M-ST1A,"Year=0 - Selections: 701030 in T12, 701026 in T1, 700104 in T1, 441190 in T12 - Electives: 40.00 available credits from 701028, 700911, 701029 in T2",,,40,,Compulsory,4,441190,441190,,0,No matching MAP,
UGMEROPF,1,Taught,,2018,2024,Y,US1BEN16,UGMERO,BEng,Mechatronics and Robotics (with Industrial Placement),3,2023/24,ST1A,Enrolment Block,2024-UGMEROPF-1-3-ST1A,,2023-UGMEROPF-1-3-ST1A,"Year=0 - Selections: 600085 in T1, 601098 in T1, 600091 in T12, 601089 in T2, 601097 in T2",,,1,T12,Core,6,600091,600091,Honours Stage Project,40,60009112222,
UGMEROPF,1,Taught,,2018,2024,Y,US1BEN16,UGMERO,BEng,Mechatronics and Robotics (with Industrial Placement),3,2023/24,ST1A,Enrolment Block,2024-UGMEROPF-1-3-ST1A,,2023-UGMEROPF-1-3-ST1A,"Year=0 - Selections: 600085 in T1, 601098 in T1, 600091 in T12, 601089 in T2, 601097 in T2",,,11,T1,Compulsory,6,601098,601098,Stress Analysis and Dynamics for Robotics,20,601098T12222,
UGMEROPF,1,Taught,,2018,2024,Y,US1BEN16,UGMERO,BEng,Mechatronics and Robotics (with Industrial Placement),3,2023/24,ST1A,Enrolment Block,2024-UGMEROPF-1-3-ST1A,,2023-UGMEROPF-1-3-ST1A,"Year=0 - Selections: 600085 in T1, 601098 in T1, 600091 in T12, 601089 in T2, 601097 in T2",,,21,T1,Compulsory,6,600085,600085,Embedded Systems Development,20,600085T12323,
UGMEROPF,1,Taught,,2018,2024,Y,US1BEN16,UGMERO,BEng,Mechatronics and Robotics (with Industrial Placement),3,2023/24,ST1A,Enrolment Block,2024-UGMEROPF-1-3-ST1A,,2023-UGMEROPF-1-3-ST1A,"Year=0 - Selections: 600085 in T1, 601098 in T1, 600091 in T12, 601089 in T2, 601097 in T2",,,31,T2,Compulsory,6,601089,601089,Robotics and Automation,20,601089T22323,
UGMEROPF,1,Taught,,2018,2024,Y,US1BEN16,UGMERO,BEng,Mechatronics and Robotics (with Industrial Placement),3,2023/24,ST1A,Enrolment Block,2024-UGMEROPF-1-3-ST1A,,2023-UGMEROPF-1-3-ST1A,"Year=0 - Selections: 600085 in T1, 601098 in T1, 600091 in T12, 601089 in T2, 601097 in T2",,,41,T2,Compulsory,6,601097,601097,Machine Vision and Sensor Fusion,20,601097T22121,
UGMEROPF,1,Taught,,2018,2024,Y,US1BEN16,UGMERO,BEng,Mechatronics and Robotics (with Industrial Placement),P,2023/24,ST1A,Enrolment Block,2024-UGMEROPF-1-P-ST1A,,2023-UGMEROPF-1-P-ST1A,Year=0 - Selections: 500091 in T123A,,,1,T123A,Core,5B,500091,500091,Year Out in Industry/Commerce,120,50009112322,
UGMEROPF,2,Taught,,2021,2024,N,US1BEO16,UGMERO,BEng (Ordinary),Mechatronics and Robotics (with Industrial Placement),3,2023/24,ST1A,Enrolment Block,2024-UGMEROPF-2-3-ST1A,,2023-UGMEROPF-2-3-ST1A,Year=0 - Selections: 441190 in T12,,,10,,Compulsory,4,441190,441190,,0,No matching MAP,
UGMEROPF,2,Taught,,2021,2024,N,US1BEO16,UGMERO,BEng (Ordinary),Mechatronics and Robotics (with Industrial Placement),P,2023/24,ST1A,Enrolment Block,,No Online diet for this VCO/CBO,,,No 2023* diet for this VCO/CBO,,,,,,,,,,No matching MAP,
UGMEROXF,1,Taught,,2018,2023,Y,US1BEN16,UGMERO,BEng,Mechatronics and Robotics,1,2023/24,ST1A,Enrolment Block,2024-UGMEROXF-1-1-ST1A,,2023-UGMEROXF-1-1-ST1A,"Year=0 - Selections: 400470 in T1, 441060 in T1, 441061 in T1, 400471 in T2, 441059 in T2, 441108 in T2",,,1,T1,Compulsory,4,441061,441061,Fundamentals of Engineering,20,441061T12021,
UGMEROXF,1,Taught,,2018,2023,Y,US1BEN16,UGMERO,BEng,Mechatronics and Robotics,1,2023/24,ST1A,Enrolment Block,2024-UGMEROXF-1-1-ST1A,,2023-UGMEROXF-1-1-ST1A,"Year=0 - Selections: 400470 in T1, 441060 in T1, 441061 in T1, 400471 in T2, 441059 in T2, 441108 in T2",,,11,T1,Compulsory,4,441060,441060,Mathematics for Engineers,20,441060T12323,
UGMEROXF,1,Taught,,2018,2023,Y,US1BEN16,UGMERO,BEng,Mechatronics and Robotics,1,2023/24,ST1A,Enrolment Block,2024-UGMEROXF-1-1-ST1A,,2023-UGMEROXF-1-1-ST1A,"Year=0 - Selections: 400470 in T1, 441060 in T1, 441061 in T1, 400471 in T2, 441059 in T2, 441108 in T2",,,21,,Compulsory,4,400470,400470,,20,No matching MAP,
UGMEROXF,1,Taught,,2018,2023,Y,US1BEN16,UGMERO,BEng,Mechatronics and Robotics,1,2023/24,ST1A,Enrolment Block,2024-UGMEROXF-1-1-ST1A,,2023-UGMEROXF-1-1-ST1A,"Year=0 - Selections: 400470 in T1, 441060 in T1, 441061 in T1, 400471 in T2, 441059 in T2, 441108 in T2",,,31,T2,Compulsory,4,441059,441059,Programming and Control,20,441059T22021,
UGMEROXF,1,Taught,,2018,2023,Y,US1BEN16,UGMERO,BEng,Mechatronics and Robotics,1,2023/24,ST1A,Enrolment Block,2024-UGMEROXF-1-1-ST1A,,2023-UGMEROXF-1-1-ST1A,"Year=0 - Selections: 400470 in T1, 441060 in T1, 441061 in T1, 400471 in T2, 441059 in T2, 441108 in T2",,,41,,Compulsory,4,400471,400471,,20,No matching MAP,
UGMEROXF,1,Taught,,2018,2023,Y,US1BEN16,UGMERO,BEng,Mechatronics and Robotics,1,2023/24,ST1A,Enrolment Block,2024-UGMEROXF-1-1-ST1A,,2023-UGMEROXF-1-1-ST1A,"Year=0 - Selections: 400470 in T1, 441060 in T1, 441061 in T1, 400471 in T2, 441059 in T2, 441108 in T2",,,51,,Compulsory,4,441108,441108,,20,No matching MAP,
UGMEROXF,1,Taught,,2018,2023,Y,US1BEN16,UGMERO,BEng,Mechatronics and Robotics,2,2023/24,ST1A,Enrolment Block,2024-UGMEROXF-1-2-ST1A,,2023-UGMEROXF-1-2-ST1A,"Year=0 - Selections: 500662 in T1, 500680 in T1, 551458 in T1, 500081 in T2, 500681 in T2, 500682 in T2",,,1,T1,Compulsory,5,551458,551458,Artificial Intelligence,20,551458T12222,
UGMEROXF,1,Taught,,2018,2023,Y,US1BEN16,UGMERO,BEng,Mechatronics and Robotics,2,2023/24,ST1A,Enrolment Block,2024-UGMEROXF-1-2-ST1A,,2023-UGMEROXF-1-2-ST1A,"Year=0 - Selections: 500662 in T1, 500680 in T1, 551458 in T1, 500081 in T2, 500681 in T2, 500682 in T2",,,11,T1,Compulsory,5,500662,500662,Control Engineering,20,500662T12121,
UGMEROXF,1,Taught,,2018,2023,Y,US1BEN16,UGMERO,BEng,Mechatronics and Robotics,2,2023/24,ST1A,Enrolment Block,2024-UGMEROXF-1-2-ST1A,,2023-UGMEROXF-1-2-ST1A,"Year=0 - Selections: 500662 in T1, 500680 in T1, 551458 in T1, 500081 in T2, 500681 in T2, 500682 in T2",,,21,,Compulsory,5,500680,500680,,20,No matching MAP,
UGMEROXF,1,Taught,,2018,2023,Y,US1BEN16,UGMERO,BEng,Mechatronics and Robotics,2,2023/24,ST1A,Enrolment Block,2024-UGMEROXF-1-2-ST1A,,2023-UGMEROXF-1-2-ST1A,"Year=0 - Selections: 500662 in T1, 500680 in T1, 551458 in T1, 500081 in T2, 500681 in T2, 500682 in T2",,,31,,Compulsory,5,500081,500081,,20,No matching MAP,
UGMEROXF,1,Taught,,2018,2023,Y,US1BEN16,UGMERO,BEng,Mechatronics and Robotics,2,2023/24,ST1A,Enrolment Block,2024-UGMEROXF-1-2-ST1A,,2023-UGMEROXF-1-2-ST1A,"Year=0 - Selections: 500662 in T1, 500680 in T1, 551458 in T1, 500081 in T2, 500681 in T2, 500682 in T2",,,41,,Compulsory,5,500681,500681,,20,No matching MAP,
UGMEROXF,1,Taught,,2018,2023,Y,US1BEN16,UGMERO,BEng,Mechatronics and Robotics,2,2023/24,ST1A,Enrolment Block,2024-UGMEROXF-1-2-ST1A,,2023-UGMEROXF-1-2-ST1A,"Year=0 - Selections: 500662 in T1, 500680 in T1, 551458 in T1, 500081 in T2, 500681 in T2, 500682 in T2",,,51,,Compulsory,5,500682,500682,,20,No matching MAP,
UGMEROXF,1,Taught,,2018,2023,Y,US1BEN16,UGMERO,BEng,Mechatronics and Robotics,3,2023/24,ST1A,Enrolment Block,2024-UGMEROXF-1-3-ST1A,,2023-UGMEROXF-1-3-ST1A,"Year=0 - Selections: 600085 in T1, 601098 in T1, 600091 in T12, 601089 in T2, 601097 in T2",,,1,T12,Core,6,600091,600091,Honours Stage Project,40,60009112222,
UGMEROXF,1,Taught,,2018,2023,Y,US1BEN16,UGMERO,BEng,Mechatronics and Robotics,3,2023/24,ST1A,Enrolment Block,2024-UGMEROXF-1-3-ST1A,,2023-UGMEROXF-1-3-ST1A,"Year=0 - Selections: 600085 in T1, 601098 in T1, 600091 in T12, 601089 in T2, 601097 in T2",,,11,T1,Compulsory,6,601098,601098,Stress Analysis and Dynamics for Robotics,20,601098T12222,
UGMEROXF,1,Taught,,2018,2023,Y,US1BEN16,UGMERO,BEng,Mechatronics and Robotics,3,2023/24,ST1A,Enrolment Block,2024-UGMEROXF-1-3-ST1A,,2023-UGMEROXF-1-3-ST1A,"Year=0 - Selections: 600085 in T1, 601098 in T1, 600091 in T12, 601089 in T2, 601097 in T2",,,21,T1,Compulsory,6,600085,600085,Embedded Systems Development,20,600085T12323,
UGMEROXF,1,Taught,,2018,2023,Y,US1BEN16,UGMERO,BEng,Mechatronics and Robotics,3,2023/24,ST1A,Enrolment Block,2024-UGMEROXF-1-3-ST1A,,2023-UGMEROXF-1-3-ST1A,"Year=0 - Selections: 600085 in T1, 601098 in T1, 600091 in T12, 601089 in T2, 601097 in T2",,,31,T2,Compulsory,6,601089,601089,Robotics and Automation,20,601089T22323,
UGMEROXF,1,Taught,,2018,2023,Y,US1BEN16,UGMERO,BEng,Mechatronics and Robotics,3,2023/24,ST1A,Enrolment Block,2024-UGMEROXF-1-3-ST1A,,2023-UGMEROXF-1-3-ST1A,"Year=0 - Selections: 600085 in T1, 601098 in T1, 600091 in T12, 601089 in T2, 601097 in T2",,,41,T2,Compulsory,6,601097,601097,Machine Vision and Sensor Fusion,20,601097T22121,
UGMEROXF,2,Taught,,2021,2023,N,US1BEO16,UGMERO,BEng (Ordinary),Mechatronics and Robotics,1,2023/24,ST1A,Enrolment Block,,No Online diet for this VCO/CBO,,,No 2023* diet for this VCO/CBO,,,,,,,,,,No matching MAP,
UGMEROXF,2,Taught,,2021,2023,N,US1BEO16,UGMERO,BEng (Ordinary),Mechatronics and Robotics,2,2023/24,ST1A,Enrolment Block,,No Online diet for this VCO/CBO,,,No 2023* diet for this VCO/CBO,,,,,,,,,,No matching MAP,
UGMEROXF,2,Taught,,2021,2023,N,US1BEO16,UGMERO,BEng (Ordinary),Mechatronics and Robotics,3,2023/24,ST1A,Enrolment Block,2024-UGMEROXF-2-3-ST1A,,2023-UGMEROXF-2-3-ST1A,,,,10,,Compulsory,4,441190,441190,,0,No matching MAP,
UGROAIAF,1,Taught,,2022,,Y,US1CMP18,UGROAI,BSc,Robotics and Artificial Intelligence with Study Abroad,1,2023/24,ST1A,Enrolment Block,,No Online diet for this VCO/CBO,,,No 2023* diet for this VCO/CBO,,,,,,,,,,No matching MAP,
UGROAIAF,1,Taught,,2022,,Y,US1CMP18,UGROAI,BSc,Robotics and Artificial Intelligence with Study Abroad,2,2023/24,ST1A,Enrolment Block,,No Online diet for this VCO/CBO,,,No 2023* diet for this VCO/CBO,,,,,,,,,,No matching MAP,
UGROAIAF,1,Taught,,2022,,Y,US1CMP18,UGROAI,BSc,Robotics and Artificial Intelligence with Study Abroad,3,2023/24,ST1A,Enrolment Block,,No Online diet for this VCO/CBO,,,No 2023* diet for this VCO/CBO,,,,,,,,,,No matching MAP,
UGROAIAF,1,Taught,,2022,,Y,US1CMP18,UGROAI,BSc,Robotics and Artificial Intelligence with Study Abroad,A,2023/24,ST1A,Enrolment Block,,No Online diet for this VCO/CBO,,,No 2023* diet for this VCO/CBO,,,,,,,,,,No matching MAP,
UGROAIAF,2,Taught,,2022,,Y,US2CMP19,UGROBA,BSc,Computing (Robotics and Artificial Intelligence) with Study Abroad,1,2023/24,ST1A,Enrolment Block,2024-UGROAIAF-2-1-ST1A,,2023-UGROAIAF-2-1-ST1A,"Year=0 - Selections: 441105 in T1, 441108 in T1, 441101 in T12, 441104 in T2, 441183 in T2",,,10,T12,Core,4,441101,441101,Programming Portfolio,40,441101T1&222,
UGROAIAF,2,Taught,,2022,,Y,US2CMP19,UGROBA,BSc,Computing (Robotics and Artificial Intelligence) with Study Abroad,1,2023/24,ST1A,Enrolment Block,2024-UGROAIAF-2-1-ST1A,,2023-UGROAIAF-2-1-ST1A,"Year=0 - Selections: 441105 in T1, 441108 in T1, 441101 in T12, 441104 in T2, 441183 in T2",,,20,T2,Compulsory,4,441104,441104,Computational Thinking,20,441104T12222,
UGROAIAF,2,Taught,,2022,,Y,US2CMP19,UGROBA,BSc,Computing (Robotics and Artificial Intelligence) with Study Abroad,1,2023/24,ST1A,Enrolment Block,2024-UGROAIAF-2-1-ST1A,,2023-UGROAIAF-2-1-ST1A,"Year=0 - Selections: 441105 in T1, 441108 in T1, 441101 in T12, 441104 in T2, 441183 in T2",,,50,T1,Compulsory,4,441108,441108,Professional Development,20,441108T22222,
UGROAIAF,2,Taught,,2022,,Y,US2CMP19,UGROBA,BSc,Computing (Robotics and Artificial Intelligence) with Study Abroad,1,2023/24,ST1A,Enrolment Block,2024-UGROAIAF-2-1-ST1A,,2023-UGROAIAF-2-1-ST1A,"Year=0 - Selections: 441105 in T1, 441108 in T1, 441101 in T12, 441104 in T2, 441183 in T2",,,60,T1,Compulsory,4,441105,441105,Algorithms and Data Structures,20,441105T12222,
UGROAIAF,2,Taught,,2022,,Y,US2CMP19,UGROBA,BSc,Computing (Robotics and Artificial Intelligence) with Study Abroad,1,2023/24,ST1A,Enrolment Block,2024-UGROAIAF-2-1-ST1A,,2023-UGROAIAF-2-1-ST1A,"Year=0 - Selections: 441105 in T1, 441108 in T1, 441101 in T12, 441104 in T2, 441183 in T2",,,70,T2,Compulsory,4,441183,441183,Fundamentals of Robotics,20,441183T22323,
UGROAIAF,2,Taught,,2022,,Y,US2CMP19,UGROBA,BSc,Computing (Robotics and Artificial Intelligence) with Study Abroad,2,2023/24,ST1A,Enrolment Block,2024-UGROAIAF-2-2-ST1A,,2023-UGROAIAF-2-2-ST1A,"Year=0 - Selections: 551530 in T12, 551458 in T1, 551528 in T1, 551527 in T2, 551529 in T2, 441190 in T12",,,10,T12,Core,5,551530,551530,Robotic Systems and Simulation,40,551530T12323,
UGROAIAF,2,Taught,,2022,,Y,US2CMP19,UGROBA,BSc,Computing (Robotics and Artificial Intelligence) with Study Abroad,2,2023/24,ST1A,Enrolment Block,2024-UGROAIAF-2-2-ST1A,,2023-UGROAIAF-2-2-ST1A,"Year=0 - Selections: 551530 in T12, 551458 in T1, 551528 in T1, 551527 in T2, 551529 in T2, 441190 in T12",,,20,T1,Compulsory,5,551458,551458,Artificial Intelligence,20,551458T12222,
UGROAIAF,2,Taught,,2022,,Y,US2CMP19,UGROBA,BSc,Computing (Robotics and Artificial Intelligence) with Study Abroad,2,2023/24,ST1A,Enrolment Block,2024-UGROAIAF-2-2-ST1A,,2023-UGROAIAF-2-2-ST1A,"Year=0 - Selections: 551530 in T12, 551458 in T1, 551528 in T1, 551527 in T2, 551529 in T2, 441190 in T12",,,30,T1,Compulsory,5,551528,551528,Electronics and Control for Robotics,20,551528T12222,
UGROAIAF,2,Taught,,2022,,Y,US2CMP19,UGROBA,BSc,Computing (Robotics and Artificial Intelligence) with Study Abroad,2,2023/24,ST1A,Enrolment Block,2024-UGROAIAF-2-2-ST1A,,2023-UGROAIAF-2-2-ST1A,"Year=0 - Selections: 551530 in T12, 551458 in T1, 551528 in T1, 551527 in T2, 551529 in T2, 441190 in T12",,,40,T2,Compulsory,5,551527,551527,Applied Artificial Intelligence,20,551527T22222,
UGROAIAF,2,Taught,,2022,,Y,US2CMP19,UGROBA,BSc,Computing (Robotics and Artificial Intelligence) with Study Abroad,2,2023/24,ST1A,Enrolment Block,2024-UGROAIAF-2-2-ST1A,,2023-UGROAIAF-2-2-ST1A,"Year=0 - Selections: 551530 in T12, 551458 in T1, 551528 in T1, 551527 in T2, 551529 in T2, 441190 in T12",,,50,T2,Compulsory,5,551529,551529,"Microcontrollers, Sensors and Communications",20,551529T22222,
UGROAIAF,2,Taught,,2022,,Y,US2CMP19,UGROBA,BSc,Computing (Robotics and Artificial Intelligence) with Study Abroad,2,2023/24,ST1A,Enrolment Block,2024-UGROAIAF-2-2-ST1A,,2023-UGROAIAF-2-2-ST1A,"Year=0 - Selections: 551530 in T12, 551458 in T1, 551528 in T1, 551527 in T2, 551529 in T2, 441190 in T12",,,60,,Compulsory,4,441190,441190,,0,No matching MAP,
UGROAIAF,2,Taught,,2022,,Y,US2CMP19,UGROBA,BSc,Computing (Robotics and Artificial Intelligence) with Study Abroad,3,2023/24,ST1A,Enrolment Block,2024-UGROAIAF-2-3-ST1A,,2023-UGROAIAF-2-3-ST1A,"Year=0 - Selections: 662085 in T1, 600100 in T2, 601089 in T2, 441190 in T12 - Electives: 40.00 available credits from 600091, 662004 in T12, 20.00 available credits from 661984, 662086 in T1",,,10,T12,Elective - If chosen cannot condone or compenste,6,COMP SCI L6 T12 OPTS,600091,Honours Stage Project,40,60009112222,
UGROAIAF,2,Taught,,2022,,Y,US2CMP19,UGROBA,BSc,Computing (Robotics and Artificial Intelligence) with Study Abroad,3,2023/24,ST1A,Enrolment Block,2024-UGROAIAF-2-3-ST1A,,2023-UGROAIAF-2-3-ST1A,"Year=0 - Selections: 662085 in T1, 600100 in T2, 601089 in T2, 441190 in T12 - Electives: 40.00 available credits from 600091, 662004 in T12, 20.00 available credits from 661984, 662086 in T1",,,10,T12,Elective - If chosen cannot condone or compenste,6,COMP SCI L6 T12 OPTS,662004,Communicating and Teaching Computing,40,6.62E+11,
UGROAIAF,2,Taught,,2022,,Y,US2CMP19,UGROBA,BSc,Computing (Robotics and Artificial Intelligence) with Study Abroad,3,2023/24,ST1A,Enrolment Block,2024-UGROAIAF-2-3-ST1A,,2023-UGROAIAF-2-3-ST1A,"Year=0 - Selections: 662085 in T1, 600100 in T2, 601089 in T2, 441190 in T12 - Electives: 40.00 available credits from 600091, 662004 in T12, 20.00 available credits from 661984, 662086 in T1",,,20,T1,Optional,6,COMP SCI & AI L6 T1 OPTS,661984,Digital Disruption and Innovation,20,661984T12222,
UGROAIAF,2,Taught,,2022,,Y,US2CMP19,UGROBA,BSc,Computing (Robotics and Artificial Intelligence) with Study Abroad,3,2023/24,ST1A,Enrolment Block,2024-UGROAIAF-2-3-ST1A,,2023-UGROAIAF-2-3-ST1A,"Year=0 - Selections: 662085 in T1, 600100 in T2, 601089 in T2, 441190 in T12 - Electives: 40.00 available credits from 600091, 662004 in T12, 20.00 available credits from 661984, 662086 in T1",,,20,T1,Optional,6,COMP SCI & AI L6 T1 OPTS,662086,Machine Learning,20,662086T12222,
UGROAIAF,2,Taught,,2022,,Y,US2CMP19,UGROBA,BSc,Computing (Robotics and Artificial Intelligence) with Study Abroad,3,2023/24,ST1A,Enrolment Block,2024-UGROAIAF-2-3-ST1A,,2023-UGROAIAF-2-3-ST1A,"Year=0 - Selections: 662085 in T1, 600100 in T2, 601089 in T2, 441190 in T12 - Electives: 40.00 available credits from 600091, 662004 in T12, 20.00 available credits from 661984, 662086 in T1",,,30,,Compulsory,6,662085,662085,,20,No matching MAP,
UGROAIAF,2,Taught,,2022,,Y,US2CMP19,UGROBA,BSc,Computing (Robotics and Artificial Intelligence) with Study Abroad,3,2023/24,ST1A,Enrolment Block,2024-UGROAIAF-2-3-ST1A,,2023-UGROAIAF-2-3-ST1A,"Year=0 - Selections: 662085 in T1, 600100 in T2, 601089 in T2, 441190 in T12 - Electives: 40.00 available credits from 600091, 662004 in T12, 20.00 available credits from 661984, 662086 in T1",,,40,T2,Compulsory,6,600100,600100,Computer Vision,20,600100T2323,
UGROAIAF,2,Taught,,2022,,Y,US2CMP19,UGROBA,BSc,Computing (Robotics and Artificial Intelligence) with Study Abroad,3,2023/24,ST1A,Enrolment Block,2024-UGROAIAF-2-3-ST1A,,2023-UGROAIAF-2-3-ST1A,"Year=0 - Selections: 662085 in T1, 600100 in T2, 601089 in T2, 441190 in T12 - Electives: 40.00 available credits from 600091, 662004 in T12, 20.00 available credits from 661984, 662086 in T1",,,50,T2,Compulsory,6,601089,601089,Robotics and Automation,20,601089T22323,
UGROAIAF,2,Taught,,2022,,Y,US2CMP19,UGROBA,BSc,Computing (Robotics and Artificial Intelligence) with Study Abroad,3,2023/24,ST1A,Enrolment Block,2024-UGROAIAF-2-3-ST1A,,2023-UGROAIAF-2-3-ST1A,"Year=0 - Selections: 662085 in T1, 600100 in T2, 601089 in T2, 441190 in T12 - Electives: 40.00 available credits from 600091, 662004 in T12, 20.00 available credits from 661984, 662086 in T1",,,60,,Compulsory,4,441190,441190,,0,No matching MAP,
UGROAIAF,2,Taught,,2022,,Y,US2CMP19,UGROBA,BSc,Computing (Robotics and Artificial Intelligence) with Study Abroad,A,2023/24,ST1A,Enrolment Block,2024-UGROAIAF-2-A-ST1A,,2023-UGROAIAF-2-A-ST1A,Year=0 - Selections: 500092 in T123A,,,10,T123A,Core,5B,500092,500092,Study Abroad,120,50009212322,
UGROAIAF,3,Taught,,2022,,N,US1CMP19,UGROAI,BSc,Robotics and Artificial Intelligence with Study Abroad,1,2023/24,ST1A,Enrolment Block,2024-UGROAIAF-3-1-ST1A,,2023-UGROAIAF-3-1-ST1A,"Year=0 - Selections: 441101 in T12, 441104 in T2, 441108 in T1, 441105 in T1, 441183 in T2, 441187 in T12, 441190 in T12",,,10,T12,Core,4,441101,441101,Programming Portfolio,40,441101T1&222,
UGROAIAF,3,Taught,,2022,,N,US1CMP19,UGROAI,BSc,Robotics and Artificial Intelligence with Study Abroad,1,2023/24,ST1A,Enrolment Block,2024-UGROAIAF-3-1-ST1A,,2023-UGROAIAF-3-1-ST1A,"Year=0 - Selections: 441101 in T12, 441104 in T2, 441108 in T1, 441105 in T1, 441183 in T2, 441187 in T12, 441190 in T12",,,20,T2,Compulsory,4,441104,441104,Computational Thinking,20,441104T12222,
UGROAIAF,3,Taught,,2022,,N,US1CMP19,UGROAI,BSc,Robotics and Artificial Intelligence with Study Abroad,1,2023/24,ST1A,Enrolment Block,2024-UGROAIAF-3-1-ST1A,,2023-UGROAIAF-3-1-ST1A,"Year=0 - Selections: 441101 in T12, 441104 in T2, 441108 in T1, 441105 in T1, 441183 in T2, 441187 in T12, 441190 in T12",,,50,T1,Compulsory,4,441108,441108,Professional Development,20,441108T22222,
UGROAIAF,3,Taught,,2022,,N,US1CMP19,UGROAI,BSc,Robotics and Artificial Intelligence with Study Abroad,1,2023/24,ST1A,Enrolment Block,2024-UGROAIAF-3-1-ST1A,,2023-UGROAIAF-3-1-ST1A,"Year=0 - Selections: 441101 in T12, 441104 in T2, 441108 in T1, 441105 in T1, 441183 in T2, 441187 in T12, 441190 in T12",,,60,T1,Compulsory,4,441105,441105,Algorithms and Data Structures,20,441105T12222,
UGROAIAF,3,Taught,,2022,,N,US1CMP19,UGROAI,BSc,Robotics and Artificial Intelligence with Study Abroad,1,2023/24,ST1A,Enrolment Block,2024-UGROAIAF-3-1-ST1A,,2023-UGROAIAF-3-1-ST1A,"Year=0 - Selections: 441101 in T12, 441104 in T2, 441108 in T1, 441105 in T1, 441183 in T2, 441187 in T12, 441190 in T12",,,70,T2,Compulsory,4,441183,441183,Fundamentals of Robotics,20,441183T22323,
UGROAIAF,3,Taught,,2022,,N,US1CMP19,UGROAI,BSc,Robotics and Artificial Intelligence with Study Abroad,1,2023/24,ST1A,Enrolment Block,2024-UGROAIAF-3-1-ST1A,,2023-UGROAIAF-3-1-ST1A,"Year=0 - Selections: 441101 in T12, 441104 in T2, 441108 in T1, 441105 in T1, 441183 in T2, 441187 in T12, 441190 in T12",,,80,T12,Compulsory,4,441187,441187,Computer Science PASS module,0,No matching MAP,
UGROAIAF,3,Taught,,2022,,N,US1CMP19,UGROAI,BSc,Robotics and Artificial Intelligence with Study Abroad,1,2023/24,ST1A,Enrolment Block,2024-UGROAIAF-3-1-ST1A,,2023-UGROAIAF-3-1-ST1A,"Year=0 - Selections: 441101 in T12, 441104 in T2, 441108 in T1, 441105 in T1, 441183 in T2, 441187 in T12, 441190 in T12",,,90,,Compulsory,4,441190,441190,,0,No matching MAP,
UGROAIAF,3,Taught,,2022,,N,US1CMP19,UGROAI,BSc,Robotics and Artificial Intelligence with Study Abroad,2,2023/24,ST1A,Enrolment Block,2024-UGROAIAF-3-2-ST1A,,2023-UGROAIAF-3-2-ST1A,"Year=0 - Selections: 551530 in T12, 551458 in T1, 551528 in T1, 551527 in T2, 551529 in T2, 441190 in T12",,,10,T12,Core,5,551530,551530,Robotic Systems and Simulation,40,551530T12323,
UGROAIAF,3,Taught,,2022,,N,US1CMP19,UGROAI,BSc,Robotics and Artificial Intelligence with Study Abroad,2,2023/24,ST1A,Enrolment Block,2024-UGROAIAF-3-2-ST1A,,2023-UGROAIAF-3-2-ST1A,"Year=0 - Selections: 551530 in T12, 551458 in T1, 551528 in T1, 551527 in T2, 551529 in T2, 441190 in T12",,,20,T1,Compulsory,5,551458,551458,Artificial Intelligence,20,551458T12222,
UGROAIAF,3,Taught,,2022,,N,US1CMP19,UGROAI,BSc,Robotics and Artificial Intelligence with Study Abroad,2,2023/24,ST1A,Enrolment Block,2024-UGROAIAF-3-2-ST1A,,2023-UGROAIAF-3-2-ST1A,"Year=0 - Selections: 551530 in T12, 551458 in T1, 551528 in T1, 551527 in T2, 551529 in T2, 441190 in T12",,,30,T1,Compulsory,5,551528,551528,Electronics and Control for Robotics,20,551528T12222,
UGROAIAF,3,Taught,,2022,,N,US1CMP19,UGROAI,BSc,Robotics and Artificial Intelligence with Study Abroad,2,2023/24,ST1A,Enrolment Block,2024-UGROAIAF-3-2-ST1A,,2023-UGROAIAF-3-2-ST1A,"Year=0 - Selections: 551530 in T12, 551458 in T1, 551528 in T1, 551527 in T2, 551529 in T2, 441190 in T12",,,40,T2,Compulsory,5,551527,551527,Applied Artificial Intelligence,20,551527T22222,
UGROAIAF,3,Taught,,2022,,N,US1CMP19,UGROAI,BSc,Robotics and Artificial Intelligence with Study Abroad,2,2023/24,ST1A,Enrolment Block,2024-UGROAIAF-3-2-ST1A,,2023-UGROAIAF-3-2-ST1A,"Year=0 - Selections: 551530 in T12, 551458 in T1, 551528 in T1, 551527 in T2, 551529 in T2, 441190 in T12",,,50,T2,Compulsory,5,551529,551529,"Microcontrollers, Sensors and Communications",20,551529T22222,
UGROAIAF,3,Taught,,2022,,N,US1CMP19,UGROAI,BSc,Robotics and Artificial Intelligence with Study Abroad,2,2023/24,ST1A,Enrolment Block,2024-UGROAIAF-3-2-ST1A,,2023-UGROAIAF-3-2-ST1A,"Year=0 - Selections: 551530 in T12, 551458 in T1, 551528 in T1, 551527 in T2, 551529 in T2, 441190 in T12",,,60,,Compulsory,4,441190,441190,,0,No matching MAP,
UGROAIAF,3,Taught,,2022,,N,US1CMP19,UGROAI,BSc,Robotics and Artificial Intelligence with Study Abroad,3,2023/24,ST1A,Enrolment Block,2024-UGROAIAF-3-3-ST1A,,2023-UGROAIAF-3-3-ST1A,"Year=0 - Selections: 662085 in T1, 600100 in T2, 601089 in T2, 441190 in T12 - Electives: 40.00 available credits from 600091, 662004 in T12, 20.00 available credits from 661984, 662086 in T1",,,10,T12,Elective - If chosen cannot condone or compenste,6,COMP SCI L6 T12 OPTS,600091,Honours Stage Project,40,60009112222,
UGROAIAF,3,Taught,,2022,,N,US1CMP19,UGROAI,BSc,Robotics and Artificial Intelligence with Study Abroad,3,2023/24,ST1A,Enrolment Block,2024-UGROAIAF-3-3-ST1A,,2023-UGROAIAF-3-3-ST1A,"Year=0 - Selections: 662085 in T1, 600100 in T2, 601089 in T2, 441190 in T12 - Electives: 40.00 available credits from 600091, 662004 in T12, 20.00 available credits from 661984, 662086 in T1",,,10,T12,Elective - If chosen cannot condone or compenste,6,COMP SCI L6 T12 OPTS,662004,Communicating and Teaching Computing,40,6.62E+11,
UGROAIAF,3,Taught,,2022,,N,US1CMP19,UGROAI,BSc,Robotics and Artificial Intelligence with Study Abroad,3,2023/24,ST1A,Enrolment Block,2024-UGROAIAF-3-3-ST1A,,2023-UGROAIAF-3-3-ST1A,"Year=0 - Selections: 662085 in T1, 600100 in T2, 601089 in T2, 441190 in T12 - Electives: 40.00 available credits from 600091, 662004 in T12, 20.00 available credits from 661984, 662086 in T1",,,20,T1,Optional,6,COMP SCI & AI L6 T1 OPTS,661984,Digital Disruption and Innovation,20,661984T12222,
UGROAIAF,3,Taught,,2022,,N,US1CMP19,UGROAI,BSc,Robotics and Artificial Intelligence with Study Abroad,3,2023/24,ST1A,Enrolment Block,2024-UGROAIAF-3-3-ST1A,,2023-UGROAIAF-3-3-ST1A,"Year=0 - Selections: 662085 in T1, 600100 in T2, 601089 in T2, 441190 in T12 - Electives: 40.00 available credits from 600091, 662004 in T12, 20.00 available credits from 661984, 662086 in T1",,,20,T1,Optional,6,COMP SCI & AI L6 T1 OPTS,662086,Machine Learning,20,662086T12222,
UGROAIAF,3,Taught,,2022,,N,US1CMP19,UGROAI,BSc,Robotics and Artificial Intelligence with Study Abroad,3,2023/24,ST1A,Enrolment Block,2024-UGROAIAF-3-3-ST1A,,2023-UGROAIAF-3-3-ST1A,"Year=0 - Selections: 662085 in T1, 600100 in T2, 601089 in T2, 441190 in T12 - Electives: 40.00 available credits from 600091, 662004 in T12, 20.00 available credits from 661984, 662086 in T1",,,30,,Compulsory,6,662085,662085,,20,No matching MAP,
UGROAIAF,3,Taught,,2022,,N,US1CMP19,UGROAI,BSc,Robotics and Artificial Intelligence with Study Abroad,3,2023/24,ST1A,Enrolment Block,2024-UGROAIAF-3-3-ST1A,,2023-UGROAIAF-3-3-ST1A,"Year=0 - Selections: 662085 in T1, 600100 in T2, 601089 in T2, 441190 in T12 - Electives: 40.00 available credits from 600091, 662004 in T12, 20.00 available credits from 661984, 662086 in T1",,,40,T2,Compulsory,6,600100,600100,Computer Vision,20,600100T2323,
UGROAIAF,3,Taught,,2022,,N,US1CMP19,UGROAI,BSc,Robotics and Artificial Intelligence with Study Abroad,3,2023/24,ST1A,Enrolment Block,2024-UGROAIAF-3-3-ST1A,,2023-UGROAIAF-3-3-ST1A,"Year=0 - Selections: 662085 in T1, 600100 in T2, 601089 in T2, 441190 in T12 - Electives: 40.00 available credits from 600091, 662004 in T12, 20.00 available credits from 661984, 662086 in T1",,,50,T2,Compulsory,6,601089,601089,Robotics and Automation,20,601089T22323,
UGROAIAF,3,Taught,,2022,,N,US1CMP19,UGROAI,BSc,Robotics and Artificial Intelligence with Study Abroad,3,2023/24,ST1A,Enrolment Block,2024-UGROAIAF-3-3-ST1A,,2023-UGROAIAF-3-3-ST1A,"Year=0 - Selections: 662085 in T1, 600100 in T2, 601089 in T2, 441190 in T12 - Electives: 40.00 available credits from 600091, 662004 in T12, 20.00 available credits from 661984, 662086 in T1",,,60,,Compulsory,4,441190,441190,,0,No matching MAP,
UGROAIAF,3,Taught,,2022,,N,US1CMP19,UGROAI,BSc,Robotics and Artificial Intelligence with Study Abroad,A,2023/24,ST1A,Enrolment Block,2024-UGROAIAF-3-A-ST1A,,2023-UGROAIAF-3-A-ST1A,Year=0 - Selections: 500092 in T123A,,,10,T123A,Core,5B,500092,500092,Study Abroad,120,50009212322,
UGROAIFF,1,Taught,,2022,,Y,US1CMP18,UGROAI,BSc,Robotics and Artificial Intelligence (with Foundation Year),0,2023/24,ST1A,Enrolment Block,,No Online diet for this VCO/CBO,,,No 2023* diet for this VCO/CBO,,,,,,,,,,No matching MAP,
UGROAIFF,1,Taught,,2022,,Y,US1CMP18,UGROAI,BSc,Robotics and Artificial Intelligence (with Foundation Year),1,2023/24,ST1A,Enrolment Block,,No Online diet for this VCO/CBO,,,No 2023* diet for this VCO/CBO,,,,,,,,,,No matching MAP,
UGROAIFF,1,Taught,,2022,,Y,US1CMP18,UGROAI,BSc,Robotics and Artificial Intelligence (with Foundation Year),2,2023/24,ST1A,Enrolment Block,,No Online diet for this VCO/CBO,,,No 2023* diet for this VCO/CBO,,,,,,,,,,No matching MAP,
UGROAIFF,1,Taught,,2022,,Y,US1CMP18,UGROAI,BSc,Robotics and Artificial Intelligence (with Foundation Year),3,2023/24,ST1A,Enrolment Block,,No Online diet for this VCO/CBO,,,No 2023* diet for this VCO/CBO,,,,,,,,,,No matching MAP,
UGROAIFF,2,Taught,,2022,,Y,US1CMP19,UGROAI,BSc,Robotics and Artificial Intelligence (with Foundation Year),0,2023/24,ST1A,Enrolment Block,2024-UGROAIFF-2-0-ST1A,,2023-UGROAIFF-2-0-ST1A,"Year=0 - Selections: 300008 in T1, 300014 in T1, 330113 in T2, 300031 in T2, 441190 in T12, 330120 in T2, 300001 in T1, 300002 in T2",,,10,T1,Core,3,300008,300008,Preparing for Learning in Higher Education,20,300008T12323,
UGROAIFF,2,Taught,,2022,,Y,US1CMP19,UGROAI,BSc,Robotics and Artificial Intelligence (with Foundation Year),0,2023/24,ST1A,Enrolment Block,2024-UGROAIFF-2-0-ST1A,,2023-UGROAIFF-2-0-ST1A,"Year=0 - Selections: 300008 in T1, 300014 in T1, 330113 in T2, 300031 in T2, 441190 in T12, 330120 in T2, 300001 in T1, 300002 in T2",,,30,T1,Core,3,300014,300014,Introduction to Computing,20,300014T12323,
UGROAIFF,2,Taught,,2022,,Y,US1CMP19,UGROAI,BSc,Robotics and Artificial Intelligence (with Foundation Year),0,2023/24,ST1A,Enrolment Block,2024-UGROAIFF-2-0-ST1A,,2023-UGROAIFF-2-0-ST1A,"Year=0 - Selections: 300008 in T1, 300014 in T1, 330113 in T2, 300031 in T2, 441190 in T12, 330120 in T2, 300001 in T1, 300002 in T2",,,40,T2,Core,3,330113,330113,Group Challenge,20,330113T22121,
UGROAIFF,2,Taught,,2022,,Y,US1CMP19,UGROAI,BSc,Robotics and Artificial Intelligence (with Foundation Year),0,2023/24,ST1A,Enrolment Block,2024-UGROAIFF-2-0-ST1A,,2023-UGROAIFF-2-0-ST1A,"Year=0 - Selections: 300008 in T1, 300014 in T1, 330113 in T2, 300031 in T2, 441190 in T12, 330120 in T2, 300001 in T1, 300002 in T2",,,50,T2,Compulsory,3,300031,300031,Foundation in Data Analysis,20,300031A2323,
UGROAIFF,2,Taught,,2022,,Y,US1CMP19,UGROAI,BSc,Robotics and Artificial Intelligence (with Foundation Year),0,2023/24,ST1A,Enrolment Block,2024-UGROAIFF-2-0-ST1A,,2023-UGROAIFF-2-0-ST1A,"Year=0 - Selections: 300008 in T1, 300014 in T1, 330113 in T2, 300031 in T2, 441190 in T12, 330120 in T2, 300001 in T1, 300002 in T2",,,80,,Compulsory,4,441190,441190,,0,No matching MAP,
UGROAIFF,2,Taught,,2022,,Y,US1CMP19,UGROAI,BSc,Robotics and Artificial Intelligence (with Foundation Year),0,2023/24,ST1A,Enrolment Block,2024-UGROAIFF-2-0-ST1A,,2023-UGROAIFF-2-0-ST1A,"Year=0 - Selections: 300008 in T1, 300014 in T1, 330113 in T2, 300031 in T2, 441190 in T12, 330120 in T2, 300001 in T1, 300002 in T2",,,90,,Compulsory,3,330120,330120,,0,No matching MAP,
UGROAIFF,2,Taught,,2022,,Y,US1CMP19,UGROAI,BSc,Robotics and Artificial Intelligence (with Foundation Year),0,2023/24,ST1A,Enrolment Block,2024-UGROAIFF-2-0-ST1A,,2023-UGROAIFF-2-0-ST1A,"Year=0 - Selections: 300008 in T1, 300014 in T1, 330113 in T2, 300031 in T2, 441190 in T12, 330120 in T2, 300001 in T1, 300002 in T2",,,100,T1,Core,3,300001,300001,Foundation Maths A,20,300001T123A,
UGROAIFF,2,Taught,,2022,,Y,US1CMP19,UGROAI,BSc,Robotics and Artificial Intelligence (with Foundation Year),0,2023/24,ST1A,Enrolment Block,2024-UGROAIFF-2-0-ST1A,,2023-UGROAIFF-2-0-ST1A,"Year=0 - Selections: 300008 in T1, 300014 in T1, 330113 in T2, 300031 in T2, 441190 in T12, 330120 in T2, 300001 in T1, 300002 in T2",,,110,T2,Core,3,300002,300002,Foundation Maths B,20,300002T223A,
UGROAIFF,2,Taught,,2022,,Y,US1CMP19,UGROAI,BSc,Robotics and Artificial Intelligence (with Foundation Year),1,2023/24,ST1A,Enrolment Block,2024-UGROAIFF-2-1-ST1A,,2023-UGROAIFF-2-1-ST1A,"Year=0 - Selections: 441101 in T12, 441104 in T2, 441108 in T1, 441105 in T1, 441183 in T2, 441187 in T12, 441190 in T12",,,10,T12,Core,4,441101,441101,Programming Portfolio,40,441101T1&222,
UGROAIFF,2,Taught,,2022,,Y,US1CMP19,UGROAI,BSc,Robotics and Artificial Intelligence (with Foundation Year),1,2023/24,ST1A,Enrolment Block,2024-UGROAIFF-2-1-ST1A,,2023-UGROAIFF-2-1-ST1A,"Year=0 - Selections: 441101 in T12, 441104 in T2, 441108 in T1, 441105 in T1, 441183 in T2, 441187 in T12, 441190 in T12",,,20,T2,Compulsory,4,441104,441104,Computational Thinking,20,441104T12222,
UGROAIFF,2,Taught,,2022,,Y,US1CMP19,UGROAI,BSc,Robotics and Artificial Intelligence (with Foundation Year),1,2023/24,ST1A,Enrolment Block,2024-UGROAIFF-2-1-ST1A,,2023-UGROAIFF-2-1-ST1A,"Year=0 - Selections: 441101 in T12, 441104 in T2, 441108 in T1, 441105 in T1, 441183 in T2, 441187 in T12, 441190 in T12",,,50,T1,Compulsory,4,441108,441108,Professional Development,20,441108T22222,
UGROAIFF,2,Taught,,2022,,Y,US1CMP19,UGROAI,BSc,Robotics and Artificial Intelligence (with Foundation Year),1,2023/24,ST1A,Enrolment Block,2024-UGROAIFF-2-1-ST1A,,2023-UGROAIFF-2-1-ST1A,"Year=0 - Selections: 441101 in T12, 441104 in T2, 441108 in T1, 441105 in T1, 441183 in T2, 441187 in T12, 441190 in T12",,,60,T1,Compulsory,4,441105,441105,Algorithms and Data Structures,20,441105T12222,
UGROAIFF,2,Taught,,2022,,Y,US1CMP19,UGROAI,BSc,Robotics and Artificial Intelligence (with Foundation Year),1,2023/24,ST1A,Enrolment Block,2024-UGROAIFF-2-1-ST1A,,2023-UGROAIFF-2-1-ST1A,"Year=0 - Selections: 441101 in T12, 441104 in T2, 441108 in T1, 441105 in T1, 441183 in T2, 441187 in T12, 441190 in T12",,,70,T2,Compulsory,4,441183,441183,Fundamentals of Robotics,20,441183T22323,
UGROAIFF,2,Taught,,2022,,Y,US1CMP19,UGROAI,BSc,Robotics and Artificial Intelligence (with Foundation Year),1,2023/24,ST1A,Enrolment Block,2024-UGROAIFF-2-1-ST1A,,2023-UGROAIFF-2-1-ST1A,"Year=0 - Selections: 441101 in T12, 441104 in T2, 441108 in T1, 441105 in T1, 441183 in T2, 441187 in T12, 441190 in T12",,,80,T12,Compulsory,4,441187,441187,Computer Science PASS module,0,No matching MAP,
UGROAIFF,2,Taught,,2022,,Y,US1CMP19,UGROAI,BSc,Robotics and Artificial Intelligence (with Foundation Year),1,2023/24,ST1A,Enrolment Block,2024-UGROAIFF-2-1-ST1A,,2023-UGROAIFF-2-1-ST1A,"Year=0 - Selections: 441101 in T12, 441104 in T2, 441108 in T1, 441105 in T1, 441183 in T2, 441187 in T12, 441190 in T12",,,90,,Compulsory,4,441190,441190,,0,No matching MAP,
UGROAIFF,2,Taught,,2022,,Y,US1CMP19,UGROAI,BSc,Robotics and Artificial Intelligence (with Foundation Year),2,2023/24,ST1A,Enrolment Block,2024-UGROAIFF-2-2-ST1A,,2023-UGROAIFF-2-2-ST1A,"Year=0 - Selections: 551530 in T12, 551458 in T1, 551528 in T1, 551527 in T2, 551529 in T2, 441190 in T12",,,10,T12,Core,5,551530,551530,Robotic Systems and Simulation,40,551530T12323,
UGROAIFF,2,Taught,,2022,,Y,US1CMP19,UGROAI,BSc,Robotics and Artificial Intelligence (with Foundation Year),2,2023/24,ST1A,Enrolment Block,2024-UGROAIFF-2-2-ST1A,,2023-UGROAIFF-2-2-ST1A,"Year=0 - Selections: 551530 in T12, 551458 in T1, 551528 in T1, 551527 in T2, 551529 in T2, 441190 in T12",,,20,T1,Compulsory,5,551458,551458,Artificial Intelligence,20,551458T12222,
UGROAIFF,2,Taught,,2022,,Y,US1CMP19,UGROAI,BSc,Robotics and Artificial Intelligence (with Foundation Year),2,2023/24,ST1A,Enrolment Block,2024-UGROAIFF-2-2-ST1A,,2023-UGROAIFF-2-2-ST1A,"Year=0 - Selections: 551530 in T12, 551458 in T1, 551528 in T1, 551527 in T2, 551529 in T2, 441190 in T12",,,30,T1,Compulsory,5,551528,551528,Electronics and Control for Robotics,20,551528T12222,
UGROAIFF,2,Taught,,2022,,Y,US1CMP19,UGROAI,BSc,Robotics and Artificial Intelligence (with Foundation Year),2,2023/24,ST1A,Enrolment Block,2024-UGROAIFF-2-2-ST1A,,2023-UGROAIFF-2-2-ST1A,"Year=0 - Selections: 551530 in T12, 551458 in T1, 551528 in T1, 551527 in T2, 551529 in T2, 441190 in T12",,,40,T2,Compulsory,5,551527,551527,Applied Artificial Intelligence,20,551527T22222,
UGROAIFF,2,Taught,,2022,,Y,US1CMP19,UGROAI,BSc,Robotics and Artificial Intelligence (with Foundation Year),2,2023/24,ST1A,Enrolment Block,2024-UGROAIFF-2-2-ST1A,,2023-UGROAIFF-2-2-ST1A,"Year=0 - Selections: 551530 in T12, 551458 in T1, 551528 in T1, 551527 in T2, 551529 in T2, 441190 in T12",,,50,T2,Compulsory,5,551529,551529,"Microcontrollers, Sensors and Communications",20,551529T22222,
UGROAIFF,2,Taught,,2022,,Y,US1CMP19,UGROAI,BSc,Robotics and Artificial Intelligence (with Foundation Year),2,2023/24,ST1A,Enrolment Block,2024-UGROAIFF-2-2-ST1A,,2023-UGROAIFF-2-2-ST1A,"Year=0 - Selections: 551530 in T12, 551458 in T1, 551528 in T1, 551527 in T2, 551529 in T2, 441190 in T12",,,60,,Compulsory,4,441190,441190,,0,No matching MAP,
UGROAIFF,2,Taught,,2022,,Y,US1CMP19,UGROAI,BSc,Robotics and Artificial Intelligence (with Foundation Year),3,2023/24,ST1A,Enrolment Block,2024-UGROAIFF-2-3-ST1A,,2023-UGROAIFF-2-3-ST1A,"Year=0 - Selections: 662085 in T1, 600100 in T2, 601089 in T2, 441190 in T12 - Electives: 40.00 available credits from 600091, 662004 in T12, 20.00 available credits from 661984, 662086 in T1",,,10,T12,Elective - If chosen cannot condone or compenste,6,COMP SCI L6 T12 OPTS,600091,Honours Stage Project,40,60009112222,
UGROAIFF,2,Taught,,2022,,Y,US1CMP19,UGROAI,BSc,Robotics and Artificial Intelligence (with Foundation Year),3,2023/24,ST1A,Enrolment Block,2024-UGROAIFF-2-3-ST1A,,2023-UGROAIFF-2-3-ST1A,"Year=0 - Selections: 662085 in T1, 600100 in T2, 601089 in T2, 441190 in T12 - Electives: 40.00 available credits from 600091, 662004 in T12, 20.00 available credits from 661984, 662086 in T1",,,10,T12,Elective - If chosen cannot condone or compenste,6,COMP SCI L6 T12 OPTS,662004,Communicating and Teaching Computing,40,6.62E+11,
UGROAIFF,2,Taught,,2022,,Y,US1CMP19,UGROAI,BSc,Robotics and Artificial Intelligence (with Foundation Year),3,2023/24,ST1A,Enrolment Block,2024-UGROAIFF-2-3-ST1A,,2023-UGROAIFF-2-3-ST1A,"Year=0 - Selections: 662085 in T1, 600100 in T2, 601089 in T2, 441190 in T12 - Electives: 40.00 available credits from 600091, 662004 in T12, 20.00 available credits from 661984, 662086 in T1",,,20,T1,Optional,6,COMP SCI & AI L6 T1 OPTS,661984,Digital Disruption and Innovation,20,661984T12222,
UGROAIFF,2,Taught,,2022,,Y,US1CMP19,UGROAI,BSc,Robotics and Artificial Intelligence (with Foundation Year),3,2023/24,ST1A,Enrolment Block,2024-UGROAIFF-2-3-ST1A,,2023-UGROAIFF-2-3-ST1A,"Year=0 - Selections: 662085 in T1, 600100 in T2, 601089 in T2, 441190 in T12 - Electives: 40.00 available credits from 600091, 662004 in T12, 20.00 available credits from 661984, 662086 in T1",,,20,T1,Optional,6,COMP SCI & AI L6 T1 OPTS,662086,Machine Learning,20,662086T12222,
UGROAIFF,2,Taught,,2022,,Y,US1CMP19,UGROAI,BSc,Robotics and Artificial Intelligence (with Foundation Year),3,2023/24,ST1A,Enrolment Block,2024-UGROAIFF-2-3-ST1A,,2023-UGROAIFF-2-3-ST1A,"Year=0 - Selections: 662085 in T1, 600100 in T2, 601089 in T2, 441190 in T12 - Electives: 40.00 available credits from 600091, 662004 in T12, 20.00 available credits from 661984, 662086 in T1",,,30,,Compulsory,6,662085,662085,,20,No matching MAP,
UGROAIFF,2,Taught,,2022,,Y,US1CMP19,UGROAI,BSc,Robotics and Artificial Intelligence (with Foundation Year),3,2023/24,ST1A,Enrolment Block,2024-UGROAIFF-2-3-ST1A,,2023-UGROAIFF-2-3-ST1A,"Year=0 - Selections: 662085 in T1, 600100 in T2, 601089 in T2, 441190 in T12 - Electives: 40.00 available credits from 600091, 662004 in T12, 20.00 available credits from 661984, 662086 in T1",,,40,T2,Compulsory,6,600100,600100,Computer Vision,20,600100T2323,
UGROAIFF,2,Taught,,2022,,Y,US1CMP19,UGROAI,BSc,Robotics and Artificial Intelligence (with Foundation Year),3,2023/24,ST1A,Enrolment Block,2024-UGROAIFF-2-3-ST1A,,2023-UGROAIFF-2-3-ST1A,"Year=0 - Selections: 662085 in T1, 600100 in T2, 601089 in T2, 441190 in T12 - Electives: 40.00 available credits from 600091, 662004 in T12, 20.00 available credits from 661984, 662086 in T1",,,50,T2,Compulsory,6,601089,601089,Robotics and Automation,20,601089T22323,
UGROAIFF,2,Taught,,2022,,Y,US1CMP19,UGROAI,BSc,Robotics and Artificial Intelligence (with Foundation Year),3,2023/24,ST1A,Enrolment Block,2024-UGROAIFF-2-3-ST1A,,2023-UGROAIFF-2-3-ST1A,"Year=0 - Selections: 662085 in T1, 600100 in T2, 601089 in T2, 441190 in T12 - Electives: 40.00 available credits from 600091, 662004 in T12, 20.00 available credits from 661984, 662086 in T1",,,60,,Compulsory,4,441190,441190,,0,No matching MAP,
UGROAIFF,3,Taught,,2022,,Y,US2CMP19,UGROBA,BSc,Computing (Robotics and Artificial Intelligence) with Foundation Year,0,2023/24,ST1A,Enrolment Block,2024-UGROAIFF-3-0-ST1A,,2023-UGROAIFF-3-0-ST1A,"Year=0 - Selections: 300008 in T1, 300014 in T1, 330113 in T2, 300031 in T2, 330120 in T2 - Electives: 300001 in T1, 300002 in T2",,,10,T1,Core,3,300008,300008,Preparing for Learning in Higher Education,20,300008T12323,
UGROAIFF,3,Taught,,2022,,Y,US2CMP19,UGROBA,BSc,Computing (Robotics and Artificial Intelligence) with Foundation Year,0,2023/24,ST1A,Enrolment Block,2024-UGROAIFF-3-0-ST1A,,2023-UGROAIFF-3-0-ST1A,"Year=0 - Selections: 300008 in T1, 300014 in T1, 330113 in T2, 300031 in T2, 330120 in T2 - Electives: 300001 in T1, 300002 in T2",,,30,T1,Core,3,300014,300014,Introduction to Computing,20,300014T12323,
UGROAIFF,3,Taught,,2022,,Y,US2CMP19,UGROBA,BSc,Computing (Robotics and Artificial Intelligence) with Foundation Year,0,2023/24,ST1A,Enrolment Block,2024-UGROAIFF-3-0-ST1A,,2023-UGROAIFF-3-0-ST1A,"Year=0 - Selections: 300008 in T1, 300014 in T1, 330113 in T2, 300031 in T2, 330120 in T2 - Electives: 300001 in T1, 300002 in T2",,,40,T2,Core,3,330113,330113,Group Challenge,20,330113T22121,
UGROAIFF,3,Taught,,2022,,Y,US2CMP19,UGROBA,BSc,Computing (Robotics and Artificial Intelligence) with Foundation Year,0,2023/24,ST1A,Enrolment Block,2024-UGROAIFF-3-0-ST1A,,2023-UGROAIFF-3-0-ST1A,"Year=0 - Selections: 300008 in T1, 300014 in T1, 330113 in T2, 300031 in T2, 330120 in T2 - Electives: 300001 in T1, 300002 in T2",,,60,T2,Compulsory,3,300031,300031,Foundation in Data Analysis,20,300031A2323,
UGROAIFF,3,Taught,,2022,,Y,US2CMP19,UGROBA,BSc,Computing (Robotics and Artificial Intelligence) with Foundation Year,0,2023/24,ST1A,Enrolment Block,2024-UGROAIFF-3-0-ST1A,,2023-UGROAIFF-3-0-ST1A,"Year=0 - Selections: 300008 in T1, 300014 in T1, 330113 in T2, 300031 in T2, 330120 in T2 - Electives: 300001 in T1, 300002 in T2",,,70,T1,Core,3,300001,300001,Foundation Maths A,20,300001T123A,
UGROAIFF,3,Taught,,2022,,Y,US2CMP19,UGROBA,BSc,Computing (Robotics and Artificial Intelligence) with Foundation Year,0,2023/24,ST1A,Enrolment Block,2024-UGROAIFF-3-0-ST1A,,2023-UGROAIFF-3-0-ST1A,"Year=0 - Selections: 300008 in T1, 300014 in T1, 330113 in T2, 300031 in T2, 330120 in T2 - Electives: 300001 in T1, 300002 in T2",,,80,T2,Core,3,300002,300002,Foundation Maths B,20,300002T223A,
UGROAIFF,3,Taught,,2022,,Y,US2CMP19,UGROBA,BSc,Computing (Robotics and Artificial Intelligence) with Foundation Year,0,2023/24,ST1A,Enrolment Block,2024-UGROAIFF-3-0-ST1A,,2023-UGROAIFF-3-0-ST1A,"Year=0 - Selections: 300008 in T1, 300014 in T1, 330113 in T2, 300031 in T2, 330120 in T2 - Electives: 300001 in T1, 300002 in T2",,,90,,Compulsory,3,330120,330120,,0,No matching MAP,
UGROAIFF,3,Taught,,2022,,Y,US2CMP19,UGROBA,BSc,Computing (Robotics and Artificial Intelligence) with Foundation Year,1,2023/24,ST1A,Enrolment Block,2024-UGROAIFF-3-1-ST1A,,2023-UGROAIFF-3-1-ST1A,"Year=0 - Selections: 441105 in T1, 441108 in T1, 441101 in T12, 441104 in T2, 441183 in T2",,,10,T12,Core,4,441101,441101,Programming Portfolio,40,441101T1&222,
UGROAIFF,3,Taught,,2022,,Y,US2CMP19,UGROBA,BSc,Computing (Robotics and Artificial Intelligence) with Foundation Year,1,2023/24,ST1A,Enrolment Block,2024-UGROAIFF-3-1-ST1A,,2023-UGROAIFF-3-1-ST1A,"Year=0 - Selections: 441105 in T1, 441108 in T1, 441101 in T12, 441104 in T2, 441183 in T2",,,20,T2,Compulsory,4,441104,441104,Computational Thinking,20,441104T12222,
UGROAIFF,3,Taught,,2022,,Y,US2CMP19,UGROBA,BSc,Computing (Robotics and Artificial Intelligence) with Foundation Year,1,2023/24,ST1A,Enrolment Block,2024-UGROAIFF-3-1-ST1A,,2023-UGROAIFF-3-1-ST1A,"Year=0 - Selections: 441105 in T1, 441108 in T1, 441101 in T12, 441104 in T2, 441183 in T2",,,50,T1,Compulsory,4,441108,441108,Professional Development,20,441108T22222,
UGROAIFF,3,Taught,,2022,,Y,US2CMP19,UGROBA,BSc,Computing (Robotics and Artificial Intelligence) with Foundation Year,1,2023/24,ST1A,Enrolment Block,2024-UGROAIFF-3-1-ST1A,,2023-UGROAIFF-3-1-ST1A,"Year=0 - Selections: 441105 in T1, 441108 in T1, 441101 in T12, 441104 in T2, 441183 in T2",,,60,T1,Compulsory,4,441105,441105,Algorithms and Data Structures,20,441105T12222,
UGROAIFF,3,Taught,,2022,,Y,US2CMP19,UGROBA,BSc,Computing (Robotics and Artificial Intelligence) with Foundation Year,1,2023/24,ST1A,Enrolment Block,2024-UGROAIFF-3-1-ST1A,,2023-UGROAIFF-3-1-ST1A,"Year=0 - Selections: 441105 in T1, 441108 in T1, 441101 in T12, 441104 in T2, 441183 in T2",,,70,T2,Compulsory,4,441183,441183,Fundamentals of Robotics,20,441183T22323,
UGROAIFF,3,Taught,,2022,,Y,US2CMP19,UGROBA,BSc,Computing (Robotics and Artificial Intelligence) with Foundation Year,2,2023/24,ST1A,Enrolment Block,2024-UGROAIFF-3-2-ST1A,,2023-UGROAIFF-3-2-ST1A,"Year=0 - Selections: 551530 in T12, 551458 in T1, 551528 in T1, 551527 in T2, 551529 in T2, 441190 in T12",,,10,T12,Core,5,551530,551530,Robotic Systems and Simulation,40,551530T12323,
UGROAIFF,3,Taught,,2022,,Y,US2CMP19,UGROBA,BSc,Computing (Robotics and Artificial Intelligence) with Foundation Year,2,2023/24,ST1A,Enrolment Block,2024-UGROAIFF-3-2-ST1A,,2023-UGROAIFF-3-2-ST1A,"Year=0 - Selections: 551530 in T12, 551458 in T1, 551528 in T1, 551527 in T2, 551529 in T2, 441190 in T12",,,20,T1,Compulsory,5,551458,551458,Artificial Intelligence,20,551458T12222,
UGROAIFF,3,Taught,,2022,,Y,US2CMP19,UGROBA,BSc,Computing (Robotics and Artificial Intelligence) with Foundation Year,2,2023/24,ST1A,Enrolment Block,2024-UGROAIFF-3-2-ST1A,,2023-UGROAIFF-3-2-ST1A,"Year=0 - Selections: 551530 in T12, 551458 in T1, 551528 in T1, 551527 in T2, 551529 in T2, 441190 in T12",,,30,T1,Compulsory,5,551528,551528,Electronics and Control for Robotics,20,551528T12222,
UGROAIFF,3,Taught,,2022,,Y,US2CMP19,UGROBA,BSc,Computing (Robotics and Artificial Intelligence) with Foundation Year,2,2023/24,ST1A,Enrolment Block,2024-UGROAIFF-3-2-ST1A,,2023-UGROAIFF-3-2-ST1A,"Year=0 - Selections: 551530 in T12, 551458 in T1, 551528 in T1, 551527 in T2, 551529 in T2, 441190 in T12",,,40,T2,Compulsory,5,551527,551527,Applied Artificial Intelligence,20,551527T22222,
UGROAIFF,3,Taught,,2022,,Y,US2CMP19,UGROBA,BSc,Computing (Robotics and Artificial Intelligence) with Foundation Year,2,2023/24,ST1A,Enrolment Block,2024-UGROAIFF-3-2-ST1A,,2023-UGROAIFF-3-2-ST1A,"Year=0 - Selections: 551530 in T12, 551458 in T1, 551528 in T1, 551527 in T2, 551529 in T2, 441190 in T12",,,50,T2,Compulsory,5,551529,551529,"Microcontrollers, Sensors and Communications",20,551529T22222,
UGROAIFF,3,Taught,,2022,,Y,US2CMP19,UGROBA,BSc,Computing (Robotics and Artificial Intelligence) with Foundation Year,2,2023/24,ST1A,Enrolment Block,2024-UGROAIFF-3-2-ST1A,,2023-UGROAIFF-3-2-ST1A,"Year=0 - Selections: 551530 in T12, 551458 in T1, 551528 in T1, 551527 in T2, 551529 in T2, 441190 in T12",,,60,,Compulsory,4,441190,441190,,0,No matching MAP,
UGROAIFF,3,Taught,,2022,,Y,US2CMP19,UGROBA,BSc,Computing (Robotics and Artificial Intelligence) with Foundation Year,3,2023/24,ST1A,Enrolment Block,2024-UGROAIFF-3-3-ST1A,,2023-UGROAIFF-3-3-ST1A,"Year=0 - Selections: 662085 in T1, 600100 in T2, 601089 in T2, 441190 in T12 - Electives: 40.00 available credits from 600091, 662004 in T12, 20.00 available credits from 661984, 662086 in T1",,,10,T12,Elective - If chosen cannot condone or compenste,6,COMP SCI L6 T12 OPTS,600091,Honours Stage Project,40,60009112222,
UGROAIFF,3,Taught,,2022,,Y,US2CMP19,UGROBA,BSc,Computing (Robotics and Artificial Intelligence) with Foundation Year,3,2023/24,ST1A,Enrolment Block,2024-UGROAIFF-3-3-ST1A,,2023-UGROAIFF-3-3-ST1A,"Year=0 - Selections: 662085 in T1, 600100 in T2, 601089 in T2, 441190 in T12 - Electives: 40.00 available credits from 600091, 662004 in T12, 20.00 available credits from 661984, 662086 in T1",,,10,T12,Elective - If chosen cannot condone or compenste,6,COMP SCI L6 T12 OPTS,662004,Communicating and Teaching Computing,40,6.62E+11,
UGROAIFF,3,Taught,,2022,,Y,US2CMP19,UGROBA,BSc,Computing (Robotics and Artificial Intelligence) with Foundation Year,3,2023/24,ST1A,Enrolment Block,2024-UGROAIFF-3-3-ST1A,,2023-UGROAIFF-3-3-ST1A,"Year=0 - Selections: 662085 in T1, 600100 in T2, 601089 in T2, 441190 in T12 - Electives: 40.00 available credits from 600091, 662004 in T12, 20.00 available credits from 661984, 662086 in T1",,,20,T1,Optional,6,COMP SCI & AI L6 T1 OPTS,661984,Digital Disruption and Innovation,20,661984T12222,
UGROAIFF,3,Taught,,2022,,Y,US2CMP19,UGROBA,BSc,Computing (Robotics and Artificial Intelligence) with Foundation Year,3,2023/24,ST1A,Enrolment Block,2024-UGROAIFF-3-3-ST1A,,2023-UGROAIFF-3-3-ST1A,"Year=0 - Selections: 662085 in T1, 600100 in T2, 601089 in T2, 441190 in T12 - Electives: 40.00 available credits from 600091, 662004 in T12, 20.00 available credits from 661984, 662086 in T1",,,20,T1,Optional,6,COMP SCI & AI L6 T1 OPTS,662086,Machine Learning,20,662086T12222,
UGROAIFF,3,Taught,,2022,,Y,US2CMP19,UGROBA,BSc,Computing (Robotics and Artificial Intelligence) with Foundation Year,3,2023/24,ST1A,Enrolment Block,2024-UGROAIFF-3-3-ST1A,,2023-UGROAIFF-3-3-ST1A,"Year=0 - Selections: 662085 in T1, 600100 in T2, 601089 in T2, 441190 in T12 - Electives: 40.00 available credits from 600091, 662004 in T12, 20.00 available credits from 661984, 662086 in T1",,,30,,Compulsory,6,662085,662085,,20,No matching MAP,
UGROAIFF,3,Taught,,2022,,Y,US2CMP19,UGROBA,BSc,Computing (Robotics and Artificial Intelligence) with Foundation Year,3,2023/24,ST1A,Enrolment Block,2024-UGROAIFF-3-3-ST1A,,2023-UGROAIFF-3-3-ST1A,"Year=0 - Selections: 662085 in T1, 600100 in T2, 601089 in T2, 441190 in T12 - Electives: 40.00 available credits from 600091, 662004 in T12, 20.00 available credits from 661984, 662086 in T1",,,40,T2,Compulsory,6,600100,600100,Computer Vision,20,600100T2323,
UGROAIFF,3,Taught,,2022,,Y,US2CMP19,UGROBA,BSc,Computing (Robotics and Artificial Intelligence) with Foundation Year,3,2023/24,ST1A,Enrolment Block,2024-UGROAIFF-3-3-ST1A,,2023-UGROAIFF-3-3-ST1A,"Year=0 - Selections: 662085 in T1, 600100 in T2, 601089 in T2, 441190 in T12 - Electives: 40.00 available credits from 600091, 662004 in T12, 20.00 available credits from 661984, 662086 in T1",,,50,T2,Compulsory,6,601089,601089,Robotics and Automation,20,601089T22323,
UGROAIFF,3,Taught,,2022,,Y,US2CMP19,UGROBA,BSc,Computing (Robotics and Artificial Intelligence) with Foundation Year,3,2023/24,ST1A,Enrolment Block,2024-UGROAIFF-3-3-ST1A,,2023-UGROAIFF-3-3-ST1A,"Year=0 - Selections: 662085 in T1, 600100 in T2, 601089 in T2, 441190 in T12 - Electives: 40.00 available credits from 600091, 662004 in T12, 20.00 available credits from 661984, 662086 in T1",,,60,,Compulsory,4,441190,441190,,0,No matching MAP,
UGROAIMF,1,Taught,,2022,,Y,MS1MNG18,UGROAI,MEng,Mechatronics and Robotics,1,2023/24,ST1A,Enrolment Block,,No Online diet for this VCO/CBO,,,No 2023* diet for this VCO/CBO,,,,,,,,,,No matching MAP,
UGROAIMF,1,Taught,,2022,,Y,MS1MNG18,UGROAI,MEng,Mechatronics and Robotics,2,2023/24,ST1A,Enrolment Block,,No Online diet for this VCO/CBO,,,No 2023* diet for this VCO/CBO,,,,,,,,,,No matching MAP,
UGROAIMF,1,Taught,,2022,,Y,MS1MNG18,UGROAI,MEng,Mechatronics and Robotics,3,2023/24,ST1A,Enrolment Block,,No Online diet for this VCO/CBO,,,No 2023* diet for this VCO/CBO,,,,,,,,,,No matching MAP,
UGROAIMF,1,Taught,,2022,,Y,MS1MNG18,UGROAI,MEng,Mechatronics and Robotics,M,2023/24,ST1A,Enrolment Block,,No Online diet for this VCO/CBO,,,No 2023* diet for this VCO/CBO,,,,,,,,,,No matching MAP,
UGROAIMF,2,Taught,,2022,,Y,MS1MNG19,UGROAI,MEng,Robotics and Artificial Intelligence,1,2023/24,ST1A,Enrolment Block,2024-UGROAIMF-2-1-ST1A,,2023-UGROAIMF-2-1-ST1A,"Year=0 - Selections: 441101 in T12, 441104 in T2, 441108 in T1, 441105 in T1, 441183 in T2, 441187 in T12, 441190 in T12",,,10,T12,Core,4,441101,441101,Programming Portfolio,40,441101T1&222,
UGROAIMF,2,Taught,,2022,,Y,MS1MNG19,UGROAI,MEng,Robotics and Artificial Intelligence,1,2023/24,ST1A,Enrolment Block,2024-UGROAIMF-2-1-ST1A,,2023-UGROAIMF-2-1-ST1A,"Year=0 - Selections: 441101 in T12, 441104 in T2, 441108 in T1, 441105 in T1, 441183 in T2, 441187 in T12, 441190 in T12",,,20,T2,Compulsory,4,441104,441104,Computational Thinking,20,441104T12222,
UGROAIMF,2,Taught,,2022,,Y,MS1MNG19,UGROAI,MEng,Robotics and Artificial Intelligence,1,2023/24,ST1A,Enrolment Block,2024-UGROAIMF-2-1-ST1A,,2023-UGROAIMF-2-1-ST1A,"Year=0 - Selections: 441101 in T12, 441104 in T2, 441108 in T1, 441105 in T1, 441183 in T2, 441187 in T12, 441190 in T12",,,50,T1,Compulsory,4,441108,441108,Professional Development,20,441108T22222,
UGROAIMF,2,Taught,,2022,,Y,MS1MNG19,UGROAI,MEng,Robotics and Artificial Intelligence,1,2023/24,ST1A,Enrolment Block,2024-UGROAIMF-2-1-ST1A,,2023-UGROAIMF-2-1-ST1A,"Year=0 - Selections: 441101 in T12, 441104 in T2, 441108 in T1, 441105 in T1, 441183 in T2, 441187 in T12, 441190 in T12",,,60,T1,Compulsory,4,441105,441105,Algorithms and Data Structures,20,441105T12222,
UGROAIMF,2,Taught,,2022,,Y,MS1MNG19,UGROAI,MEng,Robotics and Artificial Intelligence,1,2023/24,ST1A,Enrolment Block,2024-UGROAIMF-2-1-ST1A,,2023-UGROAIMF-2-1-ST1A,"Year=0 - Selections: 441101 in T12, 441104 in T2, 441108 in T1, 441105 in T1, 441183 in T2, 441187 in T12, 441190 in T12",,,70,T2,Compulsory,4,441183,441183,Fundamentals of Robotics,20,441183T22323,
UGROAIMF,2,Taught,,2022,,Y,MS1MNG19,UGROAI,MEng,Robotics and Artificial Intelligence,1,2023/24,ST1A,Enrolment Block,2024-UGROAIMF-2-1-ST1A,,2023-UGROAIMF-2-1-ST1A,"Year=0 - Selections: 441101 in T12, 441104 in T2, 441108 in T1, 441105 in T1, 441183 in T2, 441187 in T12, 441190 in T12",,,80,T12,Compulsory,4,441187,441187,Computer Science PASS module,0,No matching MAP,
UGROAIMF,2,Taught,,2022,,Y,MS1MNG19,UGROAI,MEng,Robotics and Artificial Intelligence,1,2023/24,ST1A,Enrolment Block,2024-UGROAIMF-2-1-ST1A,,2023-UGROAIMF-2-1-ST1A,"Year=0 - Selections: 441101 in T12, 441104 in T2, 441108 in T1, 441105 in T1, 441183 in T2, 441187 in T12, 441190 in T12",,,90,,Compulsory,4,441190,441190,,0,No matching MAP,
UGROAIMF,2,Taught,,2022,,Y,MS1MNG19,UGROAI,MEng,Robotics and Artificial Intelligence,2,2023/24,ST1A,Enrolment Block,2024-UGROAIMF-2-2-ST1A,,2023-UGROAIMF-2-2-ST1A,"Year=0 - Selections: 551530 in T12, 551458 in T1, 551528 in T1, 551527 in T2, 551529 in T2, 441190 in T12",,,10,T12,Core,5,551530,551530,Robotic Systems and Simulation,40,551530T12323,
UGROAIMF,2,Taught,,2022,,Y,MS1MNG19,UGROAI,MEng,Robotics and Artificial Intelligence,2,2023/24,ST1A,Enrolment Block,2024-UGROAIMF-2-2-ST1A,,2023-UGROAIMF-2-2-ST1A,"Year=0 - Selections: 551530 in T12, 551458 in T1, 551528 in T1, 551527 in T2, 551529 in T2, 441190 in T12",,,20,T1,Compulsory,5,551458,551458,Artificial Intelligence,20,551458T12222,
UGROAIMF,2,Taught,,2022,,Y,MS1MNG19,UGROAI,MEng,Robotics and Artificial Intelligence,2,2023/24,ST1A,Enrolment Block,2024-UGROAIMF-2-2-ST1A,,2023-UGROAIMF-2-2-ST1A,"Year=0 - Selections: 551530 in T12, 551458 in T1, 551528 in T1, 551527 in T2, 551529 in T2, 441190 in T12",,,30,T1,Compulsory,5,551528,551528,Electronics and Control for Robotics,20,551528T12222,
UGROAIMF,2,Taught,,2022,,Y,MS1MNG19,UGROAI,MEng,Robotics and Artificial Intelligence,2,2023/24,ST1A,Enrolment Block,2024-UGROAIMF-2-2-ST1A,,2023-UGROAIMF-2-2-ST1A,"Year=0 - Selections: 551530 in T12, 551458 in T1, 551528 in T1, 551527 in T2, 551529 in T2, 441190 in T12",,,40,T2,Compulsory,5,551527,551527,Applied Artificial Intelligence,20,551527T22222,
UGROAIMF,2,Taught,,2022,,Y,MS1MNG19,UGROAI,MEng,Robotics and Artificial Intelligence,2,2023/24,ST1A,Enrolment Block,2024-UGROAIMF-2-2-ST1A,,2023-UGROAIMF-2-2-ST1A,"Year=0 - Selections: 551530 in T12, 551458 in T1, 551528 in T1, 551527 in T2, 551529 in T2, 441190 in T12",,,50,T2,Compulsory,5,551529,551529,"Microcontrollers, Sensors and Communications",20,551529T22222,
UGROAIMF,2,Taught,,2022,,Y,MS1MNG19,UGROAI,MEng,Robotics and Artificial Intelligence,2,2023/24,ST1A,Enrolment Block,2024-UGROAIMF-2-2-ST1A,,2023-UGROAIMF-2-2-ST1A,"Year=0 - Selections: 551530 in T12, 551458 in T1, 551528 in T1, 551527 in T2, 551529 in T2, 441190 in T12",,,60,,Compulsory,4,441190,441190,,0,No matching MAP,
UGROAIMF,2,Taught,,2022,,Y,MS1MNG19,UGROAI,MEng,Robotics and Artificial Intelligence,3,2023/24,ST1A,Enrolment Block,2024-UGROAIMF-2-3-ST1A,,2023-UGROAIMF-2-3-ST1A,"Year=0 - Selections: 662085 in T1, 600100 in T2, 601089 in T2, 441190 in T12 - Electives: 40.00 available credits from 600091, 662004 in T12, 20.00 available credits from 661984, 662086 in T1",,,10,T12,Elective - If chosen cannot condone or compenste,6,COMP SCI L6 T12 OPTS,600091,Honours Stage Project,40,60009112222,
UGROAIMF,2,Taught,,2022,,Y,MS1MNG19,UGROAI,MEng,Robotics and Artificial Intelligence,3,2023/24,ST1A,Enrolment Block,2024-UGROAIMF-2-3-ST1A,,2023-UGROAIMF-2-3-ST1A,"Year=0 - Selections: 662085 in T1, 600100 in T2, 601089 in T2, 441190 in T12 - Electives: 40.00 available credits from 600091, 662004 in T12, 20.00 available credits from 661984, 662086 in T1",,,10,T12,Elective - If chosen cannot condone or compenste,6,COMP SCI L6 T12 OPTS,662004,Communicating and Teaching Computing,40,6.62E+11,
UGROAIMF,2,Taught,,2022,,Y,MS1MNG19,UGROAI,MEng,Robotics and Artificial Intelligence,3,2023/24,ST1A,Enrolment Block,2024-UGROAIMF-2-3-ST1A,,2023-UGROAIMF-2-3-ST1A,"Year=0 - Selections: 662085 in T1, 600100 in T2, 601089 in T2, 441190 in T12 - Electives: 40.00 available credits from 600091, 662004 in T12, 20.00 available credits from 661984, 662086 in T1",,,20,T1,Optional,6,COMP SCI & AI L6 T1 OPTS,661984,Digital Disruption and Innovation,20,661984T12222,
UGROAIMF,2,Taught,,2022,,Y,MS1MNG19,UGROAI,MEng,Robotics and Artificial Intelligence,3,2023/24,ST1A,Enrolment Block,2024-UGROAIMF-2-3-ST1A,,2023-UGROAIMF-2-3-ST1A,"Year=0 - Selections: 662085 in T1, 600100 in T2, 601089 in T2, 441190 in T12 - Electives: 40.00 available credits from 600091, 662004 in T12, 20.00 available credits from 661984, 662086 in T1",,,20,T1,Optional,6,COMP SCI & AI L6 T1 OPTS,662086,Machine Learning,20,662086T12222,
UGROAIMF,2,Taught,,2022,,Y,MS1MNG19,UGROAI,MEng,Robotics and Artificial Intelligence,3,2023/24,ST1A,Enrolment Block,2024-UGROAIMF-2-3-ST1A,,2023-UGROAIMF-2-3-ST1A,"Year=0 - Selections: 662085 in T1, 600100 in T2, 601089 in T2, 441190 in T12 - Electives: 40.00 available credits from 600091, 662004 in T12, 20.00 available credits from 661984, 662086 in T1",,,30,,Compulsory,6,662085,662085,,20,No matching MAP,
UGROAIMF,2,Taught,,2022,,Y,MS1MNG19,UGROAI,MEng,Robotics and Artificial Intelligence,3,2023/24,ST1A,Enrolment Block,2024-UGROAIMF-2-3-ST1A,,2023-UGROAIMF-2-3-ST1A,"Year=0 - Selections: 662085 in T1, 600100 in T2, 601089 in T2, 441190 in T12 - Electives: 40.00 available credits from 600091, 662004 in T12, 20.00 available credits from 661984, 662086 in T1",,,40,T2,Compulsory,6,600100,600100,Computer Vision,20,600100T2323,
UGROAIMF,2,Taught,,2022,,Y,MS1MNG19,UGROAI,MEng,Robotics and Artificial Intelligence,3,2023/24,ST1A,Enrolment Block,2024-UGROAIMF-2-3-ST1A,,2023-UGROAIMF-2-3-ST1A,"Year=0 - Selections: 662085 in T1, 600100 in T2, 601089 in T2, 441190 in T12 - Electives: 40.00 available credits from 600091, 662004 in T12, 20.00 available credits from 661984, 662086 in T1",,,50,T2,Compulsory,6,601089,601089,Robotics and Automation,20,601089T22323,
UGROAIMF,2,Taught,,2022,,Y,MS1MNG19,UGROAI,MEng,Robotics and Artificial Intelligence,3,2023/24,ST1A,Enrolment Block,2024-UGROAIMF-2-3-ST1A,,2023-UGROAIMF-2-3-ST1A,"Year=0 - Selections: 662085 in T1, 600100 in T2, 601089 in T2, 441190 in T12 - Electives: 40.00 available credits from 600091, 662004 in T12, 20.00 available credits from 661984, 662086 in T1",,,60,,Compulsory,4,441190,441190,,0,No matching MAP,
UGROAIMF,2,Taught,,2022,,Y,MS1MNG19,UGROAI,MEng,Robotics and Artificial Intelligence,M,2023/24,ST1A,Enrolment Block,2024-UGROAIMF-2-M-ST1A,,2023-UGROAIMF-2-M-ST1A,"Year=0 - Selections: 771937 in T12, 701026 in T1, 701028 in T2, 700104 in T1, 771936 in T2, 441190 in T12",,,10,,Core,7,771937,771937,,40,No matching MAP,
UGROAIMF,2,Taught,,2022,,Y,MS1MNG19,UGROAI,MEng,Robotics and Artificial Intelligence,M,2023/24,ST1A,Enrolment Block,2024-UGROAIMF-2-M-ST1A,,2023-UGROAIMF-2-M-ST1A,"Year=0 - Selections: 771937 in T12, 701026 in T1, 701028 in T2, 700104 in T1, 771936 in T2, 441190 in T12",,,20,T1,Compulsory,7,701026,701026,Real-Time Dependable Systems,20,701026T12222,
UGROAIMF,2,Taught,,2022,,Y,MS1MNG19,UGROAI,MEng,Robotics and Artificial Intelligence,M,2023/24,ST1A,Enrolment Block,2024-UGROAIMF-2-M-ST1A,,2023-UGROAIMF-2-M-ST1A,"Year=0 - Selections: 771937 in T12, 701026 in T1, 701028 in T2, 700104 in T1, 771936 in T2, 441190 in T12",,,30,T2,Compulsory,7,701028,701028,Autonomous Robots,20,701028T12121,
UGROAIMF,2,Taught,,2022,,Y,MS1MNG19,UGROAI,MEng,Robotics and Artificial Intelligence,M,2023/24,ST1A,Enrolment Block,2024-UGROAIMF-2-M-ST1A,,2023-UGROAIMF-2-M-ST1A,"Year=0 - Selections: 771937 in T12, 701026 in T1, 701028 in T2, 700104 in T1, 771936 in T2, 441190 in T12",,,40,T1,Compulsory,7,700104,700104,Robotic Systems and Artificial Intelligence,20,700104T21919,
UGROAIMF,2,Taught,,2022,,Y,MS1MNG19,UGROAI,MEng,Robotics and Artificial Intelligence,M,2023/24,ST1A,Enrolment Block,2024-UGROAIMF-2-M-ST1A,,2023-UGROAIMF-2-M-ST1A,"Year=0 - Selections: 771937 in T12, 701026 in T1, 701028 in T2, 700104 in T1, 771936 in T2, 441190 in T12",,,50,,Compulsory,7,771936,771936,,20,No matching MAP,
UGROAIMF,2,Taught,,2022,,Y,MS1MNG19,UGROAI,MEng,Robotics and Artificial Intelligence,M,2023/24,ST1A,Enrolment Block,2024-UGROAIMF-2-M-ST1A,,2023-UGROAIMF-2-M-ST1A,"Year=0 - Selections: 771937 in T12, 701026 in T1, 701028 in T2, 700104 in T1, 771936 in T2, 441190 in T12",,,60,,Compulsory,4,441190,441190,,0,No matching MAP,
UGROAIMF,3,Taught,,2022,,Y,MS2MNG19,UGROBA,MEng,Computing (Robotics and Artificial Intelligence),1,2023/24,ST1A,Enrolment Block,2024-UGROAIMF-3-1-ST1A,,2023-UGROAIMF-3-1-ST1A,"Year=0 - Selections: 441105 in T1, 441108 in T1, 441101 in T12, 441104 in T2, 441183 in T2",,,10,T12,Core,4,441101,441101,Programming Portfolio,40,441101T1&222,
UGROAIMF,3,Taught,,2022,,Y,MS2MNG19,UGROBA,MEng,Computing (Robotics and Artificial Intelligence),1,2023/24,ST1A,Enrolment Block,2024-UGROAIMF-3-1-ST1A,,2023-UGROAIMF-3-1-ST1A,"Year=0 - Selections: 441105 in T1, 441108 in T1, 441101 in T12, 441104 in T2, 441183 in T2",,,20,T2,Compulsory,4,441104,441104,Computational Thinking,20,441104T12222,
UGROAIMF,3,Taught,,2022,,Y,MS2MNG19,UGROBA,MEng,Computing (Robotics and Artificial Intelligence),1,2023/24,ST1A,Enrolment Block,2024-UGROAIMF-3-1-ST1A,,2023-UGROAIMF-3-1-ST1A,"Year=0 - Selections: 441105 in T1, 441108 in T1, 441101 in T12, 441104 in T2, 441183 in T2",,,50,T1,Compulsory,4,441108,441108,Professional Development,20,441108T22222,
UGROAIMF,3,Taught,,2022,,Y,MS2MNG19,UGROBA,MEng,Computing (Robotics and Artificial Intelligence),1,2023/24,ST1A,Enrolment Block,2024-UGROAIMF-3-1-ST1A,,2023-UGROAIMF-3-1-ST1A,"Year=0 - Selections: 441105 in T1, 441108 in T1, 441101 in T12, 441104 in T2, 441183 in T2",,,60,T1,Compulsory,4,441105,441105,Algorithms and Data Structures,20,441105T12222,
UGROAIMF,3,Taught,,2022,,Y,MS2MNG19,UGROBA,MEng,Computing (Robotics and Artificial Intelligence),1,2023/24,ST1A,Enrolment Block,2024-UGROAIMF-3-1-ST1A,,2023-UGROAIMF-3-1-ST1A,"Year=0 - Selections: 441105 in T1, 441108 in T1, 441101 in T12, 441104 in T2, 441183 in T2",,,70,T2,Compulsory,4,441183,441183,Fundamentals of Robotics,20,441183T22323,
UGROAIMF,3,Taught,,2022,,Y,MS2MNG19,UGROBA,MEng,Computing (Robotics and Artificial Intelligence),2,2023/24,ST1A,Enrolment Block,2024-UGROAIMF-3-2-ST1A,,2023-UGROAIMF-3-2-ST1A,"Year=0 - Selections: 551530 in T12, 551458 in T1, 551528 in T1, 551527 in T2, 551529 in T2, 441190 in T12",,,10,T12,Core,5,551530,551530,Robotic Systems and Simulation,40,551530T12323,
UGROAIMF,3,Taught,,2022,,Y,MS2MNG19,UGROBA,MEng,Computing (Robotics and Artificial Intelligence),2,2023/24,ST1A,Enrolment Block,2024-UGROAIMF-3-2-ST1A,,2023-UGROAIMF-3-2-ST1A,"Year=0 - Selections: 551530 in T12, 551458 in T1, 551528 in T1, 551527 in T2, 551529 in T2, 441190 in T12",,,20,T1,Compulsory,5,551458,551458,Artificial Intelligence,20,551458T12222,
UGROAIMF,3,Taught,,2022,,Y,MS2MNG19,UGROBA,MEng,Computing (Robotics and Artificial Intelligence),2,2023/24,ST1A,Enrolment Block,2024-UGROAIMF-3-2-ST1A,,2023-UGROAIMF-3-2-ST1A,"Year=0 - Selections: 551530 in T12, 551458 in T1, 551528 in T1, 551527 in T2, 551529 in T2, 441190 in T12",,,30,T1,Compulsory,5,551528,551528,Electronics and Control for Robotics,20,551528T12222,
UGROAIMF,3,Taught,,2022,,Y,MS2MNG19,UGROBA,MEng,Computing (Robotics and Artificial Intelligence),2,2023/24,ST1A,Enrolment Block,2024-UGROAIMF-3-2-ST1A,,2023-UGROAIMF-3-2-ST1A,"Year=0 - Selections: 551530 in T12, 551458 in T1, 551528 in T1, 551527 in T2, 551529 in T2, 441190 in T12",,,40,T2,Compulsory,5,551527,551527,Applied Artificial Intelligence,20,551527T22222,
UGROAIMF,3,Taught,,2022,,Y,MS2MNG19,UGROBA,MEng,Computing (Robotics and Artificial Intelligence),2,2023/24,ST1A,Enrolment Block,2024-UGROAIMF-3-2-ST1A,,2023-UGROAIMF-3-2-ST1A,"Year=0 - Selections: 551530 in T12, 551458 in T1, 551528 in T1, 551527 in T2, 551529 in T2, 441190 in T12",,,50,T2,Compulsory,5,551529,551529,"Microcontrollers, Sensors and Communications",20,551529T22222,
UGROAIMF,3,Taught,,2022,,Y,MS2MNG19,UGROBA,MEng,Computing (Robotics and Artificial Intelligence),2,2023/24,ST1A,Enrolment Block,2024-UGROAIMF-3-2-ST1A,,2023-UGROAIMF-3-2-ST1A,"Year=0 - Selections: 551530 in T12, 551458 in T1, 551528 in T1, 551527 in T2, 551529 in T2, 441190 in T12",,,60,,Compulsory,4,441190,441190,,0,No matching MAP,
UGROAIMF,3,Taught,,2022,,Y,MS2MNG19,UGROBA,MEng,Computing (Robotics and Artificial Intelligence),3,2023/24,ST1A,Enrolment Block,2024-UGROAIMF-3-3-ST1A,,2023-UGROAIMF-3-3-ST1A,"Year=0 - Selections: 662085 in T1, 600100 in T2, 601089 in T2 - Electives: 40.00 available credits from 600091, 662004 in T12, 20.00 available credits from 661984, 662086 in T1",,,10,T12,Elective - If chosen cannot condone or compenste,6,COMP SCI L6 T12 OPTS,600091,Honours Stage Project,40,60009112222,
UGROAIMF,3,Taught,,2022,,Y,MS2MNG19,UGROBA,MEng,Computing (Robotics and Artificial Intelligence),3,2023/24,ST1A,Enrolment Block,2024-UGROAIMF-3-3-ST1A,,2023-UGROAIMF-3-3-ST1A,"Year=0 - Selections: 662085 in T1, 600100 in T2, 601089 in T2 - Electives: 40.00 available credits from 600091, 662004 in T12, 20.00 available credits from 661984, 662086 in T1",,,10,T12,Elective - If chosen cannot condone or compenste,6,COMP SCI L6 T12 OPTS,662004,Communicating and Teaching Computing,40,6.62E+11,
UGROAIMF,3,Taught,,2022,,Y,MS2MNG19,UGROBA,MEng,Computing (Robotics and Artificial Intelligence),3,2023/24,ST1A,Enrolment Block,2024-UGROAIMF-3-3-ST1A,,2023-UGROAIMF-3-3-ST1A,"Year=0 - Selections: 662085 in T1, 600100 in T2, 601089 in T2 - Electives: 40.00 available credits from 600091, 662004 in T12, 20.00 available credits from 661984, 662086 in T1",,,20,T1,Optional,6,COMP SCI & AI L6 T1 OPTS,661984,Digital Disruption and Innovation,20,661984T12222,
UGROAIMF,3,Taught,,2022,,Y,MS2MNG19,UGROBA,MEng,Computing (Robotics and Artificial Intelligence),3,2023/24,ST1A,Enrolment Block,2024-UGROAIMF-3-3-ST1A,,2023-UGROAIMF-3-3-ST1A,"Year=0 - Selections: 662085 in T1, 600100 in T2, 601089 in T2 - Electives: 40.00 available credits from 600091, 662004 in T12, 20.00 available credits from 661984, 662086 in T1",,,20,T1,Optional,6,COMP SCI & AI L6 T1 OPTS,662086,Machine Learning,20,662086T12222,
UGROAIMF,3,Taught,,2022,,Y,MS2MNG19,UGROBA,MEng,Computing (Robotics and Artificial Intelligence),3,2023/24,ST1A,Enrolment Block,2024-UGROAIMF-3-3-ST1A,,2023-UGROAIMF-3-3-ST1A,"Year=0 - Selections: 662085 in T1, 600100 in T2, 601089 in T2 - Electives: 40.00 available credits from 600091, 662004 in T12, 20.00 available credits from 661984, 662086 in T1",,,30,,Compulsory,6,662085,662085,,20,No matching MAP,
UGROAIMF,3,Taught,,2022,,Y,MS2MNG19,UGROBA,MEng,Computing (Robotics and Artificial Intelligence),3,2023/24,ST1A,Enrolment Block,2024-UGROAIMF-3-3-ST1A,,2023-UGROAIMF-3-3-ST1A,"Year=0 - Selections: 662085 in T1, 600100 in T2, 601089 in T2 - Electives: 40.00 available credits from 600091, 662004 in T12, 20.00 available credits from 661984, 662086 in T1",,,40,T2,Compulsory,6,600100,600100,Computer Vision,20,600100T2323,
UGROAIMF,3,Taught,,2022,,Y,MS2MNG19,UGROBA,MEng,Computing (Robotics and Artificial Intelligence),3,2023/24,ST1A,Enrolment Block,2024-UGROAIMF-3-3-ST1A,,2023-UGROAIMF-3-3-ST1A,"Year=0 - Selections: 662085 in T1, 600100 in T2, 601089 in T2 - Electives: 40.00 available credits from 600091, 662004 in T12, 20.00 available credits from 661984, 662086 in T1",,,50,T2,Compulsory,6,601089,601089,Robotics and Automation,20,601089T22323,
UGROAIMF,3,Taught,,2022,,Y,MS2MNG19,UGROBA,MEng,Computing (Robotics and Artificial Intelligence),M,2023/24,ST1A,Enrolment Block,2024-UGROAIMF-3-M-ST1A,,2023-UGROAIMF-3-M-ST1A,"Year=0 - Selections: 700104 in T1, 701026 in T1, 771937 in T12, 701028 in T2, 771936 in T2",,,10,,Core,7,771937,771937,,40,No matching MAP,
UGROAIMF,3,Taught,,2022,,Y,MS2MNG19,UGROBA,MEng,Computing (Robotics and Artificial Intelligence),M,2023/24,ST1A,Enrolment Block,2024-UGROAIMF-3-M-ST1A,,2023-UGROAIMF-3-M-ST1A,"Year=0 - Selections: 700104 in T1, 701026 in T1, 771937 in T12, 701028 in T2, 771936 in T2",,,20,T1,Compulsory,7,701026,701026,Real-Time Dependable Systems,20,701026T12222,
UGROAIMF,3,Taught,,2022,,Y,MS2MNG19,UGROBA,MEng,Computing (Robotics and Artificial Intelligence),M,2023/24,ST1A,Enrolment Block,2024-UGROAIMF-3-M-ST1A,,2023-UGROAIMF-3-M-ST1A,"Year=0 - Selections: 700104 in T1, 701026 in T1, 771937 in T12, 701028 in T2, 771936 in T2",,,30,T2,Compulsory,7,701028,701028,Autonomous Robots,20,701028T12121,
UGROAIMF,3,Taught,,2022,,Y,MS2MNG19,UGROBA,MEng,Computing (Robotics and Artificial Intelligence),M,2023/24,ST1A,Enrolment Block,2024-UGROAIMF-3-M-ST1A,,2023-UGROAIMF-3-M-ST1A,"Year=0 - Selections: 700104 in T1, 701026 in T1, 771937 in T12, 701028 in T2, 771936 in T2",,,40,T1,Compulsory,7,700104,700104,Robotic Systems and Artificial Intelligence,20,700104T21919,
UGROAIMF,3,Taught,,2022,,Y,MS2MNG19,UGROBA,MEng,Computing (Robotics and Artificial Intelligence),M,2023/24,ST1A,Enrolment Block,2024-UGROAIMF-3-M-ST1A,,2023-UGROAIMF-3-M-ST1A,"Year=0 - Selections: 700104 in T1, 701026 in T1, 771937 in T12, 701028 in T2, 771936 in T2",,,50,,Compulsory,7,771936,771936,,20,No matching MAP,
UGROAIPF,1,Taught,,2022,,Y,US1CMP18,UGROAI,BSc,Robotics and Artificial Intelligence with Industrial Placement,1,2023/24,ST1A,Enrolment Block,,No Online diet for this VCO/CBO,,,No 2023* diet for this VCO/CBO,,,,,,,,,,No matching MAP,
UGROAIPF,1,Taught,,2022,,Y,US1CMP18,UGROAI,BSc,Robotics and Artificial Intelligence with Industrial Placement,2,2023/24,ST1A,Enrolment Block,,No Online diet for this VCO/CBO,,,No 2023* diet for this VCO/CBO,,,,,,,,,,No matching MAP,
UGROAIPF,1,Taught,,2022,,Y,US1CMP18,UGROAI,BSc,Robotics and Artificial Intelligence with Industrial Placement,3,2023/24,ST1A,Enrolment Block,,No Online diet for this VCO/CBO,,,No 2023* diet for this VCO/CBO,,,,,,,,,,No matching MAP,
UGROAIPF,1,Taught,,2022,,Y,US1CMP18,UGROAI,BSc,Robotics and Artificial Intelligence with Industrial Placement,P,2023/24,ST1A,Enrolment Block,,No Online diet for this VCO/CBO,,,No 2023* diet for this VCO/CBO,,,,,,,,,,No matching MAP,
UGROAIPF,2,Taught,,2022,,Y,US1CMP19,UGROAI,BSc,Robotics and Artificial Intelligence with Industrial Placement,1,2023/24,ST1A,Enrolment Block,2024-UGROAIPF-2-1-ST1A,,2023-UGROAIPF-2-1-ST1A,"Year=0 - Selections: 441101 in T12, 441104 in T2, 441108 in T1, 441105 in T1, 441183 in T2, 441187 in T12, 441190 in T12",,,10,T12,Core,4,441101,441101,Programming Portfolio,40,441101T1&222,
UGROAIPF,2,Taught,,2022,,Y,US1CMP19,UGROAI,BSc,Robotics and Artificial Intelligence with Industrial Placement,1,2023/24,ST1A,Enrolment Block,2024-UGROAIPF-2-1-ST1A,,2023-UGROAIPF-2-1-ST1A,"Year=0 - Selections: 441101 in T12, 441104 in T2, 441108 in T1, 441105 in T1, 441183 in T2, 441187 in T12, 441190 in T12",,,20,T2,Compulsory,4,441104,441104,Computational Thinking,20,441104T12222,
UGROAIPF,2,Taught,,2022,,Y,US1CMP19,UGROAI,BSc,Robotics and Artificial Intelligence with Industrial Placement,1,2023/24,ST1A,Enrolment Block,2024-UGROAIPF-2-1-ST1A,,2023-UGROAIPF-2-1-ST1A,"Year=0 - Selections: 441101 in T12, 441104 in T2, 441108 in T1, 441105 in T1, 441183 in T2, 441187 in T12, 441190 in T12",,,50,T1,Compulsory,4,441108,441108,Professional Development,20,441108T22222,
UGROAIPF,2,Taught,,2022,,Y,US1CMP19,UGROAI,BSc,Robotics and Artificial Intelligence with Industrial Placement,1,2023/24,ST1A,Enrolment Block,2024-UGROAIPF-2-1-ST1A,,2023-UGROAIPF-2-1-ST1A,"Year=0 - Selections: 441101 in T12, 441104 in T2, 441108 in T1, 441105 in T1, 441183 in T2, 441187 in T12, 441190 in T12",,,60,T1,Compulsory,4,441105,441105,Algorithms and Data Structures,20,441105T12222,
UGROAIPF,2,Taught,,2022,,Y,US1CMP19,UGROAI,BSc,Robotics and Artificial Intelligence with Industrial Placement,1,2023/24,ST1A,Enrolment Block,2024-UGROAIPF-2-1-ST1A,,2023-UGROAIPF-2-1-ST1A,"Year=0 - Selections: 441101 in T12, 441104 in T2, 441108 in T1, 441105 in T1, 441183 in T2, 441187 in T12, 441190 in T12",,,70,T2,Compulsory,4,441183,441183,Fundamentals of Robotics,20,441183T22323,
UGROAIPF,2,Taught,,2022,,Y,US1CMP19,UGROAI,BSc,Robotics and Artificial Intelligence with Industrial Placement,1,2023/24,ST1A,Enrolment Block,2024-UGROAIPF-2-1-ST1A,,2023-UGROAIPF-2-1-ST1A,"Year=0 - Selections: 441101 in T12, 441104 in T2, 441108 in T1, 441105 in T1, 441183 in T2, 441187 in T12, 441190 in T12",,,80,T12,Compulsory,4,441187,441187,Computer Science PASS module,0,No matching MAP,
UGROAIPF,2,Taught,,2022,,Y,US1CMP19,UGROAI,BSc,Robotics and Artificial Intelligence with Industrial Placement,1,2023/24,ST1A,Enrolment Block,2024-UGROAIPF-2-1-ST1A,,2023-UGROAIPF-2-1-ST1A,"Year=0 - Selections: 441101 in T12, 441104 in T2, 441108 in T1, 441105 in T1, 441183 in T2, 441187 in T12, 441190 in T12",,,90,,Compulsory,4,441190,441190,,0,No matching MAP,
UGROAIPF,2,Taught,,2022,,Y,US1CMP19,UGROAI,BSc,Robotics and Artificial Intelligence with Industrial Placement,2,2023/24,ST1A,Enrolment Block,2024-UGROAIPF-2-2-ST1A,,2023-UGROAIPF-2-2-ST1A,"Year=0 - Selections: 551530 in T12, 551458 in T1, 551528 in T1, 551527 in T2, 551529 in T2, 441190 in T12",,,10,T12,Core,5,551530,551530,Robotic Systems and Simulation,40,551530T12323,
UGROAIPF,2,Taught,,2022,,Y,US1CMP19,UGROAI,BSc,Robotics and Artificial Intelligence with Industrial Placement,2,2023/24,ST1A,Enrolment Block,2024-UGROAIPF-2-2-ST1A,,2023-UGROAIPF-2-2-ST1A,"Year=0 - Selections: 551530 in T12, 551458 in T1, 551528 in T1, 551527 in T2, 551529 in T2, 441190 in T12",,,20,T1,Compulsory,5,551458,551458,Artificial Intelligence,20,551458T12222,
UGROAIPF,2,Taught,,2022,,Y,US1CMP19,UGROAI,BSc,Robotics and Artificial Intelligence with Industrial Placement,2,2023/24,ST1A,Enrolment Block,2024-UGROAIPF-2-2-ST1A,,2023-UGROAIPF-2-2-ST1A,"Year=0 - Selections: 551530 in T12, 551458 in T1, 551528 in T1, 551527 in T2, 551529 in T2, 441190 in T12",,,30,T1,Compulsory,5,551528,551528,Electronics and Control for Robotics,20,551528T12222,
UGROAIPF,2,Taught,,2022,,Y,US1CMP19,UGROAI,BSc,Robotics and Artificial Intelligence with Industrial Placement,2,2023/24,ST1A,Enrolment Block,2024-UGROAIPF-2-2-ST1A,,2023-UGROAIPF-2-2-ST1A,"Year=0 - Selections: 551530 in T12, 551458 in T1, 551528 in T1, 551527 in T2, 551529 in T2, 441190 in T12",,,40,T2,Compulsory,5,551527,551527,Applied Artificial Intelligence,20,551527T22222,
UGROAIPF,2,Taught,,2022,,Y,US1CMP19,UGROAI,BSc,Robotics and Artificial Intelligence with Industrial Placement,2,2023/24,ST1A,Enrolment Block,2024-UGROAIPF-2-2-ST1A,,2023-UGROAIPF-2-2-ST1A,"Year=0 - Selections: 551530 in T12, 551458 in T1, 551528 in T1, 551527 in T2, 551529 in T2, 441190 in T12",,,50,T2,Compulsory,5,551529,551529,"Microcontrollers, Sensors and Communications",20,551529T22222,
UGROAIPF,2,Taught,,2022,,Y,US1CMP19,UGROAI,BSc,Robotics and Artificial Intelligence with Industrial Placement,2,2023/24,ST1A,Enrolment Block,2024-UGROAIPF-2-2-ST1A,,2023-UGROAIPF-2-2-ST1A,"Year=0 - Selections: 551530 in T12, 551458 in T1, 551528 in T1, 551527 in T2, 551529 in T2, 441190 in T12",,,60,,Compulsory,4,441190,441190,,0,No matching MAP,
UGROAIPF,2,Taught,,2022,,Y,US1CMP19,UGROAI,BSc,Robotics and Artificial Intelligence with Industrial Placement,3,2023/24,ST1A,Enrolment Block,2024-UGROAIPF-2-3-ST1A,,2023-UGROAIPF-2-3-ST1A,"Year=0 - Selections: 662085 in T1, 600100 in T2, 601089 in T2, 441190 in T12 - Electives: 40.00 available credits from 600091, 662004 in T12, 20.00 available credits from 661984, 662086 in T1",,,10,T12,Elective - If chosen cannot condone or compenste,6,COMP SCI L6 T12 OPTS,600091,Honours Stage Project,40,60009112222,
UGROAIPF,2,Taught,,2022,,Y,US1CMP19,UGROAI,BSc,Robotics and Artificial Intelligence with Industrial Placement,3,2023/24,ST1A,Enrolment Block,2024-UGROAIPF-2-3-ST1A,,2023-UGROAIPF-2-3-ST1A,"Year=0 - Selections: 662085 in T1, 600100 in T2, 601089 in T2, 441190 in T12 - Electives: 40.00 available credits from 600091, 662004 in T12, 20.00 available credits from 661984, 662086 in T1",,,10,T12,Elective - If chosen cannot condone or compenste,6,COMP SCI L6 T12 OPTS,662004,Communicating and Teaching Computing,40,6.62E+11,
UGROAIPF,2,Taught,,2022,,Y,US1CMP19,UGROAI,BSc,Robotics and Artificial Intelligence with Industrial Placement,3,2023/24,ST1A,Enrolment Block,2024-UGROAIPF-2-3-ST1A,,2023-UGROAIPF-2-3-ST1A,"Year=0 - Selections: 662085 in T1, 600100 in T2, 601089 in T2, 441190 in T12 - Electives: 40.00 available credits from 600091, 662004 in T12, 20.00 available credits from 661984, 662086 in T1",,,20,T1,Optional,6,COMP SCI & AI L6 T1 OPTS,661984,Digital Disruption and Innovation,20,661984T12222,
UGROAIPF,2,Taught,,2022,,Y,US1CMP19,UGROAI,BSc,Robotics and Artificial Intelligence with Industrial Placement,3,2023/24,ST1A,Enrolment Block,2024-UGROAIPF-2-3-ST1A,,2023-UGROAIPF-2-3-ST1A,"Year=0 - Selections: 662085 in T1, 600100 in T2, 601089 in T2, 441190 in T12 - Electives: 40.00 available credits from 600091, 662004 in T12, 20.00 available credits from 661984, 662086 in T1",,,20,T1,Optional,6,COMP SCI & AI L6 T1 OPTS,662086,Machine Learning,20,662086T12222,
UGROAIPF,2,Taught,,2022,,Y,US1CMP19,UGROAI,BSc,Robotics and Artificial Intelligence with Industrial Placement,3,2023/24,ST1A,Enrolment Block,2024-UGROAIPF-2-3-ST1A,,2023-UGROAIPF-2-3-ST1A,"Year=0 - Selections: 662085 in T1, 600100 in T2, 601089 in T2, 441190 in T12 - Electives: 40.00 available credits from 600091, 662004 in T12, 20.00 available credits from 661984, 662086 in T1",,,30,,Compulsory,6,662085,662085,,20,No matching MAP,
UGROAIPF,2,Taught,,2022,,Y,US1CMP19,UGROAI,BSc,Robotics and Artificial Intelligence with Industrial Placement,3,2023/24,ST1A,Enrolment Block,2024-UGROAIPF-2-3-ST1A,,2023-UGROAIPF-2-3-ST1A,"Year=0 - Selections: 662085 in T1, 600100 in T2, 601089 in T2, 441190 in T12 - Electives: 40.00 available credits from 600091, 662004 in T12, 20.00 available credits from 661984, 662086 in T1",,,40,T2,Compulsory,6,600100,600100,Computer Vision,20,600100T2323,
UGROAIPF,2,Taught,,2022,,Y,US1CMP19,UGROAI,BSc,Robotics and Artificial Intelligence with Industrial Placement,3,2023/24,ST1A,Enrolment Block,2024-UGROAIPF-2-3-ST1A,,2023-UGROAIPF-2-3-ST1A,"Year=0 - Selections: 662085 in T1, 600100 in T2, 601089 in T2, 441190 in T12 - Electives: 40.00 available credits from 600091, 662004 in T12, 20.00 available credits from 661984, 662086 in T1",,,50,T2,Compulsory,6,601089,601089,Robotics and Automation,20,601089T22323,
UGROAIPF,2,Taught,,2022,,Y,US1CMP19,UGROAI,BSc,Robotics and Artificial Intelligence with Industrial Placement,3,2023/24,ST1A,Enrolment Block,2024-UGROAIPF-2-3-ST1A,,2023-UGROAIPF-2-3-ST1A,"Year=0 - Selections: 662085 in T1, 600100 in T2, 601089 in T2, 441190 in T12 - Electives: 40.00 available credits from 600091, 662004 in T12, 20.00 available credits from 661984, 662086 in T1",,,60,,Compulsory,4,441190,441190,,0,No matching MAP,
UGROAIPF,2,Taught,,2022,,Y,US1CMP19,UGROAI,BSc,Robotics and Artificial Intelligence with Industrial Placement,P,2023/24,ST1A,Enrolment Block,2024-UGROAIPF-2-P-ST1A,,2023-UGROAIPF-2-P-ST1A,Year=0 - Selections: 500091 in T123A,,,10,T123A,Core,5B,500091,500091,Year Out in Industry/Commerce,120,50009112322,
UGROAIPF,3,Taught,,2022,,Y,US2CMP19,UGROBA,BSc,Computing (Robotics and Artificial Intelligence) with Industrial Placement,1,2023/24,ST1A,Enrolment Block,2024-UGROAIPF-3-1-ST1A,,2023-UGROAIPF-3-1-ST1A,"Year=0 - Selections: 441105 in T1, 441108 in T1, 441101 in T12, 441104 in T2, 441183 in T2",,,10,T12,Core,4,441101,441101,Programming Portfolio,40,441101T1&222,
UGROAIPF,3,Taught,,2022,,Y,US2CMP19,UGROBA,BSc,Computing (Robotics and Artificial Intelligence) with Industrial Placement,1,2023/24,ST1A,Enrolment Block,2024-UGROAIPF-3-1-ST1A,,2023-UGROAIPF-3-1-ST1A,"Year=0 - Selections: 441105 in T1, 441108 in T1, 441101 in T12, 441104 in T2, 441183 in T2",,,20,T2,Compulsory,4,441104,441104,Computational Thinking,20,441104T12222,
UGROAIPF,3,Taught,,2022,,Y,US2CMP19,UGROBA,BSc,Computing (Robotics and Artificial Intelligence) with Industrial Placement,1,2023/24,ST1A,Enrolment Block,2024-UGROAIPF-3-1-ST1A,,2023-UGROAIPF-3-1-ST1A,"Year=0 - Selections: 441105 in T1, 441108 in T1, 441101 in T12, 441104 in T2, 441183 in T2",,,50,T1,Compulsory,4,441108,441108,Professional Development,20,441108T22222,
UGROAIPF,3,Taught,,2022,,Y,US2CMP19,UGROBA,BSc,Computing (Robotics and Artificial Intelligence) with Industrial Placement,1,2023/24,ST1A,Enrolment Block,2024-UGROAIPF-3-1-ST1A,,2023-UGROAIPF-3-1-ST1A,"Year=0 - Selections: 441105 in T1, 441108 in T1, 441101 in T12, 441104 in T2, 441183 in T2",,,60,T1,Compulsory,4,441105,441105,Algorithms and Data Structures,20,441105T12222,
UGROAIPF,3,Taught,,2022,,Y,US2CMP19,UGROBA,BSc,Computing (Robotics and Artificial Intelligence) with Industrial Placement,1,2023/24,ST1A,Enrolment Block,2024-UGROAIPF-3-1-ST1A,,2023-UGROAIPF-3-1-ST1A,"Year=0 - Selections: 441105 in T1, 441108 in T1, 441101 in T12, 441104 in T2, 441183 in T2",,,70,T2,Compulsory,4,441183,441183,Fundamentals of Robotics,20,441183T22323,
UGROAIPF,3,Taught,,2022,,Y,US2CMP19,UGROBA,BSc,Computing (Robotics and Artificial Intelligence) with Industrial Placement,2,2023/24,ST1A,Enrolment Block,2024-UGROAIPF-3-2-ST1A,,2023-UGROAIPF-3-2-ST1A,"Year=0 - Selections: 551530 in T12, 551458 in T1, 551528 in T1, 551527 in T2, 551529 in T2, 441190 in T12",,,10,T12,Core,5,551530,551530,Robotic Systems and Simulation,40,551530T12323,
UGROAIPF,3,Taught,,2022,,Y,US2CMP19,UGROBA,BSc,Computing (Robotics and Artificial Intelligence) with Industrial Placement,2,2023/24,ST1A,Enrolment Block,2024-UGROAIPF-3-2-ST1A,,2023-UGROAIPF-3-2-ST1A,"Year=0 - Selections: 551530 in T12, 551458 in T1, 551528 in T1, 551527 in T2, 551529 in T2, 441190 in T12",,,20,T1,Compulsory,5,551458,551458,Artificial Intelligence,20,551458T12222,
UGROAIPF,3,Taught,,2022,,Y,US2CMP19,UGROBA,BSc,Computing (Robotics and Artificial Intelligence) with Industrial Placement,2,2023/24,ST1A,Enrolment Block,2024-UGROAIPF-3-2-ST1A,,2023-UGROAIPF-3-2-ST1A,"Year=0 - Selections: 551530 in T12, 551458 in T1, 551528 in T1, 551527 in T2, 551529 in T2, 441190 in T12",,,30,T1,Compulsory,5,551528,551528,Electronics and Control for Robotics,20,551528T12222,
UGROAIPF,3,Taught,,2022,,Y,US2CMP19,UGROBA,BSc,Computing (Robotics and Artificial Intelligence) with Industrial Placement,2,2023/24,ST1A,Enrolment Block,2024-UGROAIPF-3-2-ST1A,,2023-UGROAIPF-3-2-ST1A,"Year=0 - Selections: 551530 in T12, 551458 in T1, 551528 in T1, 551527 in T2, 551529 in T2, 441190 in T12",,,40,T2,Compulsory,5,551527,551527,Applied Artificial Intelligence,20,551527T22222,
UGROAIPF,3,Taught,,2022,,Y,US2CMP19,UGROBA,BSc,Computing (Robotics and Artificial Intelligence) with Industrial Placement,2,2023/24,ST1A,Enrolment Block,2024-UGROAIPF-3-2-ST1A,,2023-UGROAIPF-3-2-ST1A,"Year=0 - Selections: 551530 in T12, 551458 in T1, 551528 in T1, 551527 in T2, 551529 in T2, 441190 in T12",,,50,T2,Compulsory,5,551529,551529,"Microcontrollers, Sensors and Communications",20,551529T22222,
UGROAIPF,3,Taught,,2022,,Y,US2CMP19,UGROBA,BSc,Computing (Robotics and Artificial Intelligence) with Industrial Placement,2,2023/24,ST1A,Enrolment Block,2024-UGROAIPF-3-2-ST1A,,2023-UGROAIPF-3-2-ST1A,"Year=0 - Selections: 551530 in T12, 551458 in T1, 551528 in T1, 551527 in T2, 551529 in T2, 441190 in T12",,,60,,Compulsory,4,441190,441190,,0,No matching MAP,
UGROAIPF,3,Taught,,2022,,Y,US2CMP19,UGROBA,BSc,Computing (Robotics and Artificial Intelligence) with Industrial Placement,3,2023/24,ST1A,Enrolment Block,2024-UGROAIPF-3-3-ST1A,,2023-UGROAIPF-3-3-ST1A,"Year=0 - Selections: 662085 in T1, 600100 in T2, 601089 in T2, 441190 in T12 - Electives: 40.00 available credits from 600091, 662004 in T12, 20.00 available credits from 661984, 662086 in T1",,,10,T12,Elective - If chosen cannot condone or compenste,6,COMP SCI L6 T12 OPTS,600091,Honours Stage Project,40,60009112222,
UGROAIPF,3,Taught,,2022,,Y,US2CMP19,UGROBA,BSc,Computing (Robotics and Artificial Intelligence) with Industrial Placement,3,2023/24,ST1A,Enrolment Block,2024-UGROAIPF-3-3-ST1A,,2023-UGROAIPF-3-3-ST1A,"Year=0 - Selections: 662085 in T1, 600100 in T2, 601089 in T2, 441190 in T12 - Electives: 40.00 available credits from 600091, 662004 in T12, 20.00 available credits from 661984, 662086 in T1",,,10,T12,Elective - If chosen cannot condone or compenste,6,COMP SCI L6 T12 OPTS,662004,Communicating and Teaching Computing,40,6.62E+11,
UGROAIPF,3,Taught,,2022,,Y,US2CMP19,UGROBA,BSc,Computing (Robotics and Artificial Intelligence) with Industrial Placement,3,2023/24,ST1A,Enrolment Block,2024-UGROAIPF-3-3-ST1A,,2023-UGROAIPF-3-3-ST1A,"Year=0 - Selections: 662085 in T1, 600100 in T2, 601089 in T2, 441190 in T12 - Electives: 40.00 available credits from 600091, 662004 in T12, 20.00 available credits from 661984, 662086 in T1",,,20,T1,Optional,6,COMP SCI & AI L6 T1 OPTS,661984,Digital Disruption and Innovation,20,661984T12222,
UGROAIPF,3,Taught,,2022,,Y,US2CMP19,UGROBA,BSc,Computing (Robotics and Artificial Intelligence) with Industrial Placement,3,2023/24,ST1A,Enrolment Block,2024-UGROAIPF-3-3-ST1A,,2023-UGROAIPF-3-3-ST1A,"Year=0 - Selections: 662085 in T1, 600100 in T2, 601089 in T2, 441190 in T12 - Electives: 40.00 available credits from 600091, 662004 in T12, 20.00 available credits from 661984, 662086 in T1",,,20,T1,Optional,6,COMP SCI & AI L6 T1 OPTS,662086,Machine Learning,20,662086T12222,
UGROAIPF,3,Taught,,2022,,Y,US2CMP19,UGROBA,BSc,Computing (Robotics and Artificial Intelligence) with Industrial Placement,3,2023/24,ST1A,Enrolment Block,2024-UGROAIPF-3-3-ST1A,,2023-UGROAIPF-3-3-ST1A,"Year=0 - Selections: 662085 in T1, 600100 in T2, 601089 in T2, 441190 in T12 - Electives: 40.00 available credits from 600091, 662004 in T12, 20.00 available credits from 661984, 662086 in T1",,,30,,Compulsory,6,662085,662085,,20,No matching MAP,
UGROAIPF,3,Taught,,2022,,Y,US2CMP19,UGROBA,BSc,Computing (Robotics and Artificial Intelligence) with Industrial Placement,3,2023/24,ST1A,Enrolment Block,2024-UGROAIPF-3-3-ST1A,,2023-UGROAIPF-3-3-ST1A,"Year=0 - Selections: 662085 in T1, 600100 in T2, 601089 in T2, 441190 in T12 - Electives: 40.00 available credits from 600091, 662004 in T12, 20.00 available credits from 661984, 662086 in T1",,,40,T2,Compulsory,6,600100,600100,Computer Vision,20,600100T2323,
UGROAIPF,3,Taught,,2022,,Y,US2CMP19,UGROBA,BSc,Computing (Robotics and Artificial Intelligence) with Industrial Placement,3,2023/24,ST1A,Enrolment Block,2024-UGROAIPF-3-3-ST1A,,2023-UGROAIPF-3-3-ST1A,"Year=0 - Selections: 662085 in T1, 600100 in T2, 601089 in T2, 441190 in T12 - Electives: 40.00 available credits from 600091, 662004 in T12, 20.00 available credits from 661984, 662086 in T1",,,50,T2,Compulsory,6,601089,601089,Robotics and Automation,20,601089T22323,
UGROAIPF,3,Taught,,2022,,Y,US2CMP19,UGROBA,BSc,Computing (Robotics and Artificial Intelligence) with Industrial Placement,3,2023/24,ST1A,Enrolment Block,2024-UGROAIPF-3-3-ST1A,,2023-UGROAIPF-3-3-ST1A,"Year=0 - Selections: 662085 in T1, 600100 in T2, 601089 in T2, 441190 in T12 - Electives: 40.00 available credits from 600091, 662004 in T12, 20.00 available credits from 661984, 662086 in T1",,,60,,Compulsory,4,441190,441190,,0,No matching MAP,
UGROAIPF,3,Taught,,2022,,Y,US2CMP19,UGROBA,BSc,Computing (Robotics and Artificial Intelligence) with Industrial Placement,P,2023/24,ST1A,Enrolment Block,2024-UGROAIPF-3-P-ST1A,,2023-UGROAIPF-3-P-ST1A,Year=0 - Selections: 500091 in T123A,,,10,T123A,Core,5B,500091,500091,Year Out in Industry/Commerce,120,50009112322,
UGROAIXF,1,Taught,,2022,,Y,US1CMP18,UGROAI,BSc,Robotics and Artificial Intelligence,1,2023/24,ST1A,Enrolment Block,,No Online diet for this VCO/CBO,,,No 2023* diet for this VCO/CBO,,,,,,,,,,No matching MAP,
UGROAIXF,1,Taught,,2022,,Y,US1CMP18,UGROAI,BSc,Robotics and Artificial Intelligence,2,2023/24,ST1A,Enrolment Block,,No Online diet for this VCO/CBO,,,No 2023* diet for this VCO/CBO,,,,,,,,,,No matching MAP,
UGROAIXF,1,Taught,,2022,,Y,US1CMP18,UGROAI,BSc,Robotics and Artificial Intelligence,3,2023/24,ST1A,Enrolment Block,,No Online diet for this VCO/CBO,,,No 2023* diet for this VCO/CBO,,,,,,,,,,No matching MAP,
UGROAIXF,2,Taught,,2022,,Y,US1CMP19,UGROAI,BSc,Robotics and Artificial Intelligence,1,2023/24,ST1A,Enrolment Block,2024-UGROAIXF-2-1-ST1A,,2023-UGROAIXF-2-1-ST1A,"Year=0 - Selections: 441101 in T12, 441104 in T2, 441108 in T1, 441105 in T1, 441183 in T2, 441187 in T12, 441190 in T12",,,10,T12,Core,4,441101,441101,Programming Portfolio,40,441101T1&222,
UGROAIXF,2,Taught,,2022,,Y,US1CMP19,UGROAI,BSc,Robotics and Artificial Intelligence,1,2023/24,ST1A,Enrolment Block,2024-UGROAIXF-2-1-ST1A,,2023-UGROAIXF-2-1-ST1A,"Year=0 - Selections: 441101 in T12, 441104 in T2, 441108 in T1, 441105 in T1, 441183 in T2, 441187 in T12, 441190 in T12",,,20,T2,Compulsory,4,441104,441104,Computational Thinking,20,441104T12222,
UGROAIXF,2,Taught,,2022,,Y,US1CMP19,UGROAI,BSc,Robotics and Artificial Intelligence,1,2023/24,ST1A,Enrolment Block,2024-UGROAIXF-2-1-ST1A,,2023-UGROAIXF-2-1-ST1A,"Year=0 - Selections: 441101 in T12, 441104 in T2, 441108 in T1, 441105 in T1, 441183 in T2, 441187 in T12, 441190 in T12",,,50,T1,Compulsory,4,441108,441108,Professional Development,20,441108T22222,
UGROAIXF,2,Taught,,2022,,Y,US1CMP19,UGROAI,BSc,Robotics and Artificial Intelligence,1,2023/24,ST1A,Enrolment Block,2024-UGROAIXF-2-1-ST1A,,2023-UGROAIXF-2-1-ST1A,"Year=0 - Selections: 441101 in T12, 441104 in T2, 441108 in T1, 441105 in T1, 441183 in T2, 441187 in T12, 441190 in T12",,,60,T1,Compulsory,4,441105,441105,Algorithms and Data Structures,20,441105T12222,
UGROAIXF,2,Taught,,2022,,Y,US1CMP19,UGROAI,BSc,Robotics and Artificial Intelligence,1,2023/24,ST1A,Enrolment Block,2024-UGROAIXF-2-1-ST1A,,2023-UGROAIXF-2-1-ST1A,"Year=0 - Selections: 441101 in T12, 441104 in T2, 441108 in T1, 441105 in T1, 441183 in T2, 441187 in T12, 441190 in T12",,,70,T2,Compulsory,4,441183,441183,Fundamentals of Robotics,20,441183T22323,
UGROAIXF,2,Taught,,2022,,Y,US1CMP19,UGROAI,BSc,Robotics and Artificial Intelligence,1,2023/24,ST1A,Enrolment Block,2024-UGROAIXF-2-1-ST1A,,2023-UGROAIXF-2-1-ST1A,"Year=0 - Selections: 441101 in T12, 441104 in T2, 441108 in T1, 441105 in T1, 441183 in T2, 441187 in T12, 441190 in T12",,,80,T12,Compulsory,4,441187,441187,Computer Science PASS module,0,No matching MAP,
UGROAIXF,2,Taught,,2022,,Y,US1CMP19,UGROAI,BSc,Robotics and Artificial Intelligence,1,2023/24,ST1A,Enrolment Block,2024-UGROAIXF-2-1-ST1A,,2023-UGROAIXF-2-1-ST1A,"Year=0 - Selections: 441101 in T12, 441104 in T2, 441108 in T1, 441105 in T1, 441183 in T2, 441187 in T12, 441190 in T12",,,90,,Compulsory,4,441190,441190,,0,No matching MAP,
UGROAIXF,2,Taught,,2022,,Y,US1CMP19,UGROAI,BSc,Robotics and Artificial Intelligence,2,2023/24,ST1A,Enrolment Block,2024-UGROAIXF-2-2-ST1A,,2023-UGROAIXF-2-2-ST1A,"Year=0 - Selections: 551530 in T12, 551458 in T1, 551528 in T1, 551527 in T2, 551529 in T2, 441190 in T12",,,10,T12,Core,5,551530,551530,Robotic Systems and Simulation,40,551530T12323,
UGROAIXF,2,Taught,,2022,,Y,US1CMP19,UGROAI,BSc,Robotics and Artificial Intelligence,2,2023/24,ST1A,Enrolment Block,2024-UGROAIXF-2-2-ST1A,,2023-UGROAIXF-2-2-ST1A,"Year=0 - Selections: 551530 in T12, 551458 in T1, 551528 in T1, 551527 in T2, 551529 in T2, 441190 in T12",,,20,T1,Compulsory,5,551458,551458,Artificial Intelligence,20,551458T12222,
UGROAIXF,2,Taught,,2022,,Y,US1CMP19,UGROAI,BSc,Robotics and Artificial Intelligence,2,2023/24,ST1A,Enrolment Block,2024-UGROAIXF-2-2-ST1A,,2023-UGROAIXF-2-2-ST1A,"Year=0 - Selections: 551530 in T12, 551458 in T1, 551528 in T1, 551527 in T2, 551529 in T2, 441190 in T12",,,30,T1,Compulsory,5,551528,551528,Electronics and Control for Robotics,20,551528T12222,
UGROAIXF,2,Taught,,2022,,Y,US1CMP19,UGROAI,BSc,Robotics and Artificial Intelligence,2,2023/24,ST1A,Enrolment Block,2024-UGROAIXF-2-2-ST1A,,2023-UGROAIXF-2-2-ST1A,"Year=0 - Selections: 551530 in T12, 551458 in T1, 551528 in T1, 551527 in T2, 551529 in T2, 441190 in T12",,,40,T2,Compulsory,5,551527,551527,Applied Artificial Intelligence,20,551527T22222,
UGROAIXF,2,Taught,,2022,,Y,US1CMP19,UGROAI,BSc,Robotics and Artificial Intelligence,2,2023/24,ST1A,Enrolment Block,2024-UGROAIXF-2-2-ST1A,,2023-UGROAIXF-2-2-ST1A,"Year=0 - Selections: 551530 in T12, 551458 in T1, 551528 in T1, 551527 in T2, 551529 in T2, 441190 in T12",,,50,T2,Compulsory,5,551529,551529,"Microcontrollers, Sensors and Communications",20,551529T22222,
UGROAIXF,2,Taught,,2022,,Y,US1CMP19,UGROAI,BSc,Robotics and Artificial Intelligence,2,2023/24,ST1A,Enrolment Block,2024-UGROAIXF-2-2-ST1A,,2023-UGROAIXF-2-2-ST1A,"Year=0 - Selections: 551530 in T12, 551458 in T1, 551528 in T1, 551527 in T2, 551529 in T2, 441190 in T12",,,60,,Compulsory,4,441190,441190,,0,No matching MAP,
UGROAIXF,2,Taught,,2022,,Y,US1CMP19,UGROAI,BSc,Robotics and Artificial Intelligence,3,2023/24,ST1A,Enrolment Block,2024-UGROAIXF-2-3-ST1A,,2023-UGROAIXF-2-3-ST1A,"Year=0 - Selections: 662085 in T1, 600100 in T2, 601089 in T2, 441190 in T12 - Electives: 40.00 available credits from 600091, 662004 in T12, 20.00 available credits from 661984, 662086 in T1",,,10,T12,Elective - If chosen cannot condone or compenste,6,COMP SCI L6 T12 OPTS,600091,Honours Stage Project,40,60009112222,
UGROAIXF,2,Taught,,2022,,Y,US1CMP19,UGROAI,BSc,Robotics and Artificial Intelligence,3,2023/24,ST1A,Enrolment Block,2024-UGROAIXF-2-3-ST1A,,2023-UGROAIXF-2-3-ST1A,"Year=0 - Selections: 662085 in T1, 600100 in T2, 601089 in T2, 441190 in T12 - Electives: 40.00 available credits from 600091, 662004 in T12, 20.00 available credits from 661984, 662086 in T1",,,10,T12,Elective - If chosen cannot condone or compenste,6,COMP SCI L6 T12 OPTS,662004,Communicating and Teaching Computing,40,6.62E+11,
UGROAIXF,2,Taught,,2022,,Y,US1CMP19,UGROAI,BSc,Robotics and Artificial Intelligence,3,2023/24,ST1A,Enrolment Block,2024-UGROAIXF-2-3-ST1A,,2023-UGROAIXF-2-3-ST1A,"Year=0 - Selections: 662085 in T1, 600100 in T2, 601089 in T2, 441190 in T12 - Electives: 40.00 available credits from 600091, 662004 in T12, 20.00 available credits from 661984, 662086 in T1",,,20,T1,Optional,6,COMP SCI & AI L6 T1 OPTS,661984,Digital Disruption and Innovation,20,661984T12222,
UGROAIXF,2,Taught,,2022,,Y,US1CMP19,UGROAI,BSc,Robotics and Artificial Intelligence,3,2023/24,ST1A,Enrolment Block,2024-UGROAIXF-2-3-ST1A,,2023-UGROAIXF-2-3-ST1A,"Year=0 - Selections: 662085 in T1, 600100 in T2, 601089 in T2, 441190 in T12 - Electives: 40.00 available credits from 600091, 662004 in T12, 20.00 available credits from 661984, 662086 in T1",,,20,T1,Optional,6,COMP SCI & AI L6 T1 OPTS,662086,Machine Learning,20,662086T12222,
UGROAIXF,2,Taught,,2022,,Y,US1CMP19,UGROAI,BSc,Robotics and Artificial Intelligence,3,2023/24,ST1A,Enrolment Block,2024-UGROAIXF-2-3-ST1A,,2023-UGROAIXF-2-3-ST1A,"Year=0 - Selections: 662085 in T1, 600100 in T2, 601089 in T2, 441190 in T12 - Electives: 40.00 available credits from 600091, 662004 in T12, 20.00 available credits from 661984, 662086 in T1",,,30,,Compulsory,6,662085,662085,,20,No matching MAP,
UGROAIXF,2,Taught,,2022,,Y,US1CMP19,UGROAI,BSc,Robotics and Artificial Intelligence,3,2023/24,ST1A,Enrolment Block,2024-UGROAIXF-2-3-ST1A,,2023-UGROAIXF-2-3-ST1A,"Year=0 - Selections: 662085 in T1, 600100 in T2, 601089 in T2, 441190 in T12 - Electives: 40.00 available credits from 600091, 662004 in T12, 20.00 available credits from 661984, 662086 in T1",,,40,T2,Compulsory,6,600100,600100,Computer Vision,20,600100T2323,
UGROAIXF,2,Taught,,2022,,Y,US1CMP19,UGROAI,BSc,Robotics and Artificial Intelligence,3,2023/24,ST1A,Enrolment Block,2024-UGROAIXF-2-3-ST1A,,2023-UGROAIXF-2-3-ST1A,"Year=0 - Selections: 662085 in T1, 600100 in T2, 601089 in T2, 441190 in T12 - Electives: 40.00 available credits from 600091, 662004 in T12, 20.00 available credits from 661984, 662086 in T1",,,50,T2,Compulsory,6,601089,601089,Robotics and Automation,20,601089T22323,
UGROAIXF,2,Taught,,2022,,Y,US1CMP19,UGROAI,BSc,Robotics and Artificial Intelligence,3,2023/24,ST1A,Enrolment Block,2024-UGROAIXF-2-3-ST1A,,2023-UGROAIXF-2-3-ST1A,"Year=0 - Selections: 662085 in T1, 600100 in T2, 601089 in T2, 441190 in T12 - Electives: 40.00 available credits from 600091, 662004 in T12, 20.00 available credits from 661984, 662086 in T1",,,60,,Compulsory,4,441190,441190,,0,No matching MAP,
UGROAIXF,3,Taught,,2022,,Y,US2CMP19,UGROBA,BSc,Computing (Robotics and Artificial Intelligence),1,2023/24,ST1A,Enrolment Block,2024-UGROAIXF-3-1-ST1A,,2023-UGROAIXF-3-1-ST1A,"Year=0 - Selections: 441105 in T1, 441108 in T1, 441101 in T12, 441104 in T2, 441183 in T2",,,10,T12,Core,4,441101,441101,Programming Portfolio,40,441101T1&222,
UGROAIXF,3,Taught,,2022,,Y,US2CMP19,UGROBA,BSc,Computing (Robotics and Artificial Intelligence),1,2023/24,ST1A,Enrolment Block,2024-UGROAIXF-3-1-ST1A,,2023-UGROAIXF-3-1-ST1A,"Year=0 - Selections: 441105 in T1, 441108 in T1, 441101 in T12, 441104 in T2, 441183 in T2",,,20,T2,Compulsory,4,441104,441104,Computational Thinking,20,441104T12222,
UGROAIXF,3,Taught,,2022,,Y,US2CMP19,UGROBA,BSc,Computing (Robotics and Artificial Intelligence),1,2023/24,ST1A,Enrolment Block,2024-UGROAIXF-3-1-ST1A,,2023-UGROAIXF-3-1-ST1A,"Year=0 - Selections: 441105 in T1, 441108 in T1, 441101 in T12, 441104 in T2, 441183 in T2",,,50,T1,Compulsory,4,441108,441108,Professional Development,20,441108T22222,
UGROAIXF,3,Taught,,2022,,Y,US2CMP19,UGROBA,BSc,Computing (Robotics and Artificial Intelligence),1,2023/24,ST1A,Enrolment Block,2024-UGROAIXF-3-1-ST1A,,2023-UGROAIXF-3-1-ST1A,"Year=0 - Selections: 441105 in T1, 441108 in T1, 441101 in T12, 441104 in T2, 441183 in T2",,,60,T1,Compulsory,4,441105,441105,Algorithms and Data Structures,20,441105T12222,
UGROAIXF,3,Taught,,2022,,Y,US2CMP19,UGROBA,BSc,Computing (Robotics and Artificial Intelligence),1,2023/24,ST1A,Enrolment Block,2024-UGROAIXF-3-1-ST1A,,2023-UGROAIXF-3-1-ST1A,"Year=0 - Selections: 441105 in T1, 441108 in T1, 441101 in T12, 441104 in T2, 441183 in T2",,,70,T2,Compulsory,4,441183,441183,Fundamentals of Robotics,20,441183T22323,
UGROAIXF,3,Taught,,2022,,Y,US2CMP19,UGROBA,BSc,Computing (Robotics and Artificial Intelligence),2,2023/24,ST1A,Enrolment Block,2024-UGROAIXF-3-2-ST1A,,2023-UGROAIXF-3-2-ST1A,"Year=0 - Selections: 551530 in T12, 551458 in T1, 551528 in T1, 551527 in T2, 551529 in T2, 441190 in T12",,,10,T12,Core,5,551530,551530,Robotic Systems and Simulation,40,551530T12323,
UGROAIXF,3,Taught,,2022,,Y,US2CMP19,UGROBA,BSc,Computing (Robotics and Artificial Intelligence),2,2023/24,ST1A,Enrolment Block,2024-UGROAIXF-3-2-ST1A,,2023-UGROAIXF-3-2-ST1A,"Year=0 - Selections: 551530 in T12, 551458 in T1, 551528 in T1, 551527 in T2, 551529 in T2, 441190 in T12",,,20,T1,Compulsory,5,551458,551458,Artificial Intelligence,20,551458T12222,
UGROAIXF,3,Taught,,2022,,Y,US2CMP19,UGROBA,BSc,Computing (Robotics and Artificial Intelligence),2,2023/24,ST1A,Enrolment Block,2024-UGROAIXF-3-2-ST1A,,2023-UGROAIXF-3-2-ST1A,"Year=0 - Selections: 551530 in T12, 551458 in T1, 551528 in T1, 551527 in T2, 551529 in T2, 441190 in T12",,,30,T1,Compulsory,5,551528,551528,Electronics and Control for Robotics,20,551528T12222,
UGROAIXF,3,Taught,,2022,,Y,US2CMP19,UGROBA,BSc,Computing (Robotics and Artificial Intelligence),2,2023/24,ST1A,Enrolment Block,2024-UGROAIXF-3-2-ST1A,,2023-UGROAIXF-3-2-ST1A,"Year=0 - Selections: 551530 in T12, 551458 in T1, 551528 in T1, 551527 in T2, 551529 in T2, 441190 in T12",,,40,T2,Compulsory,5,551527,551527,Applied Artificial Intelligence,20,551527T22222,
UGROAIXF,3,Taught,,2022,,Y,US2CMP19,UGROBA,BSc,Computing (Robotics and Artificial Intelligence),2,2023/24,ST1A,Enrolment Block,2024-UGROAIXF-3-2-ST1A,,2023-UGROAIXF-3-2-ST1A,"Year=0 - Selections: 551530 in T12, 551458 in T1, 551528 in T1, 551527 in T2, 551529 in T2, 441190 in T12",,,50,T2,Compulsory,5,551529,551529,"Microcontrollers, Sensors and Communications",20,551529T22222,
UGROAIXF,3,Taught,,2022,,Y,US2CMP19,UGROBA,BSc,Computing (Robotics and Artificial Intelligence),2,2023/24,ST1A,Enrolment Block,2024-UGROAIXF-3-2-ST1A,,2023-UGROAIXF-3-2-ST1A,"Year=0 - Selections: 551530 in T12, 551458 in T1, 551528 in T1, 551527 in T2, 551529 in T2, 441190 in T12",,,60,,Compulsory,4,441190,441190,,0,No matching MAP,
UGROAIXF,3,Taught,,2022,,Y,US2CMP19,UGROBA,BSc,Computing (Robotics and Artificial Intelligence),3,2023/24,ST1A,Enrolment Block,2024-UGROAIXF-3-3-ST1A,,2023-UGROAIXF-3-3-ST1A,"Year=0 - Selections: 662085 in T1, 600100 in T2, 601089 in T2, 441190 in T12 - Electives: 40.00 available credits from 600091, 662004 in T12, 20.00 available credits from 661984, 662086 in T1",,,10,T12,Elective - If chosen cannot condone or compenste,6,COMP SCI L6 T12 OPTS,600091,Honours Stage Project,40,60009112222,
UGROAIXF,3,Taught,,2022,,Y,US2CMP19,UGROBA,BSc,Computing (Robotics and Artificial Intelligence),3,2023/24,ST1A,Enrolment Block,2024-UGROAIXF-3-3-ST1A,,2023-UGROAIXF-3-3-ST1A,"Year=0 - Selections: 662085 in T1, 600100 in T2, 601089 in T2, 441190 in T12 - Electives: 40.00 available credits from 600091, 662004 in T12, 20.00 available credits from 661984, 662086 in T1",,,10,T12,Elective - If chosen cannot condone or compenste,6,COMP SCI L6 T12 OPTS,662004,Communicating and Teaching Computing,40,6.62E+11,
UGROAIXF,3,Taught,,2022,,Y,US2CMP19,UGROBA,BSc,Computing (Robotics and Artificial Intelligence),3,2023/24,ST1A,Enrolment Block,2024-UGROAIXF-3-3-ST1A,,2023-UGROAIXF-3-3-ST1A,"Year=0 - Selections: 662085 in T1, 600100 in T2, 601089 in T2, 441190 in T12 - Electives: 40.00 available credits from 600091, 662004 in T12, 20.00 available credits from 661984, 662086 in T1",,,20,T1,Optional,6,COMP SCI & AI L6 T1 OPTS,661984,Digital Disruption and Innovation,20,661984T12222,
UGROAIXF,3,Taught,,2022,,Y,US2CMP19,UGROBA,BSc,Computing (Robotics and Artificial Intelligence),3,2023/24,ST1A,Enrolment Block,2024-UGROAIXF-3-3-ST1A,,2023-UGROAIXF-3-3-ST1A,"Year=0 - Selections: 662085 in T1, 600100 in T2, 601089 in T2, 441190 in T12 - Electives: 40.00 available credits from 600091, 662004 in T12, 20.00 available credits from 661984, 662086 in T1",,,20,T1,Optional,6,COMP SCI & AI L6 T1 OPTS,662086,Machine Learning,20,662086T12222,
UGROAIXF,3,Taught,,2022,,Y,US2CMP19,UGROBA,BSc,Computing (Robotics and Artificial Intelligence),3,2023/24,ST1A,Enrolment Block,2024-UGROAIXF-3-3-ST1A,,2023-UGROAIXF-3-3-ST1A,"Year=0 - Selections: 662085 in T1, 600100 in T2, 601089 in T2, 441190 in T12 - Electives: 40.00 available credits from 600091, 662004 in T12, 20.00 available credits from 661984, 662086 in T1",,,30,,Compulsory,6,662085,662085,,20,No matching MAP,
UGROAIXF,3,Taught,,2022,,Y,US2CMP19,UGROBA,BSc,Computing (Robotics and Artificial Intelligence),3,2023/24,ST1A,Enrolment Block,2024-UGROAIXF-3-3-ST1A,,2023-UGROAIXF-3-3-ST1A,"Year=0 - Selections: 662085 in T1, 600100 in T2, 601089 in T2, 441190 in T12 - Electives: 40.00 available credits from 600091, 662004 in T12, 20.00 available credits from 661984, 662086 in T1",,,40,T2,Compulsory,6,600100,600100,Computer Vision,20,600100T2323,
UGROAIXF,3,Taught,,2022,,Y,US2CMP19,UGROBA,BSc,Computing (Robotics and Artificial Intelligence),3,2023/24,ST1A,Enrolment Block,2024-UGROAIXF-3-3-ST1A,,2023-UGROAIXF-3-3-ST1A,"Year=0 - Selections: 662085 in T1, 600100 in T2, 601089 in T2, 441190 in T12 - Electives: 40.00 available credits from 600091, 662004 in T12, 20.00 available credits from 661984, 662086 in T1",,,50,T2,Compulsory,6,601089,601089,Robotics and Automation,20,601089T22323,
UGROAIXF,3,Taught,,2022,,Y,US2CMP19,UGROBA,BSc,Computing (Robotics and Artificial Intelligence),3,2023/24,ST1A,Enrolment Block,2024-UGROAIXF-3-3-ST1A,,2023-UGROAIXF-3-3-ST1A,"Year=0 - Selections: 662085 in T1, 600100 in T2, 601089 in T2, 441190 in T12 - Electives: 40.00 available credits from 600091, 662004 in T12, 20.00 available credits from 661984, 662086 in T1",,,60,,Compulsory,4,441190,441190,,0,No matching MAP,
UX0131XF,1,Taught,,,,,UG1EXC16,UX0131,UG Exchange,Computer Science and Technology Exchange (Single Trimester),1,2023/24,ST1A,Enrolment Block,,No Online diet for this VCO/CBO,,,No 2023* diet for this VCO/CBO,,,,,,,,,,No matching MAP,
UX0131XF,1,Taught,,,,,UG1EXC16,UX0131,UG Exchange,Computer Science and Technology Exchange (Single Trimester),1,2023/24,ST2A,Enrolment Block,,No Online diet for this VCO/CBO,,,No 2023* diet for this VCO/CBO,,,,,,,,,,No matching MAP,
UX0133XF,1,Taught,,,,,UG1EXC16,UX0131,UG Exchange,Computer Science and Technology Exchange  (Full Year),1,2023/24,ST1A,Enrolment Block,,No Online diet for this VCO/CBO,,,No 2023* diet for this VCO/CBO,,,,,,,,,,No matching MAP,
